topic	sentiment	sentence
ROOM	negative	our room was very humid and loud which may relate to the structural set up of the hotel property
ROOM	positive	it is clean well kept with minimalist modern decor and the staff are extremely friendly and helpful
STAFF	positive	the best thing about the hotel is the honesty and integrity of the staff which have found lacking in some venetian hotels
FOOD	negative	weakness is the chicken in the salads
ROOM	negative	the room furnishings lacked the austere beauty been hoping for the room furnishings were quite plain and unremarkable
STAFF	positive	based on price hospitality and location would highly recommend this hotel my closest friends and not hesitate to stay there again
ROOM	positive	my room was spotless despite what some reviewers have written and while the bathroom was small the shower itself was roomy the hotel bath linens of very good quality and working iron and ironing board in the closet
FOOD	positive	the steak tartare is great bet they fix it for you at the table
FOOD	positive	the breakfast was also excellent with plenty of choice and fresh foods used
STAFF	positive	will never forget the great service received at this hotel with the staff exhibiting no condescension whatsover
ROOM	positive	we ended up staying nights from our room overlooking the golden gate
FOOD	positive	try their chef specials they are to die for
FOOD	negative	the stuff tilapia was horrid tasted like cardboard
FOOD	positive	it perfect place to have amazing indian food
STAFF	positive	we were upgraded and the room was very impressive
ROOM	positive	the room was comfortable clean and tastefully furnished with great attention to detail
ROOM	negative	like lot of other reviewers thought the room was small but in place like hong kong you shouldn be spending too much time there
ROOM	positive	all rooms are suites and even the smallest is great for two people or the business treaveler
FOOD	positive	guaranteed to be tasty experience
STAFF	positive	staff was courteous friendly definitely commendable
STAFF	negative	the property to get help with the bags to the missed wake up call to waiting for minutes for coctail server to approach our table in the lounge
ROOM	negative	most spanish hotels ve stayed in do not offer double beds this is no exception
STAFF	positive	the service was excellent and we were made to feel very welcome
STAFF	positive	the staff were very friendly and the location superb
STAFF	negative	when we finally were able to flag someone down it was someone entirely different from the person who had dropped off the food who was also not the same person who had taken our order
ROOM	negative	weird smell in roomsslow jerky
FOOD	positive	if you go try the marinara arrabiatta sauce the mozzarella en carozza is mmmmmmmm everything is just delicious
FOOD	negative	the soup for the udon was soy sauce and water
FOOD	negative	the only things could really taste are the very salty soy sauce even its low sodium the vinegar soaked rice and the scallion on top of the fish
STAFF	negative	she replied well it would be more convenient for us if you ordered now since you are larger party and it might get crowded
ROOM	negative	but this time had room that needed lots of work
FOOD	negative	breakfast is incredibly expensive and it鈥檚 better to go to one of the bakeries or cafes鈥 around
ROOM	positive	the rooms were well appointed and clean the bathrooms were nice size
STAFF	negative	she just nodded and walked off
STAFF	negative	this staff should be fired
ROOM	positive	everything is star the rooms the food the service etc
STAFF	negative	however when we explained to the problem with our room whistling pipe they were not willing to accommodate us at all
FOOD	positive	best italian food ever had and being italian that means alot
FOOD	positive	this dish is my favorite and always get it when go there and never get tired of it
STAFF	negative	guess what waited for twenty minutes before she came over and when she finally did she says oh well wish you would have said something earlier no apology nothing
STAFF	positive	we have been to this hotel twice now and on both occasions the service was exceptional and the food excellent
ROOM	negative	had my mobile phone stolen from my room during my stay
FOOD	positive	great cocktails and the food in the restaurant next door was great too
ROOM	negative	and it did not look very clean
FOOD	positive	the side of potatoes is to die for as is the labne yogurt dip
STAFF	negative	similar to another review we also experienced unfriendly and not trusting attitude from the owners demanding our credit card for security even if the stay was prepaid through expedia and it was also not the place for asking questions
ROOM	negative	however it is bit dated in places corridors and rooms however it is really in great location right overlooking union square right in the midst of it all and close to shops restaurants etc
FOOD	positive	we didn take the breakfast but heard from our friends that it was lovely
ROOM	negative	it was noisy outside even at night just shut the windows for quiet
STAFF	positive	service was friendly and welcoming
FOOD	positive	the lox is always fresh too
STAFF	positive	the service stands out as some of the best have experience the staff was very outgoing and knowledgeable with recommendations for meals
STAFF	negative	ca believe that it was but please put the bag down before delivering food
STAFF	negative	lexicographers take note new and fascinating definition of rudeness is alive and flourishing right here in brooklyn
FOOD	negative	had their eggs benedict for brunch which were the worst in my entire life tried removing the hollondaise sauce completely that was how failed it was
ROOM	negative	the room lacked maintenance on the furniture and in the bathrrom nothing was repared
ROOM	negative	paper thin walls
STAFF	positive	myself and my partner stayed here for long weekend from dublin the staff wee very helpful and friendly hotel itself
STAFF	negative	once seated it took about minutes to finally get the meal
STAFF	positive	good service and pool and gym area was bonus
STAFF	negative	we put out name down and although there were open tables we were told that it be minute wait
STAFF	positive	staff was cordial
STAFF	positive	the staff were also great really friendly and helpful
FOOD	positive	breakfast is well presented all tastes are catered for
FOOD	negative	my and both agreed the food was very mediocre especially considering the price
STAFF	positive	the staff seem extremely well trained and are very knowledgeable and friendly
STAFF	positive	christine was very helpfull and very patient with all the questions we had as the first time travelers to paris with absolutly no knowledge of french
FOOD	positive	eating out in barcelona can be pretty pricey so the huge buffet with savory and sweet choices cooked brekfast with tortillas eggs bacon etc is definitely worth it
STAFF	negative	the frizzy retro girl with winged dame edna glasses will yell at you if you try to order drink
STAFF	positive	hospitality is the word here starting with amie the person responsible for checking us in
ROOM	negative	the bed and room were small but wonderful and so quiet
FOOD	positive	the hotel has very nice restaurant
STAFF	negative	hotel opened up resources to outsiders on weekends so you spent your time waiting to be served or dodging children in pools
STAFF	positive	bad service
STAFF	positive	we were upgraded to one of the new apartments which was great and the staff were all friendly and helpful
FOOD	negative	the menu is very limited think we counted or entrees
ROOM	positive	the hotel room was fine rather small but ok
STAFF	positive	great customer service at the ramada
FOOD	negative	the food they serve is not comforting not appetizing and uncooked
ROOM	negative	the standard room is not so big but if you store your clothes in the closet and put your suitcases under the bed you really feel like home
FOOD	positive	best sushi in town
FOOD	negative	the last two times ordered from here my food was soo spicy that could barely eat it and the spice took away from the flavor of the dish
STAFF	negative	my only complaint is the high prices for room service and still per day charge for high speed internet
FOOD	negative	the breakfast was rather expensive euro so chose to get food outside
FOOD	negative	bar expensive and you are better off taking breakfast in local bar than the hotel euro buffet anyone
ROOM	positive	the decor was really modern and nice the hotel was clean and beds were confortable
STAFF	positive	every single employee seemed to go above beyond
ROOM	negative	white the room was bit small tight it was very well redone with an absolutely awesome view of the beach
ROOM	negative	hing special stayed in per night suite this weekend in sf and was very dissapointed
FOOD	negative	but that was the icing on the cake tiramisu that resembled nothing have ever had
ROOM	positive	great rooms great service and the humps that carried my luggage were little soldiers
ROOM	positive	the room was nice the beds are very comfortable and the staff was extremely friendly and helpful
STAFF	negative	the check in process wasn exactly seamless either
ROOM	negative	room had very musty smell and was damp
STAFF	positive	the staff was most helpful and available all the time to answer questions
STAFF	negative	told us to sit anywhere and when we sat he said the table was reserved
ROOM	positive	the lcd tv really make difference and the room design and the wet room style bathrooms are great
FOOD	positive	thius is must for anyone who loves shabu shabu
STAFF	positive	the staff was helpful and friendly and the hotel is really cool place to stay
STAFF	positive	excellent service location and room the hotel location can not be beat
STAFF	negative	we waited for an hour to be seated
ROOM	positive	we had rooms with balconies overlooking the beautiful fountain the cathedrals and the hillsides around town
FOOD	positive	green tea creme brulee gets better each time have it
ROOM	positive	clean and spacious room
ROOM	positive	room is clean with comfortable bed not big not reasonable and with ac
FOOD	positive	try the lobster teriyaki and the rose special roll
ROOM	positive	the rooms are incredibly large and for the price that we paid we felt that we got great bang for our buck
STAFF	negative	supercilious scorn is in
ROOM	negative	do not get room on the first floor room smelt of damp rubbish bed crap decor badly in need of complete overhaul from ceiling to floor
FOOD	positive	get the pepperoni yum and family style salad
ROOM	positive	checked us in early and room was great
ROOM	positive	the bathrooms at the soho metropolitan are so exactly the same that it little freaky
STAFF	positive	service was impeccable and the rooms are very lovely
ROOM	negative	the carpeting was stained there were holes and cracks all over the bathroom wall and there was large black mark in the tub
FOOD	negative	but there were none available only as an extra so had to pay euros extra on the euros all inclusive buffet breakfast watch out for the boozy brittish slags around the bar lounge they can be messy with their beer
STAFF	negative	ran out of towels at pool side not enough waiters at poolside rib eye steak for dinner poor waited min
FOOD	negative	we were very disappointed
STAFF	negative	ive asked cart attendant for lotus leaf wrapped rice and she replied back rice and just walked away
FOOD	negative	but when we looked at the menu there were lot of choices most of them were dumplings in the appetizer section
STAFF	negative	took forever to get our order taken water refills were too much to ask for and the only time she was fast was when we asked for our bill when we could get her attention
ROOM	negative	the room was small but clean and comfortable
ROOM	positive	the rooms very comfortable and clean
STAFF	negative	however it the service that leaves bad taste in my mouth
STAFF	negative	dirty hotel with sneaky stupid employees
STAFF	negative	the only beverage we did receive was water in dirty glasses
FOOD	negative	sauce was watery and the food did have much flavor
FOOD	positive	great selection of sakes
STAFF	negative	delivery can be spot on or lacking depending on the weather and the day of the week
FOOD	negative	we ordered the chicken casserole but what we got were few small pieces of chicken all dark meat and on the bone
ROOM	negative	my boyfriend and had the front room looking right out onto the street so have no idea if this is true for the rest of the hotel
ROOM	negative	the room is little bit small but the shower is great on the top you can enjoy the swiming pool when the weather is nice
ROOM	positive	the room was great with large bed decent bathroom and cheap mini bar
ROOM	positive	the beds had nice duvet covers and were comfortable
FOOD	negative	the all can eat sushi is definitely in very poor quality
STAFF	positive	great survice
ROOM	negative	is short list stains all over the carpet hairs and other dirt all over the bathroom ironboard and iron
ROOM	positive	our room was over looking the eiffel tower
STAFF	positive	appreciate their delivery too
STAFF	positive	not enough superlatives to describe the efficiency and friendliness even down to the maids
ROOM	positive	we stayed first of all in the boardroom suite then in the view suite with great views
STAFF	positive	the staff was very friendly and even brought our son gold fish to take care of during his stay
STAFF	positive	what an amazing place from the moment we pulled up we received excellent service
FOOD	positive	the food and drink on offer are both good value and of good standard
ROOM	negative	the only drawbacks which are no secret are that the rooms are small although very well arranged and the bathrooms are shared or at least mine was
STAFF	negative	mistakes happen but they are usually accompanied by an apology perhaps even glass of wine but not the grunt that we received from the al di la staff
STAFF	negative	the staff was rude the elevator was broke the room was disgusting and the ambiance was well ghetto
STAFF	positive	staff friendly and helpful service excellent
FOOD	positive	this place has great indian chinese food
STAFF	positive	the hosts at the hotel barbara and emmanuelle made our visit like staying with family
ROOM	negative	then started to worry about where was staying but it was all good the rooms are tired and bathrooms need renovating
STAFF	positive	the family that runs this hotel treats you like your are in their personal home
FOOD	negative	it is thick and slightly soggy
ROOM	negative	it feels as though you are in private house with gathering of old friendsthe hotel rooms are small so if you like oceans of space this hotel is not for you
STAFF	positive	the service rooms and food are first class and the location couldn be better
ROOM	negative	it is small rooms but we didn麓t mind
ROOM	negative	smelly rooms no hot choc but cool view
ROOM	positive	the rooms are modern and roomy by japanese standards
STAFF	negative	drawbacks service is slow and they do toast
FOOD	negative	and had to laugh at the cost of bowel of cornflakes delivered to my room for
STAFF	negative	it took hours to get response and to date no one has called me to report what actually happened that night
ROOM	negative	the bathrooms are filthy so if you stay here bring disinfectant with you
STAFF	negative	gentleman maybe the manager came to our table and without so much as smile or greeting asked for our order
STAFF	negative	as to my comment about the food no apology or acknowledgment was made
STAFF	negative	we waited over minutes for our drinks and over hours for our food
ROOM	negative	the rooms are pretty old but clean
STAFF	positive	the staff couldn have been more freindly and the buffett breakfast excellannt
FOOD	negative	the bar drinks were eh ok to say the least
ROOM	negative	clean but small rooms were clean bed was comfortable but very tiny and dated interiors
ROOM	positive	clean room with partial view of the sound adds to the value
ROOM	negative	the beds are bit lumpy and the walls need some paint
ROOM	negative	rooms aren huge but very cozy
STAFF	negative	stars with stars service
ROOM	positive	although it is literally right next to the airport we couldn hear any airport noise from our room which was nice
FOOD	positive	breakfast is very good and the light snacks in the roof bar are excellent plus the open terrace is great location to sit and have glass of wine and admire the view
FOOD	positive	tend to judge sushi restaurant by its sea urchin which was heavenly at sushi rose
ROOM	negative	my only complaints were thin walls you could hear chatter next door even when others were using speaking voices and one night were the neighbors liked to party late
ROOM	negative	some single rooms are small but only slept there
STAFF	negative	prefer to order it and pick it up though because do like the servers one young woman in particular
ROOM	positive	the rooms were larger than expected and great value for money
STAFF	positive	pleasantly surprised very close to airport staff kindly checked me in very early and after freshened up pointed me in the right direction to the main centre
FOOD	negative	only bread no choice in fruit juices etc
STAFF	positive	everyone was very friendly and courtious
ROOM	positive	second floor with nice balcony to the street
FOOD	negative	villa real hotel the breakfast was poor and the coffe was
FOOD	negative	but they were too big for the bun
ROOM	negative	stay away from the mini suite on the second floor at the corner of mason bay it one of the noisiest hotel rooms ve ever had the pleasure of being moved from
STAFF	negative	although we were told minutes and it was more like minutes
STAFF	positive	go out to eat and like my courses servers are patient and never rush courses or force another drink
ROOM	positive	the room was clean and the staff were helpful and overall an enjoyable stay
FOOD	positive	we ate in the restaurant and ordered room service both of which was great
ROOM	positive	and ended up in much better hotel in bavaro with view from my room overlooking the whole of bavaro bay view to die for
STAFF	negative	when we checked in we were informed that we would not receive what we reserved because we did not call to confirm
STAFF	positive	the receptionists also helped to locate traditional german food and everyone enjoyed the hospitality of our hosts
FOOD	negative	do get me started on the margaritas either
ROOM	positive	the bathroom was huge by italy standards and very updated
FOOD	negative	we ordered the special grilled branzino that was so infused with bone it was difficult to eat
FOOD	positive	ray suprisingly has the city best most diverse wine list
FOOD	positive	you must try the shrimp appetizers
STAFF	negative	the dishes came out around minutes apart
ROOM	negative	you will not get good night sleep here
ROOM	negative	rooms are small but clean and tasteful
ROOM	positive	the accommodations and amenities left nothing more to be desired except maybe an indoor pool but not big deal in my opinion
ROOM	negative	the room was small and facilities were basic
ROOM	positive	always comfortable stay small rooms but nice hotel
FOOD	negative	as had character breakfasts every morning that way you can gets lots of photos and avoid eating in the hotel for lunch and dinner had the buffet at the inventions restaurant one night which was awful go up to the disney village if you want to eat something decent for half the price there is planet hollywood and few other acceptable chains in the village good standard of room but od on the air freshner very comfy beds staff
STAFF	negative	after calling them so many times and speaking to the manager and the accountant and everyone else they still refuse to give me my money back
FOOD	positive	the cold appetizer dishes taste like the way remember them to taste when was growing up in taiwan
FOOD	positive	yummy
ROOM	negative	got room overlooking just that
STAFF	negative	oh forgot to mention that they do have bread service
ROOM	negative	when we got back somebody had broken into our room and had stolen our camera phone mp player among other things
STAFF	negative	the waitress moved our table practically into the bathroom and when we asked to cancel our dinner orders because we did not want to eat sitting on the toilet we were told no
FOOD	positive	the food in all the restuarants was great and always clean and set out very nice
ROOM	negative	our only minor complaint was that we could hear the noise in the hallway when our neighbors came in and out of their room and when the housekeeper vacuumed relatively early ish in the morning
FOOD	positive	the have great cocktail with citrus vodka and lemon and lime juice and mint leaves that is to die for
STAFF	negative	visited the concierge only to have this man rudely point me to the reception desk with this impossibly long line of people checking in
ROOM	positive	we were given corner room after small mix up with our reservation which was sorted out fairly quickly on the th floor with brilliant view of the river
STAFF	positive	the service is wonderful
STAFF	negative	the only negative points about the hotel were the staff looked down on us little not mid forties with beard and no tea coffee facilities in the room free tea coffee chocolate in lounge with large selection of fruit for free only minor points but will be staying there again in september
STAFF	negative	we asked for sides which the waiter than admitted that he forgot to put in that part of our order
FOOD	positive	had the kafta plate and enjoyed it
STAFF	negative	upstairs concierge do not say hello used the speaker phone to talk to the returns department at macy spare me
FOOD	positive	but for the shabu shabu you wo find much better in ny
ROOM	negative	rooms were little small with small beds and small bathroom
FOOD	negative	dessert pure disaster
FOOD	positive	the rolls are creative and have yet to find another sushi place that serves up more inventive yet delicious japanese food
ROOM	negative	the rooms are not clean and need to be renovated
FOOD	negative	would not recommend breakfast though
ROOM	negative	only one negative to report the new paint fumes in the hotel rooms on our last night
ROOM	positive	just everything you need perfect room friendly staff bathroabs and sleepers in your room nice linen and very comfortable beds
STAFF	negative	they refuse to seat parties of or more on weekends
ROOM	positive	we decided to spend about more per night but our room was spectacular while theirs was average or below
STAFF	positive	the staff were all fantastic and very friendly
ROOM	negative	there was no handle on the shower wall to assist getting in and out of the tub shower which was quite high
ROOM	negative	the only low point are the beds the matress are bit on the hard side
ROOM	negative	due to the tiled floors the noise from corridors did tend to echo in our room however this was not particular problem that would put us off returning to the hotel in the future
ROOM	negative	pricey so so location and small rooms
ROOM	negative	the rooms were tiny though
ROOM	positive	the room was very comfortable with great shower dual shower heads
ROOM	positive	rooms were clean and good size
ROOM	negative	the room was small and functional but very clean
FOOD	positive	the martinis are amazing and very fairly priced
STAFF	negative	the manager continually interrupted with is there anything else can do for you strange comment because she had hardly listened let alone responded to our expression of disappointment at our experience
STAFF	negative	and then the driver asked us to lift the luggage because it might be too heavy for his back
FOOD	negative	they were dry and disgusting did even finish my first piece
STAFF	negative	horrendous customer service overall stay was just okay but was tainted by management unwillingness to honor their own quoted written and confirmed total cost
FOOD	positive	and you must have glass of the fresh squeezed orange juice in the morning
STAFF	negative	no attempts were madeby the hotel to fix the situatuion
FOOD	negative	the workers there also absolutely load the bagel with cream cheese gets little messy
FOOD	positive	not chewy at all
STAFF	positive	the staff was friendly and tried to accommodate but they said there weren any rooms that were designated for just people
FOOD	positive	try the pad thai or sample anything on the appetizer menu they re all delicious
FOOD	positive	very good breakfast and the one evening meal we had
STAFF	positive	great service
FOOD	positive	they also have nice breakfast
STAFF	positive	the staff was wonderful
STAFF	positive	everyone including the desk clerk concierge door man and housekeeping staff were friendly as well as helpful
STAFF	positive	everyone was so friendly at this hotel
STAFF	negative	customer service was lousy
STAFF	negative	they keep saying that is done and that it should be on my bank account any second
FOOD	positive	also they serve the best hummus in america with drizzle of fragrant olive oil which believe is the traditional way
ROOM	positive	my single room which referred to as the princess room since you went up flights of stairs to enter the sleeping bath area after you came in the door had no view but was so delightfully quiet that happily accepted the trade off
STAFF	negative	they were very abrupt with me when called and actually claimed the food was late because they were out of rice
STAFF	positive	the staff was very friendly helpful and professional and the location of the hotel was superb
ROOM	positive	if possible ask for one of the rooms that overlooks the plaza las delicias
ROOM	positive	our room was clean spacious and we enjoyed magnificent view which was perfect at sunset
ROOM	positive	the rooms are very comfortable and the bathrooms are modern and well equipped
ROOM	negative	when we got to our room the door was wide open our room key didn work so we had to reactivate it every time we wanted to get back in the floors were dirty we didn have enough beds to accodomate the girls our window was broken with degree hot air seeping in no curtains to shade the room and our bathroom light was broken
FOOD	positive	great original taste
ROOM	negative	the room was small but clean and comfortable with good range of toiletries etc
STAFF	negative	told callers that checked in guest was not there turned away deliveries
ROOM	positive	the room had hard wood floors and was clean and cosy
FOOD	negative	nothing really came across as outstanding
STAFF	negative	here staff are rude and nonchalant rooms are like prison cells cold and full of strange odours food is limited and extremely over priced trying to get cab to airport is virtually impossible and to be frank
STAFF	negative	unfriendly staff except the shop keeper who very helpful special mention to the manager who is especially rude and unhelpful to his guests
FOOD	positive	continental breakfast is fantastic again all staff very helpful and know everything about the surrounding area
FOOD	positive	bottles of wine are cheap and good
FOOD	positive	the meals are fantastic especially the buffet breakfasts
ROOM	negative	bad to be true stayed night on january first we were assigned room that had not been cleaned at in the afternoon we were given another room but this one had no water this resolved we had no hot water we were told by other guests that this problem was days old
FOOD	positive	awsome pizza especially the margheritta slice
ROOM	positive	we had very nice clean room with plenty of towels for our family of four
STAFF	positive	staff were friendly facilities were great the motel was modern and clean and my room was spacious clean modern with everything could possibly need
ROOM	positive	after reading the previous reviews was actually prepared for small closet room but the bedroom was pleasantly spacious and definitely one of the bigger ones ve seen in europe
STAFF	positive	you can get table without reservation if you get there early they do make you by bottles
FOOD	positive	breakfast god with person only to make the juice you wa
FOOD	negative	the principal buffet and the snack at the pool were not very good but all the other restaurant was ok
STAFF	positive	very simply it was lovely concierge helpful and friendlyfront desk friendly and efficientroom absolutely lovely particularly the shower and spotlessly clean
STAFF	negative	at we went to the lounge area and the receptionist practicly kiked us away closing the tv and telling us we could not stay there
ROOM	positive	we had room facing the back from which we could open our windows to overlook the picturesque florentine rooftops and an overwhelming view of the duomo itself
STAFF	positive	the waitstaffs are nice though
ROOM	positive	we stayed here for nights and found the room comfortable and good size
ROOM	positive	the room homey with its creaks and squeeks and leaks had fridge and stove
STAFF	positive	it was so pretty and quiet the staff always smiling and happy to help
FOOD	negative	pizza was little soggy
FOOD	negative	the sushi was awful
FOOD	positive	the combination of super fresh ingredients in the dishes are unusual but really delicious
STAFF	positive	great parisienne decor and wonderfully attentive staff
STAFF	positive	only stayed one night but were treated with the utmost courtesy and friendliness by the staff
STAFF	positive	the staff and rooms were great
FOOD	positive	ingredients are organic which is real plus for me
STAFF	negative	we there were four of us arrived at noon the place was empty and the staff acted like we were imposing on them and they were very rude
FOOD	positive	the spinach is fresh definately not frozen
STAFF	positive	the staff was excellent very friendly and helpful
STAFF	negative	there is downside if you re ordering in the delivery guys have major attitude
FOOD	negative	the food was horrible deteriorating rooms with lot of mosquitos and few cockroachs rout towels at bathroom
STAFF	negative	my major concern was the way in which the hotel handled this the first question they asked was should we call the police
ROOM	negative	the rooms are quite small the bathroom especially but otherwise decent place to stay for few days
STAFF	negative	they wouldnt even let me finish my glass of wine before offering another
FOOD	positive	we enjoyed the coffee tea in the morning and the evening wine reception with piano and massage was such treat after long day of business
ROOM	negative	the room that stayed in was horribly small
STAFF	positive	front desk was great had to check out very early so when called for wake up call the operate ordered cab for me to arrive at certain time and they packed breakfast for me because miss the free breakfast
STAFF	negative	would not reccomend this hotel because of the snooty attitute of quite few of the staff which made it very uncomfortable it was not hotel to relax in just one to be seen in if you were of certain age and dressed in certain manner
ROOM	positive	room was spacious and clean staff were very helpful and friendly
STAFF	negative	harming personal service at hotel casci
ROOM	negative	the rooms are on the shabby side old paint outdated upholstery chipped furniture
FOOD	negative	was going to share but feel obligated while sitting at the sushi bar dining we watched the chef accidentally drop piece of unagi on the floor and upon retrieving it from the floor proceed to use the piece in the delivery order he was preparing
STAFF	negative	best measure of lack of customer service was the filthy window which we reported immediately on check in hand marks and writing on internal window
STAFF	negative	we seem to have lucked out though and got far superior room to the one we had before or they ve just decorated and the staff couldn have been more friendly and helpful
FOOD	negative	the mussles were the fishiest things ve ever tasted the seabass was bland the goat cheese salad was missing the goat cheese the penne chicken had bones in it it was disgusting
FOOD	negative	we thought the dessert would be better wrong
FOOD	positive	personal pans are the perfect size for those hungry nights
STAFF	positive	the staff especially rory at the front desk and oj were great
FOOD	negative	the pizza is overpriced and soggy
ROOM	negative	the rooms are little worn
FOOD	negative	tiny dessert was just plain overpriced for what it is
ROOM	negative	walls are very thin
STAFF	positive	chantal the manager was delightful and the staff was so attentive
ROOM	negative	apart from the trouble with the rooms the location was fantastic only quick walk to union square and the staff were polite and helpful
STAFF	negative	the big complaint no toasting available
STAFF	positive	we were worried we would have trouble getting in but somehow managed to have short wait
ROOM	negative	my only complaint was that the bathroom was little cramped for space
STAFF	negative	so rushing us out was absolutely unnecessary
STAFF	positive	love the employees and the food
STAFF	negative	his two traveling companions had their passports they could not get into their room until he arrived in the evening
FOOD	negative	breakfast maybe not interesting just donats and crossaints but wake up coffee is there and free covered parking can allowed to forget about breakfast
ROOM	negative	although the rooms were bit tiny as are all tokyo hotel rooms was told they were very clean
ROOM	positive	rooms were excellent service friendly pools beautiful
ROOM	negative	after requesting room change again was given another average room by front desk staff who seem reluctant to help
STAFF	positive	the employees were very helpful very accomodating
FOOD	positive	the people from the restaurant did much more than their best good food
STAFF	negative	shame on this place for the horrible rude staff and non existent customer service
ROOM	positive	the room was clean service was okay but can get over how comfortable the bed was
ROOM	negative	the bedrooms let the hotel down there is obviously variety of bedrooms
STAFF	positive	were extremely helpful from the concierge to the bell boys
ROOM	negative	bathrooms also are old and leaky
STAFF	positive	the most exceptional points were the customer staff the person that met us ms lynett professional kind and extreamly helpful
STAFF	positive	from the moment we checked in the staff was very accomodating and nice
ROOM	positive	however the rooms are clean and the parking is free
STAFF	negative	such disappointment
ROOM	positive	room was lovely and quite large with king bed and ultra comfortable mattress
STAFF	positive	the service is impeccable and the location is the best for us who want to be close to ginza and train station which are few minutes walk from the hotel
ROOM	negative	bathroom small and disappointing
STAFF	positive	the service was wonderful
STAFF	positive	service is very nice views are amazing
ROOM	negative	the door between rooms was not sound proofed and tv in the adjoining room was turned up all the way
ROOM	negative	the room we stayed in was little on the small side
FOOD	positive	the salads are delicious both refreshing and very spicy
FOOD	negative	bar food expensive and not very good
FOOD	negative	honestly the worst sushi my husband and had in our entire lives
ROOM	negative	the bathroom was old fashioned conditioned and the room seems like you were on the 麓s
STAFF	positive	the service we received from the entire staff was very friendly and the best customer service any of us had ever experienced
ROOM	negative	our room at the back overlooking the terrace was quite small but functional and although you could hear noise from other rooms there was no outside noise at all
FOOD	negative	okay do mind the oily part cause most are cooked that way but it was way too bland
ROOM	negative	room typical smallish european but we didn go to berlin to stay in the hotel
STAFF	positive	in january the staff was very nice and the hotel was great
FOOD	positive	the breakfast including hard boiled eggs various cereals and fresh batter with waffle maker was delicious
FOOD	negative	unhygienic
FOOD	positive	if you are looking for good quality cheap eats this is the place
ROOM	positive	found the hootel to be spotlessly clean convenient for the underground and most of the sites the staff were very friendly and all spoke good english
ROOM	negative	the rooms were not cheap but if you reserve online beforehand you can get some good deals
STAFF	negative	the service is awful
FOOD	positive	the house special roll is really good
FOOD	negative	so switch with my boyfriend again to see if maybe could stomach the meat and spinach again but the spinach was so undercooked that just could not bite through it
ROOM	negative	get room off the front of the hotel and higher up toaviod street noise
FOOD	positive	have frequented ino for several years and the food remains excellent
ROOM	negative	the noise from the elevator was bit annoying at first we were right next to the elevator
FOOD	negative	they serve it in tall skinny hour glass shaped glass to disguise the fact that you getting small juice at the price of half gallon in supermarket
ROOM	positive	the room beds was large with kitchenette which is very convenient for storing and heating up food there an oven range microwave sink and fridge with dishes and utensils provided
STAFF	positive	felt as though was the most important person there
STAFF	negative	after dinner the manager grabbed my boyfriend asked him where are you from maybe you dont know how things work in america and in the end stormed away almost teareyed yelling that tips are the only thing they survive on
ROOM	negative	rooms facing the street slightly noisy in the morning rush
ROOM	positive	the room was modern clean sound proofed and great for multi night stay in madrid
FOOD	positive	good breakfast
STAFF	positive	down stanley st and friendly staff
FOOD	positive	and there is much tasty food all of it fresh and continually refilled
ROOM	positive	the rooms are very very specious and well designed the bed is
FOOD	negative	the food was bland oily
ROOM	negative	rooms are small but clean
FOOD	positive	the open sesame combo plate is bargain for the heap of food given
ROOM	negative	only problem was bedr had no living room and no full kitchen
STAFF	positive	the staff were helpful and the hotel was great as base to explore the city
STAFF	positive	very helpful and friendly
FOOD	positive	everything and mean everything on the menu is delectable
ROOM	negative	but the rooms facing the interior of the giant atrium are noisy well into the night as the conventioneers cut loose on the company dime
ROOM	positive	kitchenette useful
STAFF	positive	staff was very friendly and helpful from replacing our mini bar when the key broke off in it to addressing plumbing issue with tempermental toliet to securing our bags after checking out while we toured the city on our last day in town to arranging for our shuttle ride to the airport
ROOM	negative	was assigned room which was located directly next to the elevator shaft
STAFF	positive	the initial receptionist was very pleasant and checked us in without any problems as everything was in order with the room number already printed on the reservation slip at the front desk
ROOM	positive	you see the ocean from every room the butler was great and whilst the staff were not the most efficent in the world their efforts and kindness make up for it
STAFF	negative	the operator who picks up the phone at the general number gave me the wrong fax number
ROOM	positive	the one bedroom suite is fabulous and great for the money
STAFF	negative	the hostess was rude and got distinct feeling that they did not want to serve us
ROOM	negative	very noise room
STAFF	positive	service is excellent beds are extremely comfortable and rooms are well decorated and clean
STAFF	negative	the service is the restaurant is terrible
ROOM	negative	it was impossible to get any sleep throughout the night due to the loud noise from two elevators moving up and down
ROOM	positive	the beds are very comfortable and the rooms are large
STAFF	positive	the service was courteous and attentive
STAFF	positive	but they do
ROOM	positive	we were given room at the nd floor of the imperial tower with the view of ginza
FOOD	positive	fantastic meals and very nice spa
ROOM	positive	room excellent staff excellent facilities excellent restaurant bar excellent reasonably priced shuttle to airport excellent
ROOM	positive	very modern decor which was refreshing
ROOM	positive	one night we opened the door to our tiny but delightful balcony and fell asleep to the sounds of the city
ROOM	positive	rooms great some have only showers slow elevator but who cares more time to visit
STAFF	positive	and most of all the staff was thoroughly accomodating and helpful
STAFF	negative	shame on them for being in the service industry
FOOD	positive	great breakfast
STAFF	negative	we had business guests with written reservations well in advance two were bumped out of the hotel we were treated rudely pulled our corporate account
STAFF	positive	it surprised me with the great service and kindness of the staff
FOOD	positive	food was good as was the famous hilton breakfast
ROOM	positive	clean rooms but small
FOOD	positive	it was very relaxing good buffet breakfast included and so close to everything
ROOM	positive	clean rooms nice breakfast in the morning
STAFF	positive	when we were their in the food service poeple were great
STAFF	positive	the service was attentive the rooms and grounds breathtaking
FOOD	positive	breakfast buffet was good though not as outstanding as the rooms
STAFF	negative	complained that this did not constitute an ocean view in my mind but the hotel staff told me that is how the room is classified and refused to move us
STAFF	negative	finally my wife stood face to face in front of one of the staff and she asked are you waiting for table
FOOD	negative	skip the pricey breakfast and walk to nearby shop instead
STAFF	negative	we put in our order and although we ordered appetizers the food did arrive until minutes later with our main course
STAFF	negative	bad staff
ROOM	negative	that said those minor flaws as in other hotels rooms vary in quality from tired and jaded to newly refurbished with tuscan pain effects so negotiate for the better ones
FOOD	negative	but it was over priced and the food wasn great
STAFF	positive	staff were efficient breakfast in the morning was good and transfer to airport was on time despite being chargeable which is not what was advertised
STAFF	negative	can complain about the service level definetely not the best we have received but by no means bad
STAFF	negative	even after they overcharged me the last time was there
ROOM	positive	will not knock your socks off but it covers the basicbases handily with pleasant clean room and few pleasing extras like bath and body works toiletries second magnifying mirror in the bathroom etc
STAFF	negative	there another girl who ca describe she is about with brown hair who eavesdrops on your conversation and chimes in except she only hears the last part of what you said so her uninvited opinions are often out of context and nothing to do with what you re really talking about
FOOD	positive	would recommend having breakfast in the gardens of the rodin museum
ROOM	positive	clean spaious rooms just wish the rates were cheaper there is only one restaurant in the hotel and its not the greatest but its ok
FOOD	positive	the food was great the rooms were good and the staff were amazing
FOOD	positive	specially prepared breakfast was even more amazing
ROOM	positive	the decor in the room fluffy towels above average bathroom accessories and fridge bottled water is everything you need
STAFF	positive	treated like royalty and they were extremely kind to my yr old boy
STAFF	positive	staff was pleasant and very knowledgable about surrounding area and history
STAFF	positive	from the moment we arrived every member of staff we came into contact with was friendly and helpful and made us feel very welcome
STAFF	negative	when the bill came he only took the discount off the food and not the drinks
STAFF	positive	the staff was super friendly food just fine beach was wonderful and plenty to do and drink
FOOD	positive	good eats
STAFF	negative	both times was extremely dissappointed by the service which was boarderline rude
STAFF	positive	good room service great breakfast restaurant
ROOM	positive	the room we stayed in executive was very nice
FOOD	negative	but for each small piece
STAFF	negative	the staff could be somewhat more polite and helpful at least in opinion of someone used to european standards
STAFF	positive	wonderful staff but little tired looking
FOOD	negative	the lobster knuckles special of the day were ok but pretty tasteless
ROOM	negative	the bed was for someone aged or under and the views of concrete wall were awful
STAFF	positive	everyone was more then happy with his choices
FOOD	negative	took one bite from the salmon and have never in the years have been going to restaurants tasted salmon as fishy as dry and as bland as the one in flatbush farms
ROOM	positive	big rooms near the night life attractions weber hotel is good surprise
STAFF	negative	none was made so hung up
STAFF	positive	the staff at the hotel were simply superb mendrin pardi and augustini were the highlights providing service with smile
FOOD	negative	my chicken was inedible as there were so many fatty lumps which had to keep spitting out into my napkin
STAFF	positive	but staff always very friendly and attentive
STAFF	positive	my second home was welcomed again very friendly and warm
STAFF	negative	friendly person so would mind had she not been so nasty and gotten so personal
ROOM	positive	rooms are excellent well appointed and descent size pure luxury
FOOD	positive	the food was excellent
FOOD	negative	they were such rip off for four small meat patties in steamed buns and not worth trying
STAFF	positive	an excellent service
STAFF	negative	was here few weeks back and we had the worst customer service experience at restaurant ever
STAFF	positive	special thanks to kelly for all her help
ROOM	negative	the only thing would improve is room size though
STAFF	positive	check out was quick also and staff again really warm again
ROOM	positive	room was very comfortable and good size
STAFF	positive	service was very prompt but slightly rushed
STAFF	negative	our waiter was non existent and after our food finally arrived over an hour after we ordered we were not given any water or utensils
STAFF	negative	what really irritated me was when checked my credit card they had charged me an additional us for late checkout without any notification had used their express checkout service and left the room by am
FOOD	positive	the breakfast was amazing included range of cheeses bread meats and sweet pastries plus the much needed expressos bar and lounge area
ROOM	positive	we had wonderful large room on th floor which had balcony and view which was just what we asked for
STAFF	negative	delivery guy sometimes get upset if you do tip more than
ROOM	negative	we were in bridge to bridge view room expensive but we didn feel pampered or special while staying at the hotel in any way
STAFF	negative	but had assumed that there would be some sort of room service or some facitilites to make tea coffee in your room
STAFF	negative	nobody at this restaurant will give firm answers about anything and in the end not one person takes responsibility for anything
FOOD	positive	the exotic food is beautifully presented and is delight in delicious combinations
STAFF	negative	rporate travel agent point of view front desk staffs very unresponsive to corporate clients
STAFF	positive	the staff are friendly and helpful
STAFF	negative	after sitting there with my empty glass for over minutes left
FOOD	positive	very good breakfast
ROOM	negative	the bathroom was the smallest have ever seen and had loft suite and for the price other hotels offer more no flat screen tv ineffective air con
STAFF	positive	had harbour view room for nights and the standard of the room and more importantly the standard of the service were exceptional
STAFF	negative	this guy refused to seat her and she left followed shortly by the four of us but not before told him that in my years of world travel including paris that had never seen such display of bad behavior by frontman in restaurant
ROOM	negative	it not to clean and rooms are small typical down town european
STAFF	negative	the waitress seems to be more concerned of looking good than actually waitressing
ROOM	positive	very clean
ROOM	negative	they are couple of things that others have mentioned which are also true thin walls felt like someone else was in the room
STAFF	positive	the service from the bell staff was equally terrific
ROOM	positive	comfortable room fantastic marble bathroom and superb view
ROOM	negative	somewhat small rooms but hey
STAFF	negative	the only thing that my friend left out is that when we sat down at the bar the bartender disappeared
ROOM	positive	large room with great view
STAFF	negative	immediately after we paid the waiter took the money and said okay you guys are outta here
STAFF	positive	the staff is wonderful friendly and will help you as much as possible
ROOM	positive	room was lovely clean fresh and well presented
FOOD	positive	and they give good quantity for the price
FOOD	positive	be sure to try the oyster roll
STAFF	positive	the staff are very friendly and helpful
STAFF	positive	the staff from arrival until we left days later were attentive knowledgable and helpful
ROOM	negative	allot off noise from the pipe in the room
FOOD	positive	liked the full breakfast that came with the room
STAFF	negative	coffee takes mins to arrive
STAFF	negative	there have been several occasions when we ve just not gotten some side dishes we ve ordered
ROOM	positive	lovely rooms we upgraded to the corner room which had lovely view and lovely room
STAFF	positive	great atmosphere service
STAFF	negative	she promised to speak to the waitress who had flown off in rage but we could hardly take her promise seriously seeing as she had bothered to get the waitresses name
FOOD	negative	the food now is inconsistent
ROOM	negative	we looked out over the roof air conditioners on the fifth floor say you prefer not to have room
STAFF	negative	the three of us standing in front of her should have been an indication of how many of us there were
FOOD	negative	only complaint is the breakfast needs more protein offerings
STAFF	negative	what may be interesting to most is the worst sevice attitude comes from the owners of this establishment
STAFF	positive	staff were very friendly and helpful
ROOM	positive	rooms are clean but small and include all amenities
FOOD	negative	also they were each
STAFF	positive	checked in at midnight on new year eve as part of layover and desk staff
FOOD	negative	ca remember the last time had such gross food in new york
FOOD	negative	not impressed with the food
ROOM	negative	the glasses and cups we used in the room were not changed by the cleaning lady just wiped off
STAFF	negative	when arrived to the hotel hours later they told me that they had no free rooms since the day before
ROOM	positive	the rooms were incredible
FOOD	negative	rejected it because in the process of attempting to fix the eggs they broke something else in the dish and was too frustrated to continue
ROOM	negative	room inadaquate
STAFF	negative	from the minute checked in with the snippy kid at the fornt desk to the fifty five minute wait for room service
FOOD	negative	drinks way over priced
FOOD	positive	yakitori bbq meats is tasty too
STAFF	negative	could ignore the fact that she reach over the plate of one of my friends who was in mid bite to clear the table
FOOD	positive	should have just asked for the check when saw that but their menu was so unique that continued
STAFF	negative	management should really take notice and train their waitstaff and teach them some proper manners
FOOD	positive	the chana masala garbanzo beans are also excellent
STAFF	negative	also waiters try to push more food on you like suggest things as if they are complimentary when they actually cost
ROOM	positive	the rooms were elegant ant everthing clean
FOOD	negative	believe there were shrimp in the salt encrusted shrimp appetizer
STAFF	positive	ritz carlton true star delivered true star service in star accomodation
ROOM	positive	we got really nice recently refurbished twin room for only euro booked direct on the hotels website however rather large negative
FOOD	negative	the nakgi bokum was horrible
STAFF	positive	the bus boy even spotted that my table was shaking stabilized it for me
FOOD	positive	this place has the best chinese style bbq ribs in the city
ROOM	positive	loved the room
ROOM	negative	room was tiny deco was average cleaning was it is minimum levels
STAFF	negative	service is not what you are coming here for
FOOD	positive	the sake menu should not be overlooked
FOOD	negative	the sauce tasted more like chinese fast food than decent korean
FOOD	positive	love dungeness crabs and at ray you can get them served in about different ways
FOOD	negative	breakfasts are also quite expensive but we chose to eat meteres up the road at marios all inclusive for around fiver and very nice allbeit not as grand as the sofitel
FOOD	negative	the lemon chicken tasted like sticky sweet donuts and the honey walnut prawns the few they actually give you were not good
ROOM	negative	but the rooms can be very damp and musty and ve stayed in this hotel on about separate occasions now
FOOD	negative	it just was thai
STAFF	negative	telling the front desk attendant about the ants she seem unconcerned and was suprised this was an issue
STAFF	negative	barcelona is big city with big city problems but the treatment of the staff and proximity of the hotel to unsavory areas of barcelona mean that this hotel should be avoided
STAFF	negative	should check up on us more frequently do you think
STAFF	positive	friendly staff
ROOM	negative	we stayed for three nights in total it may be bit small for people on longer stay week as mentioned in other reviews it have more of bb feel than hotel feel so if you are looking for somewhere more like hotel then would look elsewhere
FOOD	negative	my mouth felt very dry afterwards and had that signature msg taste lingering in my throat after left the restaurant
STAFF	positive	the only thing better was the hotel staff
STAFF	positive	the staff offers impeccable service
ROOM	negative	had classic room which was small and no view might have been disappointed if had been staying longer but for quick stopover it was fine
ROOM	negative	the rooms are small and outdated
FOOD	positive	peppers onions relish chilli cheeses you name it
STAFF	positive	the staff was great the room was spacious by ny standards and the bed was very very comfortable
STAFF	positive	what valuables we did have passports cash etc was stored in the reception safe and always available
STAFF	negative	we did tip guess the model waitress just wanted more and complained to the manager
ROOM	positive	the rooms are beautiful and the hotel is close to all of the hot spots in new orleans
STAFF	positive	my service was stellar
ROOM	positive	great room
FOOD	positive	mmmmmmmmmmmmmmm so delicious
STAFF	negative	the consierge sent me to so so sushi place called san raku and then to an awful chinese place called oriental pearl
STAFF	negative	would strongly suggest you stay somewhere else where they treat you with respectful service
FOOD	positive	the breakfasts were delicious and the happy hour of complimentary wine juice and snacks were brilliant
FOOD	positive	the lobster sandwich is good and the spaghetti with scallops and shrimp is great
STAFF	positive	we are always surprised at how good the service is and how clean stylish chic the rooms are
ROOM	negative	actually found condom under the bed
FOOD	positive	mioposto has very creative delicious pizza menu
FOOD	positive	also have great margaritas
FOOD	positive	in the morning we received complementary breakfast which was great and it set us up for the day
ROOM	negative	upon arrival we had to pay cash before entering the room then we found on one bed dirty linen that had to be changed
ROOM	negative	my room was facing the rear street and it was rather noisy early in the mornings
FOOD	negative	too bad the food was of the same heritage
STAFF	positive	complimentary hot drinks arrived at the room each morning too
ROOM	negative	the room may have been cleaned before we got there but it was so old that you couldn tell for sure
STAFF	negative	in other words if they are making off of you then you do rate high on their service scale
STAFF	positive	let me start by saying that the couple that run the hotel are charming helpful and welcoming
FOOD	positive	the main entree was also very good
ROOM	negative	little small but we didnt spend much time there anyway
FOOD	positive	got an excellent piece of cheesecake and we had several other nice pastries
STAFF	negative	the staff were very unhelpful and proceeded to charge for the room but refused to let us stay despite proof of id
ROOM	positive	the rooms were delightful and we loved the evening wine tasting
FOOD	positive	good food my favorite is the seafood spaghetti
STAFF	negative	although they said the next day we could move rooms they changed their minds after we had spent mins packing all our things away in the morning which was rather annoying
FOOD	negative	have been here spent tons of money on chef special dinner and it was major dissappointment
ROOM	positive	the rooms were very clean and bit larger than we expected
ROOM	negative	felt sufforcated and the room was not clean we stayed
FOOD	positive	creative consistent fresh
STAFF	positive	exceptionally helpful staff
FOOD	negative	the food was lousy too sweet or too salty and the portions tiny
FOOD	negative	my chow fun and chow see was really bland and oily
STAFF	negative	we arrived late to check in at the hotel just before midnight yet our room still was not ready for us
STAFF	negative	they are not helpful in the least and will give you the grand run around so by the time the event date rolls around you will not only regret chosing this place but also become hostile
STAFF	negative	we booked three hotel rooms two double beds
STAFF	negative	although agreed to pay their cancellation fee my credit card was charged for no services rendered
ROOM	positive	these are located on the corners of the building so the room has huge floor to ceiling windows on two sides also extending into the bathroom the room was huge complete with ipod docking station huge flat screen tv and massive bathroom with walk in double shower at one end
ROOM	negative	and whilst knew that the rooms can be shabby due to the location and an excellent deal at per night inl breakfast
STAFF	negative	the waitress was not attentive at all
STAFF	positive	yes it may not look like your average star hotel but the staff were friendly and helpful and the location was perfect
STAFF	negative	they will not apologize or offer any remedy for you concerns
FOOD	negative	not enough wines by the glass either
ROOM	positive	room was ok but wardrobe door was loose and faulty
FOOD	positive	great sushi experience
FOOD	positive	highly recommend this place to all that want to try indain food for the first time
STAFF	negative	we were then shooed inside
ROOM	negative	we got that little room no for usd per night on the second floor
FOOD	negative	the food was not fresh the sauces were bland and very oily
FOOD	positive	try the chef choice for sushi as the smoked yellowtail was incredible and the rolls were also tasty
ROOM	positive	rooms are clean
STAFF	negative	the real problem had with this place was the complete lack of service
STAFF	positive	you get treated like royalty
STAFF	positive	very friendly helpful staff
STAFF	positive	truly the mark of an attentive waiter
ROOM	positive	this place is dream we had great spacious room
ROOM	positive	when our flight was delayed and we arrived at the hostal at am we were welcomed in and shown to our room which was exactly as stated on their website
FOOD	negative	the pancakes should be larger at least to justify the expense even with the unique offerings
STAFF	negative	all ended well but customer service was amazingly bad
ROOM	negative	my only criticism is that the rooms are little small and you can find yourself falling over your bags
STAFF	negative	was shocked that my friends wanted to stay after the waitress said can help you and how many are in your party
ROOM	negative	also when you stay in room you think at night that someone is breaking into your room but it just your neighbor that is entering his her room
FOOD	negative	not much of selection of bottled beer either we went with brahma
STAFF	positive	before going we emailed the hotel directly to ask for room with view and we most definitely got one
ROOM	negative	furthermore facing the street and canal you are assured of sleepless nights from all the party goers at nearby rembrandtplein
FOOD	positive	noodles with shrimp and chicken and coconut juice is the must
FOOD	negative	it was served with skin over bed of extremely undercooked spinach and mashed potatoes
STAFF	positive	however they do take your cellphone numbers so that you can go hang out somewhere else till they call you up on your cellphone
STAFF	positive	the exception was the valets who were consistently doing great job
FOOD	negative	this restaurant is vegetarian there are no meat dishes whatsoever
FOOD	positive	continental breakfast was also included at that price
STAFF	negative	on the way out we heard of other guests complaining about similar issues
ROOM	negative	the room was disappointing
STAFF	negative	we left without ever getting service
ROOM	positive	booked an executive double double and it was nicely renovated and felt fresh
ROOM	positive	we stayed in wonderful bedroom suite we had decided to treat ourselves and it was well worth the extra money the rooms are huge
STAFF	negative	we made complaint but as there were no managers and it was not the receptionists fault
FOOD	positive	reliable fresh sushi
ROOM	positive	the views from the room of the east side where great the kids loved it
FOOD	negative	also because it is so thin it gets cold very quickly and its not that filling
FOOD	positive	here the hot dog is elevated to the level of real entree with numerous variations available
ROOM	negative	tiny room with many ants the room wasn available to check in until late afternoon
STAFF	negative	she then put the check down without asking if we were done and came to check on the bill every two minutes even though we were one of three occupied tables
STAFF	positive	service is top notch
STAFF	negative	horrible service
STAFF	positive	staff was very helpful and attentive to our needs
ROOM	negative	the bed was terribly uncomfortable the room was small and the view was terrible
STAFF	positive	supportive familiy like staff
STAFF	positive	overall very impressed with the service
ROOM	positive	the room was small but spotless with beautiful bathroom and delightfully comfy bed
FOOD	negative	chicken teriyaki had tomato or pimentos on top
STAFF	negative	the hostess and the waitress were incredibly rude and did everything they could to rush us out
STAFF	negative	the night manager of the desk witnessed this happening did nothing and kept the front glass doors locked until we banged on them begging to be let in
STAFF	positive	the staff are absolutely helpful and friendly and the rooms are not as small as we thought they would be with quaint little balcony
ROOM	negative	although the bathroom in my room seemed little dated compared to others in the hotel the whole room very clean and comfortable offering excellent value for money
ROOM	positive	beautiful bedrooms with nice bathrooms and great breakfast
ROOM	negative	after booking in for business travel was given small rooom with barely enough space to walk around the queen size bed
FOOD	positive	what really makes it shine is the food which is aggressively seasoned with cyrpriot spices and all made in house even the gyro meat and sausages and made of much higher quality ingredients that might otherwise be expected
STAFF	negative	staff were not necessarily rude but useless and incompetent at best although think this was simply because the staff just did not care
STAFF	positive	the staff were friendly and helpful and spoke good english
FOOD	negative	someone else recommended the dessert we also left that
FOOD	negative	also personally was fan of the portobello and asparagus mole
STAFF	positive	thank you mariel eliza and jaun carlo just to name few
FOOD	negative	the hanger steak was like rubber and the tuna was flavorless not to mention it tasted like it had just been thawed
ROOM	positive	the rooms were so quiet with flat screen tv
STAFF	positive	plenty of choice at breakfast and great service from staff
ROOM	positive	plus we had room with view of the arno
STAFF	positive	in fact all the staff were excellent right to the cleaning lady who greeted us with cheery good morning
ROOM	positive	that said they re still well equipped the bedroom unit we stayed in had everything we needed except for the absolute lack of patio furniture
FOOD	negative	we do not recommend the dinner cruises they are over rated and over priced do luai instead
FOOD	positive	this is some really good inexpensive sushi
STAFF	positive	they quickly sent repairman
ROOM	positive	upgraded us to beautiful room with fantastic view
FOOD	positive	for desert we had the mango ginger creme brulee oh la la yummy
ROOM	negative	no view but cuts out the noise as sf is very loud at night
ROOM	negative	the room although small was pleasant enough but the lighting was very poor and found it very difficult to read standard size font such as of point after it had got dark
STAFF	positive	the jw did wonderful job with service and addressing every need we had and we were impressed from the valet attendant to the bellman to the room service
STAFF	positive	the staff were all very friendly and helpful
STAFF	positive	on the positive side the front desk and housekeeping staff were extremely nice and helpful the public areas and the rooms were immaculate the buffet breakfast included in the reasonable room price
STAFF	negative	we paid fixed pricce but got nothing
STAFF	negative	when mentioned this to the reception staff at check out they weren interested and didn even comment
FOOD	positive	it cuz it so good you need to taste it
FOOD	positive	luckily we saved room for the bbq salmon sea bass and crispy duck
FOOD	positive	kept and they are always improving and maintaining the place well the food was very good with choice of restaurants the
STAFF	positive	the staff were fantastic always on hand to offer friendly advice from where to go on day trips to which restaurant to eat in
STAFF	positive	was very impressed with the friendly staff and accomadations
STAFF	negative	never again on arrival front desk informed us that we had cancelled our night reservation earlier that day
ROOM	positive	all at your service rooms beautiful crisp clean modern bathrobes slippers complimentary bottle water chocolate on stick at bedtime
ROOM	positive	the rooms were great as well
STAFF	positive	in fact the only reason would return to paris is because of the great service we got at the hotel and the pub next door everywhere else seemed unfriendly and offered little help
ROOM	negative	first thing the room was really small and squeezy
FOOD	positive	they also had cookies in the afternoon and wine from to and fruit water and coffee hours
ROOM	positive	fresh rooms hotel that shows the way
FOOD	positive	taxan delicious
STAFF	negative	not only that but the management seemed to not care less when voiced my concerns
STAFF	negative	the staff hate americans
STAFF	positive	all the staff were courteous especially the cheerful spa staff and my three night stay was very pleasant
FOOD	negative	breakfast is not included which is shame as many hotels in italy offer it
FOOD	negative	we were offered water for the table but were not told the voss bottles of water were piece
FOOD	negative	the pasta was well cooked did have enough sauce though or flavor
ROOM	negative	small rooms but great location we stayed at this hotel for nights
FOOD	positive	this small astoria souvlaki spot makes what many consider the best gyros in new york
STAFF	negative	we checked in at pm and the room was not ready
STAFF	negative	when the bill came nothing was comped so told the manager very politely that we were willing to pay for the wine but did think should have to pay for food with maggot in it
ROOM	negative	it was wonderful then don look like they have cleaned the bath tub sink or tolet since
FOOD	positive	the family seafood entree was very good
STAFF	negative	we were treated very rudely here one time for breakfast
FOOD	negative	it just average just shredded no seasoning on it
ROOM	negative	we had our things stolen in our room
ROOM	positive	the accommodations were comfortable clean and first rate
STAFF	negative	not great most of the staff had poor command of english
STAFF	negative	if you go here do it on his off night
ROOM	positive	good sized quiet room as requested
ROOM	negative	rooms although not very large were spotless
FOOD	negative	know many people have their favorite types of pizza and pizza places but mioposto pizza lacks quality and good taste
STAFF	positive	kind attentive wait staff
ROOM	negative	only two minor gripes we got quite small room and the prices quoted on their website exclude goods and services tax tax that everyone has to pay
FOOD	negative	not worth it
ROOM	negative	the room was small but well appointed and situated beside the opera ballet and city hall and not far from the business district
ROOM	positive	rooms were very nice with comfy beds and very clean
FOOD	positive	the hotel provided us with free bottle of sparkling wine on arrival when we mentioned it was our honeymoon which was nice touch the staff really were wonderful
FOOD	positive	they didn even charge for the kids
ROOM	positive	the rooms are spacious cosy bright and airy
FOOD	positive	the fried dumplings are great
STAFF	negative	note for critics of the staff few thoughtful words in french will pay substantial dividends in terms of service
ROOM	positive	noise wasn problem for us and the staff was typical stiff spanish professionalism
STAFF	positive	the staff is fine but the rooms here are so small as to defy belief
STAFF	positive	excellent hospitality
ROOM	negative	absolute nightmare of room up three flights of very steep stairs room very dirty ripped curtains mould in bathroom stained carpets etc
FOOD	negative	their calzones are horrific bad vomit inducing yuck
FOOD	positive	the food is excellent
ROOM	negative	our room was quite small but clean and neat
ROOM	negative	once in the tiny room we discovered it was full of ants
ROOM	negative	rooms need some love
ROOM	positive	we stayed in room which had fantastic view and good size balcony
STAFF	positive	the concierge was very helpful and the beautiful hotel bar is wonderful place to relax with glass of wine and listen to piano or later in the night the jazz quartet
FOOD	negative	breakfast was mediocre with catering being run by an outside conmtractor
STAFF	negative	mailed the hotel twice no response and finally had to phone to obtain refund which they made immediately but with no apology or explanation
STAFF	negative	as part of small party of four our food was dropped off without comment
FOOD	positive	breakfast was impressive when compared to many star hotels in europe
FOOD	positive	great bagels made the old fashioned way
FOOD	negative	ate here week ago and found most dishes average at best and too expensive
FOOD	negative	fancy pieces of exotic fish on dollar plate and not one was eatable
ROOM	negative	we stayed on the th floor but were accompanied by renovations taking place in room on that floor from am on mornings
STAFF	negative	the hotel staff was rude and don believe the pictures they show on their website it looks nothing like that
FOOD	negative	the dinner was ok nothing would have again
ROOM	negative	the negatives far outweighed these very small room very loud street noises and blaring music from rooftop bar until wee hours of beat up old furniture and inferior sushi and tiny pool and pretentious eating area at pool that requires you buy bottle of liquor in order to use large sofa like banquette seating
FOOD	positive	look the appetizers were really good
STAFF	positive	overall the service was excellent and the lobby and courtyard areas are attractive
FOOD	negative	to start off approximately oz of orange juice will cost you
STAFF	positive	everyone was cheerfully cooperative and helpful
STAFF	negative	however the front desk staff have no interest in helping customers outside of routine check in and check out
ROOM	positive	the room was at the back corner of the building very spacious and the state of the bathroom impressed me
ROOM	positive	so think was in one of the executive rooms based on our group negotiati
STAFF	positive	the staff and service at the regent cannot be faulted but we were disappointed to hear upon our arrival that the pool was closed for renovations
STAFF	negative	the manager some guy had the gull to ask us to move out to another room as the room is meant reserved for someone else and said the earlier staff that checked us in was new
ROOM	positive	very nice rooms clean and quiet friendly staff and good service
STAFF	positive	excellent service at cost good location on side road of orchard road but not necessarily the best location as orchard road is like oxford st in london busy and full of tourists
ROOM	negative	was one day at kowloon hotel but am wondering is it possibile to call that room an hotel room
STAFF	positive	we went around on friday and it had died down bit by then so the service was great
STAFF	positive	had very late flight out of seattle the day left and was allowed to stay longer in my room with no extra charge
ROOM	negative	however found there was some rather foul stains females staying along do not make marks like that on the duvet cover which obviously had not been washed told the hotel staff and it was rectified
STAFF	negative	snotty attitude
STAFF	positive	all staff were pleasant rooms were comfortably furnished with the latest innovations in guest room design baths were wonderful
FOOD	positive	food was good and cheap
STAFF	positive	service was also very good
FOOD	positive	the rice to fish ration was also good they did try to overpack the rice
FOOD	positive	you must have the crabmeat lasagna which is out of this world and the chocolate bread pudding for dessert
STAFF	positive	they saved us enormous time in acquiring show tickets and other information about london
FOOD	positive	paid just about for good meal though
FOOD	positive	also loved their pumpkin soup and lime juice
STAFF	positive	the bellmen were very helpful we had tons of stuff because we were doing destination wedding
STAFF	positive	the staff were very polite and the room was spacious and clean
STAFF	negative	but the service is horrid
FOOD	positive	the food is good ca lie
ROOM	negative	the bathroom smelled so badly like mold that we could not open the door without the entire room smelling
ROOM	negative	my only disappointment was that the room was half cleaned and we had to wait for clean towels
STAFF	positive	excellent service friendly staff good food
FOOD	positive	the rooms are fine and spotless the breakfast is great but
STAFF	negative	we arrived at pm and were told that our room would not be ready for another hours
ROOM	positive	the rooms were spotlessly clean and the location was very convenient
ROOM	positive	great atmosphere in the room
STAFF	positive	the staff were always helpful plus on the day we were leaving they let us have our room for half day extra at no charge
ROOM	positive	room comfort service and anything we may asked for was great
FOOD	negative	the porcini mushroom pasta special was tasteless so was the seafood tagliatelle
ROOM	positive	rooms were clean and serviced breakfast was provided and there was plenty to fill up on
STAFF	negative	very chic but lacks hotel services
STAFF	negative	the attitude from the employees seems to get worse and worse each time
STAFF	negative	but she is very friendly with certain people making it even more annoying
FOOD	negative	we ate at this thai place following the reviews but very unhappy with the foods
FOOD	positive	the best pad thai ve ever had
ROOM	negative	requested better room and was given room on the top floor right next to the elevators which were noisy and disturbed my sleep
FOOD	negative	we wo go to this place again for good meal
FOOD	negative	downstairs breakfast restaurant looks mediocre and expensive though the night club looks intrguing
STAFF	negative	the waitress came to check in on us every few minutes and began to clear the plates while half of us were still eating big pet peeve of mine that happens almost everywhere so try to ignore it
STAFF	negative	hint to future guests if you have problem it is your problem the staff including antonia and the manager gianni burchietti will treat you as an enemy if you dare complain about the service or your accomodations
ROOM	negative	speaking of the rooms they are very dated the furniture in living room was coming apart the drawers in the dresser of our bedroom had no tracks and
ROOM	positive	friends told us that hotel rooms in paris are small so we booked millenium room which is larger
ROOM	positive	rooms are very comfortable tastefully decorated and impeccably clean
FOOD	negative	food in indonesian restaurant very poor really don recommend you eat there
STAFF	positive	other than the horrid bed which totally spoiled my stay this place was modern very clean and offered friendly service
FOOD	positive	don miss the breakfast
STAFF	negative	had to ask her three times before she finally came back with the dish ive requested
ROOM	positive	the rooms are charmingly decorated and one of our rooms had lovely view over the panteon with quaint little balcony
STAFF	positive	the main saving graces of this hotel are the helpful and friendly staff and the fact the windows open to let the smell out
STAFF	positive	it has friendly professional staff in every function important to guests reception breakfast and cleaning
ROOM	negative	over rated for the price you pay make sure you get one of the better rooms
STAFF	negative	service is not what one would expect from joint in this price category
STAFF	positive	hotel staff were welcoming and helpful
STAFF	negative	the kitchen however is almost always slow
ROOM	positive	large well appointed rooms especially deluxe executive
ROOM	negative	yes the rooms are as tiny as all the reviews say but you can beat the location
FOOD	positive	simply some good tasting chinese food at incredible prices
ROOM	positive	jaw dropping selection of stuff to eat including hot food counter which makes eating in any restaurant bit of waste of time grab bottle of wine at the beacon liquor store korean chicken or something at fairways then dine at your hotel beacon room window overlooking million manhattan lights
STAFF	positive	the young man who greeted us mozah was very professional even though we arrived late
FOOD	positive	enjoyed very nice caesar salad while my wife had arugula and goat cheese both very tasty
STAFF	positive	and the staff did great job
ROOM	negative	we had room with two double beds but the beds were very small for double beds
FOOD	negative	they smell like they stuff them with old canned vegetables like the spinach mushroom calzone
FOOD	negative	got hair in my food times of then
FOOD	positive	amazing spanish mackeral special appetizer and perfect box sushi that eel with avodcao um um um
STAFF	positive	friendly and clean on our arrival at the hotel we were treated in very friendly manner given load of sight seeing maps and brochures and general rundown of where all the sights and shopping centres were which we found to be most helpful
ROOM	positive	the room was spotless
ROOM	negative	there were some nice views in the hotel but the one from our room was not great
FOOD	positive	recommend the jelly fish drunken chicken and the soupy dumplings certainly the stir fry blue crab
STAFF	positive	we thanks all the staff for making it so enjoyable
FOOD	negative	gross food wow
STAFF	positive	very nice staff problem getting hot water in the morning but they were very accommodating
FOOD	negative	real dissapointment
STAFF	negative	at this point the waitress comes over and asks us if everything was okay was literally so shocked that was speechless and did say anything and guess what the waitress walked away
ROOM	negative	the room was tiny barely lit musty and just unbearable
STAFF	positive	the staff were both courteous and efficient and the bar service was excellent
ROOM	positive	it was very quiet and we have no complaints
ROOM	negative	the only downside is the size of the rooms but this is typical of hong kong hotels
ROOM	positive	the rooms were clean comfortable and lovely to look at
ROOM	negative	chipped paint rusting fixtures moldy grout and an utter lack of amenities
ROOM	negative	the room was small but didn spend much time in it and it was quiet
STAFF	negative	by the time we finished our dinner we still had not received one beverage nor hooka
ROOM	negative	bathrooms very small but clean and adequate
FOOD	negative	maggot in the food
FOOD	positive	the wine list is also really nice
ROOM	positive	it was clean airy and felt like vacation home not hotel room
FOOD	negative	however consider skipping breakfast
FOOD	positive	great bottle of wine
ROOM	negative	and we found it hard to sleep sometimes
FOOD	negative	which of course is not real kobe but wagyu beef
STAFF	negative	when checked out the staff accused me of trying to skimp on minibar purchases
FOOD	negative	the breakfast buffet was ok but not up to the standards one should expect from star hotel
FOOD	positive	best pastrami ever had and great portion without being ridiculous
FOOD	negative	the dosas are skimpy unattractive and drip with grease and personally drink popcorn topping before eat another one of these
FOOD	positive	champagne was available at all times we would return and recommend this place to everyone
FOOD	negative	attended holiday dinner at the restaurant and the food was majorly disappointing
FOOD	negative	fish was overdone
STAFF	negative	the counter service is bad
ROOM	positive	spotlessly clean and large with seperate power shower bath and loo with bidet
ROOM	positive	we were very impressed with the room service and personnel
FOOD	negative	furthermore the rice had no seasoning so the sushi was bland and disgusting
ROOM	positive	if you want luxorious hotel pay more and get one if you just want nice clean cheap room in an excellent location
STAFF	positive	all staff were extremely welcoming and polite especially the english bellboy working
ROOM	positive	stayed for days and was amazed at the size of the room
STAFF	negative	staff not the friendliest
FOOD	negative	would go back for the wine experience alone
STAFF	positive	the entire staff from timothy lawrence general manager to the bell men were more than pleasant and helpful
ROOM	negative	the only downside was that the rooms were uncomfortably warm and the only way to cool down was to open the window which unfortunately let in the noise from very busy street
FOOD	negative	chintzy portions
STAFF	positive	the staff were friendly and helpful and the hotel was very clean and welcoming
STAFF	negative	maitre eat and get out
STAFF	negative	the owner is belligerent to guests that have complaint
STAFF	negative	the night manager would do nothing to ensure our safety and we got typical mediterean shrug when we asked him to notify authorities as two other women were attacked in the square while we were at the desk
ROOM	negative	hair in sink and bath was off putting
STAFF	negative	so if you re walking by and thinking about dining you might want to see who going to be seating you first
STAFF	negative	we were then charged for their most expensive sake per serving when we in fact drank sake of less than half that price
ROOM	negative	the only minor negative is that the rooms are awfully small huge beds make it even worse
FOOD	positive	the appetizers are also delicious
STAFF	negative	we also got really bad food poisoning from their room service and we both were extremely sick
ROOM	positive	had safe in the room which was good to keep valuables in
STAFF	positive	only has positive things to say about the affinia dumont staff were excellent professional and friendly
ROOM	positive	our room has always been very clean quiet and comfortable
STAFF	negative	again no apology no is there anything else can get you no can get you drink to make up for it nothing
FOOD	negative	if you want good authentic thai this place is not the place to go
STAFF	negative	and how many times can you pick up the same perfectly aligned set of napkins inspect them vapidly and plonk them down in exactly the same place instead of venturing glance at people who are there to help you make the rent
FOOD	negative	if you are going for the food it will not be worth it
ROOM	negative	we could hear the lightest of sounds from both of our neighbors and they weren loud people
STAFF	positive	the staff are very helpful too
STAFF	positive	must commend ahmed for the excellent service also pedro and galven at the bar
FOOD	negative	they should have called it mascarpone with chocolate chips good but far cry from what the name implies
FOOD	positive	the brocollis were so fresh and tasty
ROOM	negative	the room was very small but very clean
STAFF	negative	the hotel lobby was in chaotic state and the staff were not particularly helpful or courteous
FOOD	positive	but the best part was the peanut butter and jelly sandwiches hot choclate and cold milk every night
STAFF	positive	all the team was fantastic ivellise melvin leo maciel nina pablo bolivar teresa walter jesus francisco they are all lovely persons and make the hotel unique
ROOM	negative	room wasn clean service non existent bordering on
STAFF	negative	this place would be so much better served by being run by group that actually understands customer service
ROOM	positive	the room was very comfortable and convient to all the popular places
ROOM	positive	our room was very comfortable and very spacious
FOOD	negative	the sandwiches are dry tasteless and way overpriced
STAFF	positive	there was small wait but shorter than expected
STAFF	negative	the service was terrible we had to wait for everything and ask several of different people for the same thing before we were allowed to be served
FOOD	negative	was highly disappointed in the food at pagoda
STAFF	positive	flore took care of our reservations and of our needs at the magda hotel and she is the best
STAFF	positive	the wait staff is very freindly they make it feel like you re eating in freindly little european town
FOOD	negative	the food is very average the thai fusion stuff is bit too sweet every thing they serve is too sweet here
ROOM	positive	the room was great
FOOD	negative	there was no tap beer that evening which was disappointment
FOOD	negative	mine tasted like the bartender had forgotten to add the tequila
STAFF	negative	band kids were not well controlled resturant service bad husband dtr and stayed here in order to get flight out next morning
FOOD	negative	food was luke warm
STAFF	negative	once we finally got table despite indicating we wanted an alla carte menu we were pushed into table that was only price fixed
ROOM	negative	and there was lot of road noise and we used earplugs
FOOD	negative	my mom originally introduced me to this place but even she being indian feels the food can be somewhat over the top spicy and far too oily
STAFF	negative	my initial reservation was totally botched by someone who sounded like teenager answering the phones
ROOM	negative	for sandwich lunch time room wasn ready when we arrived very disappointed
STAFF	negative	in fact it appears he is going to go postal at any moment
FOOD	positive	the afternoon tea is great the restaurant is pretty good too
STAFF	negative	the only downfall of our trip was that we found most of the staff to be extremely rude and not very attentive and courteous
FOOD	negative	few tips skip the turnip cake roast pork buns and egg custards
FOOD	negative	quite frankly this is some of the worst sushi have ever tried
ROOM	positive	room was big by ny standards and best view over ny
ROOM	positive	the room was good size and the furnishings looked relatively new and comfortable but there was strong drainage smell in the bathroom all the time and there was fizzing electrical sound all through the night which only went away when it was drowned out by the loud air con
FOOD	negative	the breakfast shouldn even be called breakfast the food looks gross
FOOD	negative	the caesar salad ordered had so much lemon could eat it
STAFF	positive	we brought our small children with us and the hotel staff was very accomadating
FOOD	negative	anybody who likes this place must be from different planet where greasy dry and tasteless are complimentary
STAFF	negative	complained to the manager but he was not even apologetic
ROOM	negative	however we were put in tiny room to the side of the hostal overlooking the road that was being dug up
STAFF	negative	we went back to the restaurant and low and behold we were seated at one of the tables that was available minutes ago
ROOM	negative	room was very small but was perfect for us it had all we needed including minibar and very nice bathroom
FOOD	negative	dessert is joke dont bother
FOOD	positive	the buffet breakfast was wonderful
FOOD	positive	arrived at on thursday and friday morning enjoyed the breakfast they offered subsequently we left the hotel around on friday and returned at on return luggage from our room had been stolen
FOOD	positive	melt in your mouth nigiri and sashmi and very tasty rolls too
STAFF	negative	we never ate because by close to in the monring we were not served and were too upset ad tired to start eating
ROOM	positive	the rooms are great cheaper than some of the well known names and frankly far better
FOOD	positive	we are very particular about sushi and were both please with every choice which included ceviche mix special crab dumplings assorted sashimi sushi and rolls two types of sake and the banana tempura
STAFF	positive	staffs were very helpful and friendly the room is very clean with big bath room
ROOM	positive	we had corner bedroom and it was well equiped if bit on the small side
FOOD	negative	have reservations about the all you can eat deal however the choices are fairly limited and you can probably order more food than you can eat for less than by just going off the menu
STAFF	positive	all the staff were friendly and helpful
STAFF	positive	we found the staff warm friendly and very efficient
ROOM	negative	could see that mildew beginning to build up on the bath tiles will contribute to poor maintenance
STAFF	negative	ve waited over one hour for food
STAFF	positive	staff were very friendly helpful and the accomodation was fair size
FOOD	positive	my father had the flank steak which was very good and my mother had the swordfish
FOOD	negative	some pineapple covered in glaze of some kind and some pear tart thing not impressive at all
FOOD	positive	you won be disappointed by their menu
FOOD	negative	could even enjoy the mashed potatoes because it was hidden completely under the chicken and spinach
STAFF	positive	to their credit they had to help several guests who experienced the same situation and they always had smile for each guest
ROOM	positive	we were given nice quiet room on the th floor overllooking the pool of the adjacent hotel property
STAFF	negative	obviously the management have no grasp of hospitality unless they previosuly ran prison or similar
FOOD	negative	do not get the go go hamburgers no matter what the reviews say
STAFF	positive	the service was personal and excellent
ROOM	positive	ask for the rooms overlooking the ramblas
FOOD	positive	the sashimi is always fresh and the rolls are innovative and delicious
STAFF	positive	they were great
STAFF	positive	most of the servers are very attentive friendly and quite attractive
STAFF	positive	the staff was so helpful providing excellent directions and even an umbrella highly recommend the hotel is close to the train station as well as within walking distance of many of the interesting sights
ROOM	positive	our room was large if basic with good standard of cleanliness
ROOM	positive	clean and new rooms quiet nice staff and near to the airport
ROOM	negative	these rooms are not refurbished noisy surroundings generartors etc
FOOD	positive	love breakfast here
FOOD	positive	red dragon roll my favorite thing to eat of any food group hands down
STAFF	positive	quick and friendly service
STAFF	positive	staff are helpful but no room service or help with your bags
FOOD	positive	the oz steak came next and it tasted great at least initially
FOOD	positive	it is simply amazing
STAFF	negative	the only reason didn give this lovely hotel excellent is due to the limited room service
STAFF	negative	the only problem is that the manager is complete incompetent
FOOD	negative	these are overpriced and you can get better just around the corner
STAFF	positive	very friendly staff in small foyer reception with small bar in the corner for those late night nightcaps
ROOM	negative	the basic rooms are small but adequate for five night stay that had
FOOD	positive	it also has nice breakfas
STAFF	negative	the service varys from day to day sometimes they re very nice and sometimes not
STAFF	negative	the staff at this hotel all of the way up the manager are totally totally incompetent definitely stay away
FOOD	negative	the pizza was delivered cold and the cheese was even fully melted
FOOD	negative	the food and service were way below average
STAFF	negative	desk service is condescending except for the sheets rooms are really not well maintained carpet is badly stained and everything is worn out
FOOD	negative	to be honest ve had better frozen pizza
ROOM	positive	my room on the third floor was enormous with separate well stocked kitchen and eating nook living area with large couch and recessed king sized bed all very elegant and comfortable
STAFF	negative	for each course we waited over hour to minutes and were never offered drink
STAFF	positive	the staff was very pleasant and always eager to accomodate
FOOD	positive	had fish and my husband had the filet both of which exceeded our expectations
FOOD	positive	breakfast had many options and the staff were pleasant and courteous throughout
ROOM	positive	loved the furniture in the lobby especially the tall high chair check it out
ROOM	negative	the furniture was very scuffed and the walls had some stains
STAFF	positive	and we felt very ssafe walking aroundstaff friendly and very helpful
STAFF	positive	friendly staff clean rooms good price
FOOD	negative	may not be sushi guru but can tell you that the food here is just okay and that there is not much else to it
STAFF	positive	we were greeted by very friendly doormen and someone came and took our luggage that we had to carry up the street in the rain
STAFF	negative	as it turns out the owner was seated right next to us and when he came over to check on our problems was very dismissive and offered token discount on our bill
FOOD	negative	too bad had paid an extra for the stone bowl
FOOD	negative	the breakfast was poor just muffin and coffee
FOOD	negative	their bagels are fine but they are little overcooked and not really special bagel experience
FOOD	negative	restaraunt bit pricey but reasonable value european asian buffet breakfast
FOOD	positive	the breakfast was excellent with bril choice of either western of chinese food
STAFF	negative	the service leaves much to be desired from feeling like you are rushed the place your order to being ignored the rest of the night
ROOM	negative	found the room and beds to be bit small by comparison to other hotels and the bar and lobby bar were bit stuffy and boring for young people
STAFF	positive	the staff was excellent they made all of our reservations and arrangments
STAFF	negative	didn find much atmosphere there it was just all robotic there wasn much human heart in the hotel but well worth the stay
STAFF	negative	was promised specifichotel room and when arrived they said they did not have those types of rooms at their hotel
FOOD	positive	sushi experience was unbelievable with my fiance
ROOM	positive	rooms ok clean but rather small and without wardrobe to hang clothes
ROOM	positive	the rooms are very comfortable and we had great nights sleep didn eat in hotel as was abit pricey for our liking they did recommend very good eating places nearby that suited our requirements perfectly
ROOM	negative	my only issue was with the noise from the adjacent room that came through the connecting door
ROOM	positive	my room was imaculate with comfy bed and was well designed with cool bathroom and deep bath
STAFF	negative	we were surprised at the lack of consistency of the service and had bad experience with the staff confusion regarding whether breakfast was included in our rate
ROOM	positive	the room is well decorated though noisy and on small side
STAFF	negative	the staff is rather unpleasant decoration is inexistant rooms are tiny and beds are too soft no air conditioning in the rooms which are just under the rooftop and to finish breakfast is mediocre no croissants or pancakes
STAFF	positive	have stayed here number of times for weeks at time and have had not only superior service but excellent accomodations
STAFF	positive	their staff were super friendly and made all the arrangements we asked for
ROOM	positive	clean but small room slightly dirty carpet small tv set
FOOD	positive	the continental breakfast was adequate but if you want bigger breakfast there are lots of good restaurants in the immediate vicinity
STAFF	positive	would like to personally thank concierge kary and carolina in working patiently with us in trying to locate our lost luggage airlines fault
STAFF	negative	service is more akin to star hotel
FOOD	negative	if you want anything hot you have to go out and get it
ROOM	negative	ok room in hkg are very small but this seems too small otherwise concierge service was good and location is ok for kowloon nad nathan road considering all and what have paied
STAFF	negative	they seemed to continue to rush us along taking plates without asking if we were done my sister still had her fork in hand
ROOM	positive	room was in modern half of hotel good size showing wear some noise from other rooms and drainage system
FOOD	negative	skip dessert
ROOM	positive	beautiful accomodations we stayed at the legacy in september and found the accomodations to be very clean and beautifully decorated
STAFF	negative	firmed reservation but no room available when we arrived reserved two rooms several months in advance and confirmed them via email one week before arrival
FOOD	negative	expected quite bit more from such an expensive menu
FOOD	negative	we had breakfast there in the morning the food was cold and not replenished very disappointing
FOOD	positive	the breakfasts are superb with wide choice of both continental and english style food
STAFF	negative	only drawback they wo toast your bagel and they do make eggs for the bagel
STAFF	positive	great break arrived on the saturday afternoon pleasant staff greeted us
STAFF	negative	after sitting at the bar for over minutes the bar keep had made only drinks kept telling us she be right with us
STAFF	positive	staff was great
STAFF	negative	we were charged full price
FOOD	negative	also observed staff taking cutlery from one dining table which just finished and placing it on another not too hygenic made sure to wash utensils before using
FOOD	positive	the food was amazing especially the breakfast buffet
ROOM	negative	found dead bug in the tub
FOOD	positive	authentic taiwanese food that cheap what more could you ask for
ROOM	positive	the room was superior large and comfortable enough for adults and beautifully decorated to boot
FOOD	positive	breakfast was great and the service was wonderful
ROOM	positive	because of the good double glazing this is not problem at the hoxton
ROOM	positive	the view from the room window is lovely though over the amstel very romantic sunsets and sunrise for breakfast there either coffee or tea
STAFF	positive	as always john aimee anne cindy eric and lisa take very good care of us
STAFF	negative	the confirmation sent by the marriot stated that would be given the room promised
FOOD	positive	the food is great and reasonably priced
STAFF	positive	over the years the host vittorio and his crew have always treated me as family although with all the business this not so little gem does it amazing he even able to remember consistent but not so frequent visitor
ROOM	positive	the room was relaxing and peaceful
ROOM	negative	my only observation is that you probably don need to book canal room as there not huge amount to see out of the windows
ROOM	positive	the rooms were clean and secure with extra conveniences such as hair dryer safe patio and decent sized bathroom
STAFF	positive	the staff was delightful especially the doorman an older african american man who was quick with smile and never ever gave me the feeling he was looking for tip which made me tip him more it conveniently located to many midtown attractions and also the subway at st and lexington
ROOM	positive	our room was really good size and very comfortable
ROOM	negative	the rooms and hallways are bit dated but they are spotless and have many amenities
ROOM	negative	interior build out however was done way too frugally and there was lots of deferred maintainance in room
ROOM	negative	however rooms in older part of hotel need updating
STAFF	negative	service not the friendliest to our large party
STAFF	positive	staff were extremely helpful and very friendly
STAFF	negative	rude people at the qt bartender in the hotel was jerk and used strong language towards my wife and after complaining to the manager she made us feel like it was our fault for requesting drink around midnight
FOOD	positive	the food was average or above including some surprising tasty dishes
ROOM	negative	minus points room was noisy and one of the concierge staff was unhelpful
STAFF	negative	on one occasion there was couple at reception complaining that they had single beds when they wanted double but we were unable to swap with them
FOOD	positive	the sushi here is delicious
ROOM	positive	would recommend to anybody
ROOM	positive	the room was the largest have ever had in ny very well appointed and super clean
ROOM	negative	we had somewhat small room in the 鈥渢ower鈥 section of the hotel which think is mainly used by stopover passengers en route to australia
STAFF	negative	she does make you feel welcome and treats you like an annoyance
ROOM	positive	nice and clean
STAFF	positive	was in ny on business and found this hotel ideal service was good and the bar area was impressive
STAFF	negative	my wife also ordered teapot of hot water she had sore throat and guess that since it was only water it was priority for them to actually bring it
STAFF	negative	was almost amused by the fact that she was turning away customers at pm on friday night because she had bbq to go to that night wtf
STAFF	positive	the staff were extremely friendly and helpful
STAFF	positive	the staff was really friendly
ROOM	positive	we had city mountain view king room on the th floor with nice size lanai the room was little small but clean and comfortable
FOOD	negative	ordered the smoked salmon and roe appetizer and it was off flavor
ROOM	positive	the room and bathroom faces pretty rice fields and the volcano
STAFF	negative	the staff responsible for cleaning the room didn do their best
ROOM	negative	do not leave any personal belongings in the room
STAFF	negative	we always had to wait while looked like they were bit short of staff
FOOD	negative	it was totally overpriced fish and chips was about
FOOD	negative	the pasta penne was pretty extra buttery creamy which means big task to diggest tasty at first but would say that was full with slice of pizza and to count penne got little moody afterwards cause was stuffed lol
ROOM	positive	great shower and vanity and loved the complimentary sodas in the fridge everyday
STAFF	positive	the concierge brought an english speaking doctor to our room after we had checked out already and even got us taxi while we went to the pharmacy
ROOM	positive	excellent selection of tourist information in the foyer and in rooms
ROOM	negative	while the room wasn large and needs updating it was more than adequate for us
STAFF	positive	nice and helpfull staff great rooms very spaceous many with seaview yummy breakfast buffet nice pool area situated directly at he beach
FOOD	positive	when lived upstate for while would buy freeze the bagels and they would still be better than any else
FOOD	positive	the breakfast is nice but not bargain
STAFF	negative	terrible service
ROOM	positive	had large and comfortable room minimalist design which actually turned out to be quite relaxing
ROOM	positive	the rooms are very nice spacious and well decorated
STAFF	positive	the staff is very polite
ROOM	negative	the rooms were tiny noisey with no natural light and view of the hotel room opposite
STAFF	negative	um so now what are appetizers for
STAFF	negative	the service ranges from mediocre to offensive
ROOM	negative	the rooms are on the small size but they are extremely well designed especiallt he bathroom
FOOD	negative	so decide to report back to the waitress because it was completely inedible
FOOD	negative	just not good at all
ROOM	negative	we rented rooms through orbitz at and per night and it was absolutely the worst value for the money have ever experienced
FOOD	negative	and the tom kha soup was pathetic
STAFF	positive	the staff was very friendly and always willing to help and make my stay as perfect as possible
ROOM	positive	the room we had was well furnished and clean but it was small with no view however we were not paying top rack rate and had no plans to spend much time in the room anyway
STAFF	positive	the staff are very attentive and professional
STAFF	negative	also noted that on return at least room doors were opened by housekeeping and the rooms unprotected by employees thus violating their own policy to get into this hotel you have to go through gate into secured compound
STAFF	negative	somehow working the italian charm with constant mille grazie does not constitute proper service
STAFF	positive	fantastic service beautiful room wonderful cocktails
ROOM	negative	my room was small but clean with tv and tea coffee making facilities and safe big enough for laptop
FOOD	positive	so about the prawns they were fresh and had slight crispiness about the batter soooo good the walnuts were cut in smaller pieces and very crunchy and tasty
FOOD	negative	the food was delicious but do not come here on empty stomach
STAFF	negative	well guess it hard to be seated when one is invisible to the staff
STAFF	positive	pm on sat before broadway play and we were quickly seated and served
ROOM	positive	the black out blinds were fantastic for sleeping
FOOD	negative	the concept of japanese tapas is newly created and clearly does work
ROOM	positive	was given room that could accommodate adults and children which was double beds and rollaway which was great
ROOM	negative	we stayed here for nights in club and although the rooms are on the small side and showers lack any real power it was jean and joyce the concierge that made our stay here more than comfortable
ROOM	positive	the room we stayed in was larger than we expected and was extremely clean and comfortable
STAFF	negative	really average service really ordinary service
STAFF	negative	they forgot sandwich did include plastic forks and did include pita with the hummus platter
ROOM	negative	the room was little small but if you are in new orleans you are not in your room that much
ROOM	positive	the motel is indeed on lombard street which is in fact section of the but as we had rooms away from the street we didn have any trouble with the noise
ROOM	negative	not very luxurious with regular tv etc no flat sceen and no view from the th floor
FOOD	positive	taking hot dogs to the next level
ROOM	negative	yes the rooms are small but they are perfectly adequate especially if you are planning to be out most of the time
STAFF	positive	we were greeted promptly by the waiter who was very nice and cordial
STAFF	positive	staff was friendly and the location is convenient to shopping and restaurants
ROOM	positive	the bathroom was very nice for european standards
STAFF	negative	never have had such dramatic delivery guys lot of huffing and panting and muttering under breath live in walkup who always seem disappointed with their tips
FOOD	negative	also specify if you like your food spicy its rather bland if you do
STAFF	negative	after the th time asked again and the waiter than said after our dinner
ROOM	negative	the room is very small and obviously the web site photos are very unrealistic
ROOM	positive	rooms were adeqate and well decorated with clean and modern bathrooms
ROOM	positive	the rooms are big for new york and welcome change from the chain hotels with fans as well as the usual ac
STAFF	negative	the only thing would fault would be some of the reception staff are quite rude and keep an eye on your bill with the bar staff if they are serving at your table keep tabs of what you had as they do seem to try to add drinks on that you haven had or imply you haven paid
STAFF	negative	the staff were rude spiteful and went out of their way to make my stay unpleasant
STAFF	negative	the servers at flatbush farm appear to have perfected that ghastly technique of making you feel guilty and ashamed for deigning to attract their attention
STAFF	negative	in short schooner or later could have cared less about our being at their establishment
ROOM	positive	rooms were nice enough what expected from hilton
STAFF	positive	the hotel saff was very nice and they had decent breakfast in beautiful room
ROOM	positive	the room was clean the staff was helpful the breakfast was good and the shuttle is great
ROOM	negative	we checked into our room and the stench of dog with potent cleaning solution smell practically knocked us over
ROOM	negative	halls very hot
FOOD	positive	breakfast is great
FOOD	positive	with the great variety on the menu eat here often and never get bored
FOOD	negative	it is very overpriced and not very tasty
FOOD	positive	couldn鈥檛 have been more impressed with the quality service and above all else the continental breakfast included in the price
FOOD	positive	since the weather was so good lunch and dinner were served in the garden as well which we didnt join since we had other plans staff especially porters and concierge were extremely helpful in assisting with our plans which were disrupted due to rail strike on the first day of our stay
FOOD	negative	have to say that did find the breakfast fairly expensive approx euro although you do get discount rate if staying in the hotel
STAFF	negative	service at resturant was terrible food mediocre
STAFF	positive	the staff apart from the initial difficulties were pleasant and helpfull and the hotel seemed clean
STAFF	negative	and the desk agents laughed that we were upset
STAFF	negative	room service is expensive but breakfast in you room is nice go on treat yourself your on holiday
ROOM	negative	unfortunately you can hear everything through the walls
FOOD	negative	we thought that this place is using too much of msg cooking in the foods
ROOM	positive	but it had everything it said it had and great little balcony overlooking the canal
STAFF	negative	so we wanted to quickly arrange some trips but the extremely unfriendly receptionist has flatly refused to help us or even let us use the phone to call the tour companies
STAFF	positive	the staff was incredible booking perfect reservations for dinners and helping us with transportation
FOOD	positive	the food is sinful
FOOD	negative	would say that all was fine and tasty but the heaviness on my stomach someting that ca not mention or undermine
ROOM	negative	single room double price
STAFF	positive	all of the employees we came in contact with were extremely friendly and helpful
STAFF	negative	the manager was rude and handled the situation extremely poorly
ROOM	positive	the rooms were fantastic and the breakfast was the best selection have seen
STAFF	negative	he offers subpar service and has no personality
ROOM	negative	the window in my room was loose and the first two nights it was not properly warm
FOOD	negative	but the pizza is way to expensive
ROOM	positive	our original room was overlooking parking lot but after we asked to be switched we were given beautiful room with an ocean view
FOOD	positive	really recommend the very simple unda egg rolls
ROOM	negative	quirky but tiny rooms
ROOM	positive	had no problem with cell phone reception in my room and probaly made calls at the time
STAFF	positive	really nice making us feel really welcome
ROOM	negative	the rooms were tiny beds in room and in another
FOOD	positive	fresh mind blowing flavors
STAFF	negative	found them very rude and disrespectful
ROOM	positive	it has beautiful rooms with floors in marble and each bath has jacuzzi bathtubs
ROOM	negative	the rooms were not that great for the amount we payed and the staff was not friendly
FOOD	negative	do not think dinner in manhattan should cost where am not swept off my feet
FOOD	positive	the breakfast is very good but having dinner at the hotel is little expensive
STAFF	positive	we got great service great view terrific location and few other things that are unusual for big city hotels the pillow menu and the emphasis on physical health activities
ROOM	positive	the room was spacious and elegant and their committment to the environment was impressive
ROOM	negative	bathroom is the size of yr
STAFF	positive	sandro the conceirge was extremely helpful and useful
FOOD	negative	think the pizza is so overrated and was under cooked
ROOM	positive	however the room was quite large around sqm with large bathroom very clean
STAFF	negative	service was kind of slow our waitress took forever to give us our check even though it was that busy
STAFF	positive	the staff is no nonsense
ROOM	positive	the room was clean good size and there were all amenities needed and more including kitchen area
ROOM	negative	the rooms were the smallest have ever seen with sealed windows loud air conditioning amenities loosely used from the and room keys that did not work
FOOD	negative	on my meal had to send back my eggs for simple request of breaking the yokes before cooking and would have had to send them back again if had rejected the meal all together
FOOD	positive	breakfast well its edible and plentiful
FOOD	positive	think have probably tried each item on their menu at least once it is all excellent
STAFF	negative	but the staff was so horrible to us
STAFF	negative	they never brought us complimentary noodles ignored repeated requests for sugar and threw our dishes on the table
ROOM	negative	we were on the top th floor and all the heat in the builidng seemed to rise into our room
STAFF	positive	views over the river charles were wonderful the staff first rate and helpful for such large hotel
STAFF	positive	the staff was extremely friendly and helpful
ROOM	negative	the rooms are small but cleanbreakfast is adequatefree porn channel for those interested
ROOM	positive	we booked with hotwire and had standard rooms no bugs and we want to return in years for our th
FOOD	negative	the entree was bland and small dessert was not inspired
ROOM	positive	check in was brisk and the room was adequate neat not too large yet not too small considering this is hong kong
STAFF	negative	very bad service
FOOD	positive	ess bagel either by sty town or midtown is by far the best bagel in ny
FOOD	positive	the prix fixe menu is worth every penny and you get more than enough both in quantity and quality
STAFF	positive	my wife was on crutches sprained knee just hrs before the flight and even though we were there only for one night before our cruise and were given room more accommodating for no extra charge
STAFF	negative	we asked for beverages and never received them
ROOM	negative	the rooms are small but the building is architecturally interesting as combination of three older buildings that were remodeled into hotel
STAFF	negative	normally places ask how hot you want it but they did
ROOM	positive	wonderful room
STAFF	positive	the hostess was very pleasant
ROOM	positive	the rooms were extremely clean especially the bathrooms
STAFF	negative	while other high end hotels are quick to response such request this property is staffed with don care attitude
STAFF	positive	already planning nd trip we stayed at the royal for week this march and could not have been more pleased with the service
STAFF	positive	ask for recommendation of restaurants to eat at the front desk
ROOM	negative	it was noisy and the view room overlooked the wallgreens and yelling steet people
FOOD	negative	was speechless by the horrible food
FOOD	positive	try everything for that matter it is all good
STAFF	positive	the daily housekeeping service was very prompt and did very good job and all the staff at the hotel demonstrated excellent customer service
FOOD	positive	the hotel bar is awesome get mojito or pina
FOOD	positive	the rate charged seemed to me to offer very good value indeed for the quality of the service provided
ROOM	negative	the rooms are dated although ours was good sized and with nice view over the dam
FOOD	negative	my wife had barely touched that mess of dish
ROOM	positive	our rooms were at the front directly overlooking the plzza della republica it was amazing we could look out and listen to music playing every night from violins to salsa opera and the atmosphere
STAFF	positive	my wife and loved the hotel the staff were very friendly and helpful the room was quiet exactly what we asked for the atmosphere was great and we both loved the old world charm of the histiric building
STAFF	negative	then to top things off she dropped used silverware on my boyfriend jacket and did not stop to apologize or clean the mess that was left on clothes
STAFF	positive	the staff were helpful thoughtful and courteous
FOOD	negative	maybe it is good for that one night once in blue moon when the chefs decide to use fish that half way decent
ROOM	positive	the next day the staff were extremely apologetic and moved me to hyde park view room
STAFF	negative	we also asked for hooka six times and the waiter kept telling us one minute and never returning with the hooka
STAFF	negative	we stood there for minutes while employees walked back and forth ignoring us
ROOM	negative	the only downside were the banging of doors late at night and in the early hours from other guests coming and going
STAFF	positive	friendly helpful staff this hotel is located near moulen rouge with small but adequate rooms
ROOM	positive	the rooms were beautiful and clean
FOOD	negative	we ordered some beef and noodle soup dishes from the thai section of the menu but nothing we got was thai
STAFF	negative	brief conversation with the manager at the end of the meal was the greatest disappointment to say we had been blown off would be an understatement
STAFF	positive	staff recommended excellent local restaurants to eat in and found walking to them and the touristy places very easy
STAFF	positive	the staff was helpful friendly and the meeting staff was available non stop
ROOM	positive	our room was large and bright with plenty of toiletries and towels and robes for my husband child and me
ROOM	negative	although the rooms are small the privacy ambience and staff more than make up for the lack of space
ROOM	negative	overall didn get much sleep because of this
STAFF	negative	the level of rudeness was preposterous
STAFF	positive	would definately recommend anyone to stay here staff were great too
ROOM	negative	didn like all that cement gray walls
ROOM	negative	being woken up in the early hours by the lorries delivering to the adjacent market
STAFF	negative	went there with my wife and we had to wait for table even though you could see there many that were empty with not reservation sigh on them
STAFF	negative	word to the wise you ca dine here and disturb the maitre sense of table turnover as whacked as it is or else
ROOM	positive	lovely lobby beautiful rooms pleasant staff
ROOM	negative	some rooms are rather noisy because it located near the
ROOM	negative	the temperature in the room was never under degrees celcius
STAFF	positive	special thanks to karda for helping to arrange horseriding excursion
STAFF	positive	the staff at this hotel are great and go above and beyond the call of duty
STAFF	negative	murray wo do it
ROOM	positive	nice room great service
FOOD	negative	breakfast was little disappointing not much variety
ROOM	positive	the rooms are more spacious than other ve stayed at and the service was impeccable
STAFF	negative	so what if old or new staff this is not the way to treat guests and not even an apology was given for their mistake
ROOM	positive	overall we were very pleased with this accommodation and would choose to stay here again
FOOD	negative	the only drawback was that the restaurant was little on the pricey side for breakfast but there are many places nearby to eat
ROOM	negative	no matter where your room is you are close to street level and traffic could be noisy at night
STAFF	positive	staff was very nice to all of us
ROOM	negative	only downside was that the rooms were small but you did have enough room to move around
FOOD	positive	the portions are large and the servers always surprise us with different starter
FOOD	positive	dungeness crabs here
ROOM	negative	the room although modern were filled with defects like electric cables hanging
ROOM	positive	the room itself was nice large restroom and even desk if you need to set up computer
ROOM	positive	had superkiing size bed for single occupancy
ROOM	positive	the rooms are numbered with the dewey decimal system and each room has little theme ours was the ancient language room and they are tastefully decorated to create calm inviting setting
FOOD	negative	overpriced and not tasty
STAFF	positive	their restaurant suggestions were wonderful and their customer service was excellent
ROOM	positive	room was very modern and clean
ROOM	positive	the room was surprisingly clean especially for an older facility
ROOM	positive	rooms are all large and clean and the chamber maid service was excellent this is great place to spend our vacation and we will return without any hesitation
STAFF	negative	when we first arrived they tried to put us in lower level room that looked out directly to parkade basically all the cars going up can see you
STAFF	positive	the staff was very courteous and helpful and the location is very good
FOOD	negative	eat at your own risk
ROOM	positive	it was clean brand new looking all new furniture carpet etc big rooms
STAFF	positive	the staff was outstanding and the town car wonderful perk
FOOD	positive	other guests enjoyed pizza santa fe chopped salad and fish and chips
STAFF	negative	they charge different prices all the time
STAFF	positive	prior to our stay we had made some requests and the hotel had fulfilled these and we found the staff were all very pleasant and helpful
FOOD	positive	great breakfast stayed at the catalonia aragon for nights last month november
ROOM	positive	the room was spacious and beautifully furnished
STAFF	negative	and she was absolutely unbelievably nasty
ROOM	positive	we booked superior room for nights and had fantastic stay
STAFF	positive	the staff was friendly and helpful especially lakiesha wilson
FOOD	positive	everything you want and more very fresh
STAFF	negative	any further needs we may have had could not have been met since no one stopped by the table
FOOD	positive	we had half half pizza mine was eggplant and my friend had the buffalo and it was sooo huge for small size pizza
FOOD	negative	in the morning breakfast was very poor and when asked forchocolate for my child they did not have any
STAFF	negative	when asked about how certain dish was prepared in comparison to similar at other thai restaurants he replied this is not mcdonald every place makes things differently
STAFF	negative	most unfriendly staff but clean room
ROOM	negative	poor tv programms bed is extremely hard
FOOD	negative	but for dinner for two that did include wine
STAFF	negative	was there for brunch recently and we were tag teamed by waitress and waiter
ROOM	negative	seaview was the smallest room have ever stayed
ROOM	positive	the rooms were nice and felt like this hotel was good value
STAFF	negative	the only one staff person who spoke english worked in the morning
STAFF	negative	the hostess is rude to the point of being offensive
ROOM	negative	the rooms aren huge but who stays in their hotel room all day in san fran anyway suggestions ask for first floor room as the elevator is very slow get room in the centre of the hotel
ROOM	positive	comfortable bed too
ROOM	negative	room was small and there were stains in the drapes carpet and duvet
FOOD	positive	the best dish are the honwy walnut prawns just outstanding
ROOM	negative	room size is little small
FOOD	positive	it is also extremely well priced
FOOD	negative	the continental breakfast was complete farce few stale bread rolls in converted bedroom which had then to be carried back to the bedroom where there was no where to eat but on the bed
ROOM	negative	the rooms are small clean withprivate baths
FOOD	negative	for the amount of food we got the prices should have been lower
ROOM	positive	the bathroom was large and clean with good toiletries
ROOM	positive	very clean and comfortable and good size
STAFF	positive	the staff could not help enough
FOOD	positive	salads were fantastic
ROOM	positive	the room was tidy and comfortable
ROOM	negative	the room was not large but the furnishings bedding and bathroom were all of high standard
ROOM	positive	the new remodeled rooms are very beautiful and comfortable
STAFF	negative	the staff are very false behind their smile is very miserable person
STAFF	negative	they told me they are going to take care of it but it took them too long it true that the hotel is very quiet though
FOOD	positive	the wife had the risotto which was amazing
STAFF	negative	one would think we get an apology or complimentary drinks instead we got snobby waiter would even take our order for minutes and gave us lip when we asked him to do so
ROOM	positive	the room was very nice great room service excellent check in they check you in directly in your room
ROOM	negative	the room was outdated and not up to the four star rating as given on the internet website
FOOD	negative	eating breakfast at the hotel is expencive and you are still hungry after because of the very small portions
ROOM	positive	we had wonderful suite with comfortable bed and good climate control
ROOM	positive	public rooms are quietly elegant bedrooms are spacious and beds extremely comfortable
STAFF	negative	when we threatened to leave we were offered meager discount even though half the order was missing
ROOM	negative	room door key didn work staff had to come and let us in
ROOM	negative	also the rooms were very small and our view was the room of the building next store but for can complain
ROOM	negative	we had king sized room which was fairly small but well arranged so we didn feel cramped
STAFF	positive	from the friendly reception to the excellent concierge they were very patient despite my numerous demands
FOOD	negative	the first time the sushi was outstanding the second time it was little bland
FOOD	negative	the breakfast was not good
STAFF	negative	concierge were not too helpful getting us taxi which was took ages to arrive even if you book in advance
STAFF	positive	very friendly and accommodating staff
ROOM	positive	the rooms were spacious and clean with big and very comfortable bed
ROOM	positive	the rooms were spacious and clean however the service left lot to be desired
STAFF	positive	the people who work there super friendly
FOOD	negative	was looking for banana tempura for dessert and they dont have
STAFF	negative	had to wait till pm for room official check in time pm the offer of complimentary drink or pot of tea would have been nice but not offered
ROOM	positive	the rooms were good but on the small side
STAFF	positive	the staff were absolutely fabulous and so helpful
STAFF	positive	the customer service was great
ROOM	negative	but the room was not what expected
FOOD	negative	didnt have andy drinks for food at the hotel as we were going to the arena
FOOD	positive	nothing on the menu is less than amazing
ROOM	negative	rooms are small clean snd basic except for excellent bathrooms
STAFF	positive	the staff were all very nice from the bell man who gave us tips on how to get into boston and what to do once we got there to the desk clerk to the health club attendant to the shuttle bus drivers
STAFF	positive	the concierge and all of the staff were always friendly and helpful
STAFF	positive	it was special occasion and when they found out they sent wine and cheese to our room
ROOM	negative	although the rooms are smaller this property and its staff make up for the shortcome
STAFF	negative	took my mom for mother day and the maitre was pretty rude
ROOM	negative	if noise is problem definitely ask for room away from the street
FOOD	negative	the continental breakfast was small but it was available all morning long and the coffee was great
STAFF	negative	this hotel has the worst service
STAFF	negative	happen to have policy that goes along with little bit of self respect which includes not letting waiter intimidate me make me feel bad asking for trivialities like water or the check
FOOD	negative	prices at bar were high ml of water door closers are bit fierce and there were regular lod bangs from doors closing didn stop us sleeping though very close to tower hill tube and easy to get into the city centre
STAFF	negative	there is no excuse for such lousy service
STAFF	positive	the service was quick and friendly
ROOM	negative	we switched the next night to courtyard room but you still get some reflected traffic noise
ROOM	negative	too expensive but clean and big room
STAFF	positive	we received very good service and would definitely stay there again if we return to boston
STAFF	negative	his response was smug arrogant and condescending totally consistent with his deportment on display all evening
STAFF	positive	security is excellent
ROOM	positive	the room itself was adequate
STAFF	positive	so friendly there english is exceptional
FOOD	positive	very good breakfasts
ROOM	positive	rooms are clean and decoration is great
STAFF	positive	their service was wonderful and was very impressed
FOOD	negative	however our drinks were were horrible
FOOD	negative	was surprisingly disappointed
STAFF	positive	and the kids loved the room service
FOOD	positive	they have complimentary wine and cheese event during the late afternoon
STAFF	positive	hotel staff were very helpful and breakfast was lovely far surpassed expectations fruit croissants cheese meat and lovely coffee made fresh from espresso maker served in the little courtyard
FOOD	negative	still mad that had to pay for lousy food
FOOD	negative	if you do not want to pay hat much for the breakfast you can go in one of the small cafes not that far from the hotel and enjoy the superp spanish coffee
ROOM	positive	clean and tidy maid was bit hit and miss with towels but not problem beach was very nice and clean plenty of entertainment regardless of what you liked
STAFF	negative	however the front desk screwed up simple kinkos delivery for me and my traveling companion reservation then tried assigning blame on him despite his ability to produce confirmation numbers and dates
ROOM	negative	if you stay here ask for room away from the street to avoid the construction noise
STAFF	positive	the hotel staff were very friendly and polite and always helpful
STAFF	positive	staff was friendly
ROOM	negative	was alone and even if am not too fat the space was exactly for me
STAFF	positive	staff were friendly and it was clean and well
ROOM	negative	however they were bit on the older side and could use some updating
STAFF	positive	helpful and efficient staff
STAFF	negative	asked for an open faced cheese sandwich and the manager basically told me to take my business elsewhere
STAFF	negative	it was very quiet night but service was still slow
STAFF	positive	the service was excellent and the food very good
STAFF	negative	be horrified if my staff were turning away customers so early and so rudely
STAFF	positive	the staff was great polite and willing to go the extra mile
ROOM	positive	stayed in the tower and while the room wasn particularly over the top is was clean spacious and you didn hear sound from the busy airport
FOOD	negative	it looked like shredded cheese partly done still in strips
ROOM	positive	bathroom was clean
STAFF	negative	we had very hard time getting the waitress attention and finally had to get up and go inside to speak to manager
ROOM	positive	nice rooms bigger than regular ny hotelsi travel with kids so place with tv and other ammenities good enough nice rooms just renewed myabe poor service inbathroom supplies but nice think for the same price paid can book room at the waldorf but little smaller room
STAFF	positive	great locale and service bit tattered stayed here two nights in april visiting family etc
ROOM	positive	our stay in suite included access to the club lounge and the experience was so good that we hardly saw the city
ROOM	positive	my hotel room had what call partial ocean view you can see the ocean between several other hotels that block out most of your view
FOOD	negative	my only negative comment is that wish the pieces were little bigger
STAFF	positive	the staff couldn be more helpful the only problem is that they are going to burn themselves out if they keep going at this rate
ROOM	negative	we were travelling for month and had suitcases for which we hardly found space in the room
STAFF	negative	you would think they would make up for it with service sadly no
STAFF	negative	while it is understandable that every place is indeed different there was not need to be uncourteous to customers and downright rude
STAFF	positive	friendly service and nice sized room made this great find
FOOD	negative	as stated previously the breakfast is not amazing but it is adaquate
ROOM	negative	the furnishings in the room were bit dark and dreary
STAFF	positive	the staff was very professional
STAFF	negative	it was clear he didn really care
FOOD	negative	you should pass on the calamari
FOOD	negative	the breakfast is not included it quite expensive at euros
FOOD	positive	breakfast was nice and reasonably priced extra to cost of room
STAFF	positive	the desk workers were equally friendly and put us in great room
FOOD	negative	and for plate of bland guacamole
STAFF	positive	the service was great
STAFF	negative	to much attitude and bad customer service
STAFF	positive	we stayed on the club level which meant check in was in our room nice touch we had separate concierge albeit not speaking english as well as those in the lobby and delicious free breakfast and afternoon drinks
FOOD	negative	nevertheless finished my plate and that when found maggot in mushroom sauce at the bottom
STAFF	negative	very poor customer service
STAFF	positive	have been coming here for years and have nothing but good things to say about the service and the great staff at la lanterna
STAFF	negative	lots of conventions held there check in took over an hour
FOOD	positive	green tea creme brulee is must
FOOD	positive	for authentic thai food look no further than toons
STAFF	negative	appetizers took nearly an hour
ROOM	positive	room was unexpectedly ample well fitted out and great value
STAFF	positive	wonderful service couldn fault anything
ROOM	positive	large quiet rooms with great service
STAFF	positive	the staff was delightful and all of us people had great experience
ROOM	negative	tried to put the room temperature regulation on but the fan was really noisy so opted for an extra blanket
FOOD	positive	always ask the bartender for the seasonal beer
STAFF	positive	the staff at the hotel were always very helpful and friendly
FOOD	positive	if you do like it do know what to tell you
STAFF	negative	have tried to make reservations but both times the hostess did have my name
FOOD	negative	the rice was poor quality and was cooked so badly it was hard
ROOM	negative	room pretty good although can get bit noisy outside saying that my year old slept perfectly
ROOM	negative	and it was bit of tight squeeze around the bed but that was it
STAFF	positive	sometimes tables do understand his sense of humor but it refreshing to have server who has personality professionalism and respects the privacy of your dinner
STAFF	positive	service friendly and attentive
ROOM	negative	the lighting in the rooms is even dimmer than the hotel norm and the wireless internet mostly non existent at least while was staying
ROOM	positive	great rooms noisy location we spent nights at this hotel in madrid
ROOM	negative	would estimate there were over to ants on the floor at one time
STAFF	positive	staff were very helpful location amazing and metro so close although notre dame and latin quarter was only minutes walk
STAFF	negative	the manager finally said he would com the two glasses of wine which cost less than the food and made it seem like big concession
FOOD	negative	the food however is what one might expect
STAFF	positive	we never had to wait more than minutes
FOOD	positive	the breakfast is brilliant with loads of choice restaurant amenities staff all brilliant
ROOM	positive	good value but bit crap if you consider the smelly smokey rooms and the suspicious showers
STAFF	positive	this is the first place ve been that runner remembers my order hope he likes his job because have half mind to steal him for my restaurant
ROOM	negative	the room itself is small and leave good deal to be desired
STAFF	positive	westfield shopping center is located directly across the street nordstroms bloomingdale great food court too the service and the rooms were excellent and we would highly recommend this hotel to anyone staying in san francisco that would like to be close to the shopping and public transportation
FOOD	positive	the breakfast was top notch as was the lovely rooftop bar
STAFF	negative	they re rude at times and not very friendly
FOOD	negative	slightly above average wines start at with only one selection listed at
STAFF	negative	when to comes to nola service this place was not what you would expect
STAFF	negative	for instance plates were just dumped on the table was handed the wine list upside down etc
ROOM	negative	rooms are outdated and the corridors smell
FOOD	negative	breakfast is bit disappointing the pain au chocolat at the musee orsay are superb
ROOM	positive	the rooms are fabulous and the staff is extremely efficient and nice
ROOM	positive	took room with shared bathroom and toilet facilities and it was obvious that the house staff were checking and cleaning both the toilets and bathroom regularly
FOOD	negative	have worked in restaurants and cook lot and there is no way maggot should be able to get into well prepared food
ROOM	positive	we had an adjoining suite which was absolutely phenomenal overlooking the arno
FOOD	positive	we started off with delightful sashimi amuse bouche
FOOD	positive	breakfast is sweet rolls coffee
STAFF	positive	the hotel staff were nice but were not at all helpful in recommending restaurants
FOOD	positive	this is an amazing place to try some roti rolls
FOOD	negative	took one look at the chicken and was appalled
STAFF	negative	asked for menu and the same waitress looked at my like was insane
FOOD	negative	the turkey burgers are scary
STAFF	positive	good fast service
ROOM	positive	view from our room balcony
FOOD	positive	the food is all shared so we get to order together and eat together
STAFF	positive	the staff are friendly and helpful and eventhough
STAFF	positive	front desk staff were very plesent
STAFF	positive	nd the hotel was fully booked for regular rooms so when checked in was upgraded to an executive floor just for the room not for the service the hotel is just above big shopping center with ok food and subway station which isn the most convenient but it will do the room was clean the service was ok but definitely not something to write about either way if you need good hotel in hk and mongkok is your region take it but only if they give good price wanted to extend my stay but they gave me ridiculous offer
STAFF	negative	true but their shuttle closes down earlier than any of the other hotels and it euro cab ride
STAFF	positive	square ti was very quiet really helpful staff breakfast ok the bathroom was with glass walls so little bit embarassing if you want your privacy
FOOD	positive	pizza the only pizza in nyc that should not have additional toppings the crust tastes like the best freshly baked bread
STAFF	positive	and the service was simply spendid quite delight
ROOM	positive	nice bathroom with great water pressure
FOOD	negative	less than three minutes passed before found myself doubled over the toilet
ROOM	negative	book room away from the elevator or stairway access doors as these can be tad noisy because all guests go through the same area and the hallways are hardwood flooring
FOOD	negative	not picky but it was actually gross
FOOD	negative	ca argue about that but they are clearly over priced
ROOM	negative	the shared washrooms were dirty and most all the architectural details were very worn
STAFF	positive	we arrived and were seated immediately which made us both happy
ROOM	positive	our room was on the th floor and we had great views of the empire state building and the river
STAFF	positive	we use the parking lot just outside the hotel for overnight parking night love the coffee shop for quick snack or breakfast and haven had issues the staff service or anything
STAFF	positive	we did have the same waiter the second time so maybe the service is spotty and our luck is good
STAFF	positive	from the welcoming reception cookies and apples in the lobby upscale furniture and the cutest open courtyard with bistro sets this hotel does it right
STAFF	negative	know you were too busy showing off your vintage tee shirt and looking bored but my agenda is here to eat and enjoy the company of friends seeking pleasant experience
STAFF	positive	front desk staff were friendly and helpful as were the bar and restaurant staff
FOOD	positive	the lamb was tender so full of flavor the dessert was divine
STAFF	negative	then when called back to inquire the second person was very curt in correcting me not only was there no apology she hung up on me as was still talking without even good bye
STAFF	negative	should have been better about writing down all of the cancellation info because month later they charged me for the room didn even stay in and refuse to refund my money
STAFF	positive	the staff were all helpful and friendly and overall would recommend it as good city hotel but perhaps more suited to singles couples than families
ROOM	negative	after much discussion they found us room facing brick wall and never offered to move us
STAFF	positive	staff is the most helpfull have seen
STAFF	negative	after that she simply took our plates walked away came back another twenty minutes later with the bill and the chicken on it
STAFF	positive	carmel and pino are wonderful hosts and were so helpful in providing us insight on the best places to eat shop sightsee and thoroughly enjoy our stay
FOOD	positive	good drink
ROOM	negative	it small as hotels go but never felt claustrophobic in it and especially not in my room
STAFF	positive	service was prompt friendly and great
STAFF	positive	would recommend this if you done want to stay one of the big hotels and if you want great customer service
ROOM	negative	bathroom very
STAFF	positive	otherwise the reception people were very helpful and my internet addicted boyfriend loved that there was free internet in the lobby
STAFF	negative	if you are looking for luxurious hotel with helpful staff this most certainly is not the place
ROOM	positive	wouldn atay anywhere else in manahattan over the past ten years we have stayed at hotel beacon four times and having stayed at some other hotels we would never stay anywhere else in nyc the rooms are huge and very comfortable with small but well equipped kitchenette
ROOM	negative	one drawback we were put in the second building next door on camp street and the room had permanently sealed windows of frosted pebbled glass gave kind of claustrophobic effect
ROOM	negative	we were told someone would clean then they would clean next day needless to say it remained uncleaned on check out two days later
STAFF	negative	never got an explanation as to what was going on
STAFF	positive	an efficient but friendly staff welcomes you to this well located hotel in the centre of paris
STAFF	positive	since the moment arrived was impressed by the warmth that their staff offered to me and my family
STAFF	negative	when we inquired about ports the waitress listed off several but did not know taste variations or cost
STAFF	positive	the staff was pleasant but small
STAFF	negative	poor service and management
STAFF	positive	the service was excellent friendly and attentive
STAFF	positive	we found the staff to be friendly
STAFF	negative	no desert menu no apology nothing
STAFF	positive	all housekeeping are gracious and attentive
STAFF	positive	the staff were extremely helpful and friendly and our room was excellent with all amenities and huge ensuite
ROOM	positive	the rooms are clean and comfortable and the restaurant is fantastic
ROOM	negative	the only thing sometimes you can hear your neighbour walking in the room
STAFF	negative	the waiter delivered our food while holding what appeared to be plastic bag of garbage in one hand
ROOM	negative	we could check out was pm the room was small there was an accumulation on dust on the top of the drapes which fell down on me when pulled them closed only one elevator worked and it was slow the complimentary in room coffee service was provide only for one person after showering the bathtub took forever to drain over minutes and left behind scum we had to walk through the indoor pool area to reach the breakfast room the business center computer was out of order and the sole desk clerk was so harried trying to do several tasks at once that several guests left after waiting too long for service
ROOM	negative	arrived to find depressingly hot dank tiny shabby unacceptable room for the taxes
ROOM	negative	noisy rooms hotel balmes looks very plush from outside and in the reception area however we were in room and it was very dark and also very noisy didn get too much sleep during our stay
STAFF	negative	after all that they complained to me about the small tip
STAFF	negative	what we did do was waste hours being trapped in table waiting and waiting for food and drinks and hooka some of which we never received
STAFF	negative	on our last visit they skipped over our name on the list leaving us waiting an extra hour for table
ROOM	negative	however the shower tub was very dangerous and definitely not for mature couples or persons with disabilities
STAFF	negative	even then the order was not correct and we were still waiting for couple items
ROOM	negative	the only thing that didn like about this place was the bathroom
STAFF	negative	we paid and left because we did feel like arguing any more
ROOM	positive	the rooms were gorgeous with all the amenities
STAFF	positive	the staff was very friendly and helpful
STAFF	positive	the staff is incredibly helpful and attentive
ROOM	negative	our first bedroom was on the fourth floor at the back with view of the inner courtyard would have been fine if the room had not been so hot
FOOD	negative	consequently their burgers fell apart in their hands and made such mess that they did nt feel like finishing them
STAFF	negative	everyone that sat in the back outside agreed that it was the worst service we had ever received
ROOM	negative	also the room was just dirty
STAFF	negative	sorry we got port hole window and the staff lied about the other rooms
ROOM	positive	the hotel appears to have renovated its rooms including the bathrooms
ROOM	positive	our room was very comfortable they remembered to not give me feather pillows and the free minibar was lovely touch
STAFF	positive	don think any of these activities would be possible with out the excellent entertainment staff who went out of their way to say hello include you in the activities and just plain make it fun
ROOM	positive	excellent rooms friendly staff spacious room compared to other places
STAFF	negative	we were planning to get dessert but the waitress basically through the bill at us before we had chance to order
FOOD	negative	only complaint is the pricing believe it would be more reasonable to pay dollar less on each item listed on the menu
FOOD	positive	the beach is supurb like the bounty advert lovely warm sea very safe to wonder around plenty of sun loungers and parasoles for shade the food is very good plenty of choice breezes is very clean and kept clean hotel the staff are very pleasent and very helpful we would recommend taking box of pg tips and couple of bars of cadburys and any other required pleasures that can be bought out there you will be ripped off buying things in the hotel
ROOM	positive	good room and location we only had one night in florence so chose this place for its good proximity to tourist sites and train station and based on the excellent reviews it received here
ROOM	positive	room were clean everyday well done
FOOD	positive	they loved free hot waffle and other stuff best thing is they have free parking for big truck love to tell other contractor to stay that place
ROOM	positive	we stayed in historic room which was lovely bathroom on the left as you entered and
STAFF	positive	staff is very accomodating
STAFF	negative	on recent trip our waiter was extremely dismissive while no less than three staff members waited hand and foot on pair of japanese girls seated nearby
STAFF	negative	much of the time it seems like they do not care about you
ROOM	negative	when got there was given very small room with just one single bed so expected single room rate as well
STAFF	positive	everyone was so friendly and welcoming and the concierge was definately our best friend
ROOM	negative	the rooms are very small and roll away are not allowed
ROOM	positive	beautiful views from the concierge lounge and presumably from bridge view rooms
ROOM	negative	it would seem that the toilet being constantly flooded would be bad enough but no they went and topped themselves by being infested with termites
ROOM	negative	is that rooms
FOOD	negative	the fish was not fresh and the rice tasted old and stale
ROOM	positive	the king size bed was fantastic and always enjoy place that gives you robe with the towels
FOOD	positive	ve had my fair share of modern japanese and this spot delivers
ROOM	negative	the room itself was pretty average bit dated but was adequate for our needs
STAFF	negative	one consistently unsmiling unhelpful person on reception prevented an excellent review
STAFF	negative	when the main course finally arrived another mins half of our order was missing
ROOM	positive	our room was spacious the bed was so comfortable and it was very quiet
ROOM	positive	the rooms were large clean and newly renovated
FOOD	negative	rice is too dry tuna was so fresh either
FOOD	negative	the food was actually aweful
STAFF	negative	was guaranteed one price for room and they ended up booking me for an entire other room type and when trying to get it switched to the correct room would not honor their price was quoted only hours before
FOOD	negative	it is obvious that no one in the restaurant has any idea about or experience with japanese cuisine
STAFF	negative	the manager alex is way too arrogant and thinks he is doing you favor for this very mediocre restaurant
FOOD	negative	we realised that the breakfast charges of for breakfast for two was way over the top and started visiting outside the resort
STAFF	positive	both nights of our stay from helpful concierge nick
FOOD	positive	my boyfriend had prime rib it was good
FOOD	positive	the cooks have been at the restaurant for years and cook family recipes
FOOD	positive	the food tasted very good
FOOD	positive	the food is always fresh
ROOM	negative	the room although small but not smaller than normal european hotel rooms was very comfortable
STAFF	positive	stayed here for weekend by myself single female and was happy with the service and the rooms
STAFF	negative	service is terrible though
STAFF	negative	staff not particularly friendly
STAFF	positive	in spite of the rate we were treated like honored guests and upgraded to an incredibly large room since the check in
ROOM	negative	found it not very clean the carpets were dirty and also the restaurant was like that and food was not so good
STAFF	negative	also do plan on asking for your favorite roll if it not on the menu you ca have it
STAFF	positive	menzies your staff are credit
ROOM	negative	our first room was on the street was bit noisy there no so we had the windows open
FOOD	negative	my quesadilla tasted like it had been made by three year old with no sense of proportion or flavor
FOOD	negative	however once received my predictably mediocre order of what dokebi thinks passes as korean fair sometimes you have to settle when it your only option got through about half my kimchee before found piece of random lettuce accompanied by far more disgusting slimy clearly bad piece of fish skin
STAFF	negative	we were seated outside and the waiter spilled red wine and hot tea on myself and my date
STAFF	negative	soul less luxury well trained but passionless staff feeling of anonymity
ROOM	negative	the room was not lovely but absolutely good for sleeping after parties in amsterdamthe best thing is its location is in the very centry of amsterdam so everything is near
FOOD	positive	they have authentic indian at amazing prices
FOOD	negative	the only problem is you really have to warm up the pizza before it edible even when you order ahead
ROOM	positive	the room was lovely nice decor and extremely clean
FOOD	negative	though one thing realized later on was that the restaurant either used msg or meat tenderizer on the steak
ROOM	positive	the room was large by nyc standards
STAFF	negative	and to finish we asked to leave the luggage for the day and it was kept outside in courtyard getting wet because of the rain
ROOM	positive	we had room on the street and the noise didn bother us bit
FOOD	positive	by far the best pizza in manhattan
ROOM	negative	rooms are bit on the small side though staff are very attractive and also really nice and helpful
FOOD	positive	the continental breakfast is good start to the day including waffles breakfast croisants cereal toast and huge muffins
STAFF	negative	rude and disorganized staff arrived from very long flight with my husband and yr old toddler
STAFF	negative	this kind of service attitude is simply not acceptable anywhere let alone hotel of this level
STAFF	positive	the staff were friendly and helpful and pre booked tickets for us when required
FOOD	positive	consistently good japanese tapas
STAFF	positive	answered the call and we were very impressed she provided excellent service she is very knowledgeable and quick great asset to your hotel
ROOM	positive	happy again having booked standard room for our second long weekend at ku鈥檇amm we were positively surprised to be given comfort room for the same price
FOOD	positive	seafood plus
ROOM	positive	the room was spacious and the hotel is across the road from the train station
FOOD	negative	breakfast wasn inclued in the price but the bakery across the road sold some excellent food options opens at am
FOOD	negative	two complaints their appetizer selection stinks it would be nice to get some mozzarella sticks on the menu
STAFF	positive	however what made us most happy was the management and desk service they were very attentive helpful even checking on our last day that we were up about after our wake up call so as we would not miss our early flight this is very nice place to stay in such wonderful city gerard ny
ROOM	negative	the rooms are outdated but clean comfortable and roomy
FOOD	positive	the breakfasts were also very good with wide choice
ROOM	negative	caveat on ocean view room
STAFF	positive	check in problem was expertly and politely solved
STAFF	negative	everyone there was very courtious with an exception of the unhappy young front desk girl but orlando down on the beach made up for that
ROOM	negative	some may consider the rooms on the small side but they are furnished and decorated to very high standard and to be fair you will not spend lot of time in them if you want to take in all the sights and experiences barcelona has to offer
STAFF	positive	the staff couldn have been more kind and helpful
STAFF	negative	but the service was bit slow
STAFF	negative	the service is really bad and not to mention things disappear from your room and
STAFF	positive	that is must but not every restaurant can do
STAFF	positive	had to day sleep needed to change rooms due to construction they were most gracious
STAFF	negative	but who says murray is anything about service
FOOD	negative	the fish was adequate but inexpertly sliced
FOOD	negative	large is and toppings are about each
ROOM	positive	rooms are large but tired grubby and dirty
ROOM	negative	this was room that cost over
STAFF	positive	the service was exceptional sometime there was feeling that we were served by the army of friendly waiters
STAFF	positive	they were overall very professional and super courteous
STAFF	positive	time and we wish to compliment the management on having first class opera tion
STAFF	positive	during such scarey time the hotel staff became like family in that they did everything in their power to make our stay there as comfortable as possible not easy with the limited resources that were available after the storm hit
FOOD	negative	the bread was stale the salad was overpriced and empty
STAFF	positive	the doormen are always pleasant and greet you going and coming great source for info
ROOM	positive	our room was on the th floor with view of the empire state building from the bed we stayed room only as eating out in new york is great
ROOM	negative	the first night was quiet but the room next door was occupied the second night and we could hear every noise
STAFF	positive	super customer service
ROOM	positive	and must say it deserve the high ratings large rooms with kitchen free sauna and gym on the top and great location just min walk to union station and cn tower
FOOD	positive	had the kafta plate and it was perfect
FOOD	negative	breakfast buffe not that good and location bit off perhaps
FOOD	positive	food was good and appetizing
ROOM	negative	their keycards get quite defective
FOOD	positive	ray is the place to go for high quality seafood dinners
STAFF	negative	staff at this hotel are not so helpful and have surly attitude
FOOD	negative	would not expect this for dinner
ROOM	positive	every room have seen total of are all differently but individually decorated and include all the essentials even down to stationery items in the desk
FOOD	negative	the food here was mediocre at best
ROOM	negative	thin walls and loud sounds coming from all directions left me awake and wishing had slept anywhere else
STAFF	positive	the front desk staff could not have been more helpful assisting with confirming tours had booked prior to leaving
STAFF	negative	the quality of the service and back drops are not great but if you can overlook the details it is worth the stay
STAFF	positive	farooq and the entire staff were welcoming helpful and very generous
ROOM	positive	depending on which tower you stay in main tower was great the rooms are new but bit small with everything needed in hotel including small fridge bring your snacks and water very
STAFF	negative	polite acknowledgement is out
STAFF	positive	desk staff was awesome
ROOM	negative	we were then allegedly upgraded from what cannot imagine the room was tiny and not air conditioned
STAFF	positive	staff were really helpful and friendly
ROOM	negative	the rooms were small but nice and clean and modern
ROOM	positive	was genuinely surprised and pleased that the room we reserved turned out to be suite
FOOD	negative	not one of our meals was edible bland and or made with weird rosemary or orange flavoring
ROOM	positive	we were upgraded on arrival to superior room which was lovely
ROOM	negative	single room double price had booked double room through website then called to check if there was single available as was going to be on my own
STAFF	positive	we didn see one rude member of staff all were very friendly and helpful
ROOM	negative	filthy smelly room without windows squeaky beds and the morning breakfast
STAFF	negative	for starters they delivered us someone else order
ROOM	negative	we paid per night convention rate for cramped room with low ceilings outdated furnishings and paint peeling from the ceiling
STAFF	positive	great service
ROOM	positive	the room was absolutely fantastic very spacious beautiful bathroom and fully equipped with everything you need
ROOM	positive	booked three night special rate bedroom and the apartment is better than my expectation
FOOD	positive	several nearby restuarants and the hotel had very good free breakfast
FOOD	negative	the breakfast almost euro is expensive and not worth it
STAFF	negative	service was slow had to wait to order and get food although not crowded
FOOD	positive	the buffet breakfast was exceptional probably the best in any hotel ve had around the world and well worth getting included in your rate if possible
STAFF	negative	this is where it really really gets bad the manager said there is absolutely nothing we can do it matter of taste that she did like it and can not comp it
FOOD	positive	would definitely recommend sea if you like thai cuisine
ROOM	positive	the room was clean sleek and cool modern with great bath and fabulous toiletries
STAFF	negative	was deeply disappointed in their service
FOOD	positive	the food as good as ever
ROOM	positive	the room was cozy and it was easy to access
STAFF	positive	the staff there is very attentive and down to earth
STAFF	positive	the servers behind the counter are always friendly and helpful
FOOD	positive	best drumsticks over rice and sour spicy soup in town
ROOM	positive	the room was clean the location great the staff courteous although sometimes bit flustered
STAFF	negative	again be super upset if that were my employee
FOOD	negative	breakfast not up to the rest but that small quibble
ROOM	positive	the lobby and rooms are very nice
STAFF	negative	then we used the concierge service to make our dinner reservations since we were unfamiliar with the area
STAFF	positive	friendly helpful staff especially loretta pointed us to good restaurants close to the hotel
FOOD	negative	went there for lunch and it was not as good as expected from the reviews read
STAFF	positive	the staff are always helpful and friendly and nothing is ever too much trouble
FOOD	positive	also the sandwiches nearing did come with anything like chips or side
STAFF	negative	given we should have kept the number but the manager had been unhelpful unsympathetic and snobby
FOOD	positive	even the wine by the glass was good
FOOD	negative	easily the worst stir fried squid ve ever tasted
STAFF	positive	the staff was very nice and courteous and obviously chinese
STAFF	negative	day the restaurant cafe had very slow service when eat there even though they weren doing much business
STAFF	negative	so rude
STAFF	negative	unbelievably unhelpgul
STAFF	negative	stepped on my foot on the second time he reached over me to adjust lighting
ROOM	positive	well thought out design to incorporate alot of extras
STAFF	positive	hurley is like cheers where everyone knows your name and they are actually glad you came
STAFF	negative	from the moment we pulled up the service was way below expectation sitting in the car with the luggage for several minutes no bellhop and having to re circle
