topic,sentiment,sentence
STAFF,positive,from the warm welcome from pierpaolo to paolo鈥檚 recommendations for family friendly sights to the cup of hot chocolate that was kept full for my son at breakfast鈥 was great experience
STAFF,positive,very helpfull friendly and professionel employees
STAFF,positive,the staff are very friendly and helpful
STAFF,positive,excellent staff and the location is steller
STAFF,positive,excellent service throughout
STAFF,positive,and the kids loved the room service
STAFF,positive,everyone was very friendly and courtious
STAFF,positive,the service is wonderful
STAFF,positive,most spoke enough english that we had no problems exchanging money asking about areas we wanted to visit ordering room service or ordering at the bars and restaurants even getting massage
STAFF,positive,the attention to detail is great and nothing was to much trouble for the staff including late check out at short notice and for no extra charge but the main thing about this hotel is the location
STAFF,positive,the staff at this hotel are great and go above and beyond the call of duty
STAFF,positive,the staff was excellent and so were the rooms
STAFF,positive,the staff were very friendly and the location superb
STAFF,positive,they helped me to find another hotel for the night many hotels were full that night but idon think will book again this hotel for my next stays in barcellona
STAFF,positive,the service was great the rooms were clean and decorative enjoyed the breakfasts set out by the pool and the location was great
STAFF,positive,the staff were also very professional courteous and friendly
STAFF,positive,the staff were very friendly and took time to point us in the right direction for the sights we wanted to visit and also recommended and booked restaurants for us free of charge
STAFF,positive,we arrived full hours late due to snow in tokyo but the hotel did not make us pay for the first night that we weren there
STAFF,positive,we found the staff warm friendly and very efficient
STAFF,positive,the service is always fantastic and you get feel for the asian culture
STAFF,positive,mailed requesting quiet room
STAFF,positive,special compliments to both the reception and housekeeping staff which made the difference in our rating the hotel rather than
STAFF,positive,they treated our children like royalty for our short stay and we really appreciate that
STAFF,positive,the staff is wonderful friendly and will help you as much as possible
STAFF,positive,what valuables we did have passports cash etc was stored in the reception safe and always available
STAFF,positive,service is very nice views are amazing
STAFF,positive,great views of the harbour city great service great hotel great room great food great bar great facilities great location clean comfortable modern and the staff were always as helpful as they could be
STAFF,positive,friendly helpful and competent concierge team
STAFF,positive,the service from the bell staff was equally terrific
STAFF,positive,farooq and the entire staff were welcoming helpful and very generous
STAFF,positive,we received very good service and would definitely stay there again if we return to boston
STAFF,positive,the initial receptionist was very pleasant and checked us in without any problems as everything was in order with the room number already printed on the reservation slip at the front desk
STAFF,positive,last but not least the concierge service was outstanding prior to our arrival all the restaurant reservations were made in fast and efficient manner
STAFF,positive,we stayed on the club level which meant check in was in our room nice touch we had separate concierge albeit not speaking english as well as those in the lobby and delicious free breakfast and afternoon drinks
STAFF,positive,staff are extremely helpful and freindly
STAFF,positive,lot of business people use this hotel but tourists are made very welcome by the friendly and courteous staff
STAFF,positive,the staff was terrific room was beautifully decorated and there were no incidental charges
STAFF,positive,ann at the front desk was especially sweet and accomodating
STAFF,positive,room service was efficient if pricey but that is what you would expect
STAFF,positive,views over the river charles were wonderful the staff first rate and helpful for such large hotel
STAFF,positive,the staff were very firendly and best of all the spoke english which is alot of help the room was very clean and the location was perfect min walk to the beech and two stops away by metro into the city
STAFF,positive,wonderful staff but little tired looking
STAFF,positive,front desk was helpful and polite
STAFF,positive,great looking and friendly staff will be back phillipe thanks for recommending townhall
STAFF,positive,the staff from arrival until we left days later were attentive knowledgable and helpful
STAFF,positive,staf we had were all superb and the price especially for mardigras weekend was superb
STAFF,positive,it is located conveniently close to public transportation and we have always been given good directions at the front desk
STAFF,positive,the staff were friendly and provided an excellent service
STAFF,positive,we were thrilled with the staff and room at st james
STAFF,positive,they saved us enormous time in acquiring show tickets and other information about london
STAFF,positive,the room service staff were excellent very polite and friendly and prompt
STAFF,positive,the people who work there super friendly
STAFF,positive,staff were all very curteous and welcoming even when returning from nights out at am and rooms were clean and adequate
STAFF,positive,service was great the hotel was clean definitely stay there again
STAFF,positive,the front desk staff could not have been more helpful assisting with confirming tours had booked prior to leaving
STAFF,positive,nd the hotel was fully booked for regular rooms so when checked in was upgraded to an executive floor just for the room not for the service the hotel is just above big shopping center with ok food and subway station which isn the most convenient but it will do the room was clean the service was ok but definitely not something to write about either way if you need good hotel in hk and mongkok is your region take it but only if they give good price wanted to extend my stay but they gave me ridiculous offer
STAFF,positive,the staff were absolutely fabulous and so helpful
STAFF,positive,they were very friendly
STAFF,positive,best service at any four seasons having stayed in many four seasons hotels married in one
STAFF,positive,especially enjoyed the friendly staff at the polo lounge
STAFF,positive,the staff was excellent very friendly and helpful
STAFF,positive,supportive familiy like staff
STAFF,positive,we found the staff very helpful and pleasant
STAFF,positive,they were great
STAFF,positive,fantastic service am travel agent booking hotels all over the world so we are very very fussy
STAFF,positive,helpful and efficient staff
STAFF,positive,great customer service at the ramada
STAFF,positive,the service rooms and food are first class and the location couldn be better
STAFF,positive,the staff was very helpful
STAFF,positive,sandro the conceirge was extremely helpful and useful
STAFF,positive,service was friendly and welcoming
STAFF,positive,the family that runs the place is very friendly and they gave me very helpful tips for shopping car rental etc so make sure to ask them if you plan to go out and buy anything
STAFF,positive,menzies your staff are credit
STAFF,positive,very simply it was lovely concierge helpful and friendlyfront desk friendly and efficientroom absolutely lovely particularly the shower and spotlessly clean
STAFF,positive,the staff are very friendly and the rooms are kept spotless
STAFF,positive,the location is excellent the service is friendly and impecable and the rooms are spotless
STAFF,positive,good room service great breakfast restaurant
STAFF,positive,we have been to this hotel twice now and on both occasions the service was exceptional and the food excellent
STAFF,positive,all staff were extremely welcoming and polite especially the english bellboy working
STAFF,positive,great service
STAFF,positive,the hotel staff was courteous
STAFF,positive,it has friendly professional staff in every function important to guests reception breakfast and cleaning
STAFF,positive,check in problem was expertly and politely solved
STAFF,positive,the staff was very friendly helpful and professional and the location of the hotel was superb
STAFF,positive,the concierge was very helpful and the beautiful hotel bar is wonderful place to relax with glass of wine and listen to piano or later in the night the jazz quartet
STAFF,positive,staff was very friendly and helpful
STAFF,positive,on the positive side the front desk and housekeeping staff were extremely nice and helpful the public areas and the rooms were immaculate the buffet breakfast included in the reasonable room price
STAFF,positive,the staff were also extremely helpful
STAFF,positive,stacey and agnes at the expedia desk were extremely helpful booking
STAFF,positive,upon check in we were greeted with moist towell and some pineapple juice
STAFF,positive,was in ny on business and found this hotel ideal service was good and the bar area was impressive
STAFF,positive,the staff in this hotel were more than helpfull with all our requests
STAFF,positive,we always like to stay at hotels that provide good service and are customer friendly kitty and your staff reinforces that beliefyour
STAFF,positive,the hotel staff are friendly and helpful the rooms are lovely as are the baths and the amenities
STAFF,positive,the staff was always always ready to help me out
STAFF,positive,the staff was friendly the room was small but cute cozy and clean and the perfect amount of space for the two of us the breakfast was delicious and an awesome start to the day
STAFF,positive,the staff were extremely friendly and helpful
STAFF,positive,both nights of our stay from helpful concierge nick
STAFF,positive,the is an absolute gem its cosy with very attentive genuinely friendly staff
STAFF,positive,they were very helpful in directing us around the city to restaurants
STAFF,positive,his great hospitality creates house party atmosphere where guests are treated and treat each other like old friends
STAFF,positive,staff is the most helpfull have seen
STAFF,positive,the staff was extremely helpful right next to public transportation and couple blocks from the cable cars
STAFF,positive,the staff were friendly and efficient providing information printing out boarding passes storing luggage and providing town car to the airport
STAFF,positive,the staff was friendly and accommodating
STAFF,positive,we stayed for week in august th found hotel to be showing its age doormen and staff very polite and courteous
STAFF,positive,from the friendly welcome to the lovely room the excellent breakfast and the superb location just off the champs elysees it is hard to see how anything could have been better
STAFF,positive,the staff are friendly
STAFF,positive,the staff was pleasant but small
STAFF,positive,was very impressed with the friendly staff and accomadations
STAFF,positive,special thanks to kelly for all her help
STAFF,positive,the staff are attentive and efficient
STAFF,positive,the staff was kind and curtious made us feel truly welcome
STAFF,positive,the staff at reception are friendly and helpful as ever
STAFF,positive,the staff are attentative and polite and the rooms are superb
STAFF,positive,the service was amazing using your name when you check in giving you butler etc
STAFF,positive,great service very calm hotel envirement
STAFF,positive,staff very friendly
STAFF,positive,overall the service was excellent and the lobby and courtyard areas are attractive
STAFF,positive,the staff are very friendly the hotel is very clean and quiet and so close to all in the city
STAFF,positive,exceptionally helpful staff
STAFF,positive,have this down as star rather than received warm welcome on arrival and we were able to check in despite arriving early lots of information offered by the reception staff and secure underground parking for per day room was clean but not huge
STAFF,positive,as single woman traveller must admit the hotel takes great care of its guest
STAFF,positive,the staff were extremely friendly and offered loads of helpfull advice on various tours etc
STAFF,positive,the service was excellent especially susie who was very friendly and helpful during our stay
STAFF,positive,the staff of this hotel was so helpful and nice it really set our stay out on the right foot
STAFF,positive,am super light sleeper and on the first night heard noises from the private residence above our room walter and sandro at the front desk contacted owner of the building the next day and immediately resolved the issue they were super nice and helpful
STAFF,positive,to our delight bottle of chapange was sent to our room in celebration of the bride to be
STAFF,positive,the hosts we helpful and attentive at all times without being pushy the location of this hotel is brilliant close to everything yet far enough away to enjoy walk through the streets of venice to the main sights
STAFF,positive,the concierge was able to recommend great restaurants and trips and the hotel is right next to lots of the sights and the cable car turnaround
STAFF,positive,hotel staff very accommodating and helpful
STAFF,positive,the staff seem extremely well trained and are very knowledgeable and friendly
STAFF,positive,their staff were super friendly and made all the arrangements we asked for
STAFF,positive,but staff always very friendly and attentive
STAFF,positive,service is good
STAFF,positive,staff were friendly facilities were great the motel was modern and clean and my room was spacious clean modern with everything could possibly need
STAFF,positive,friendly service and nice sized room made this great find
STAFF,positive,staff was great
STAFF,positive,front desk was extremely helpful with our lost luggage problem
STAFF,positive,every single employee seemed to go above beyond
STAFF,positive,we were upgraded to one of the new apartments which was great and the staff were all friendly and helpful
STAFF,positive,we were greeted by very friendly doormen and someone came and took our luggage that we had to carry up the street in the rain
STAFF,positive,the staff is very friendly you are seconds away from the beach on foot and seconds away from buses to the airport or old san juan
STAFF,positive,so they were able to check us out when we left and they got us cab
STAFF,positive,staff were very helpful with all travel restaurant and river cruise bookings as said location ideal premises were very clean and would definitely recommend to any friends family in the future
STAFF,positive,only stayed one night but were treated with the utmost courtesy and friendliness by the staff
STAFF,positive,the decor is understated and the staff was absolutely first class and without attitude
STAFF,positive,the service is superb and personnel are polite helpful and very friendly
STAFF,positive,had to day sleep needed to change rooms due to construction they were most gracious
STAFF,positive,we arrived direct from the airport and recieved excellent service from the very start
STAFF,positive,the reservations dept were extremely helpful throughout and were not in the least fazed by the inevitable changes to bookings that is inherrent in large group
STAFF,positive,was stressed initially but his calmness and great customer service put me at ease
STAFF,positive,the owners make you feel really welcomed and give you feeling that you have known them for years
STAFF,positive,good service we asked for extra towels and they were brought to the room within mins
STAFF,positive,the doormen are exceptionally friendly and hospitable and are extremely knowledgable regading tourist must sees
STAFF,positive,staff are helpful but no room service or help with your bags
STAFF,positive,we stayed in the executive house zen which is very pricey but well worth it if you like unbelievable service
STAFF,positive,benchmark in hospitality
STAFF,positive,all the staff were friendly and helpful
STAFF,positive,de rapper family really went well beyond the call of duty to help us have great time
STAFF,positive,staff were friendly and helpful and some good info from the tourist desk
STAFF,positive,concierge and all the staff very helpful however did find the cost of drinks little on the steep side as was breakfast
STAFF,positive,lucie was very helpful and the room was spotless they were just renovated
STAFF,positive,the staff was very courteous and helpful and the location is very good
STAFF,positive,friendly staff
STAFF,positive,the staff was incredible booking perfect reservations for dinners and helping us with transportation
STAFF,positive,we cannot say enough about the service
STAFF,positive,amazing hospitality
STAFF,positive,their service was wonderful and was very impressed
STAFF,positive,staff was very helpful
STAFF,positive,the staff were attentive and pleasant
STAFF,positive,front desk staff could not have been more helpful and have sense of humour the concierge knew the answers to the questions we had and the room was quiet and clean and comfortable
STAFF,positive,from the friendly reception to the excellent concierge they were very patient despite my numerous demands
STAFF,positive,the service was attentive the rooms and grounds breathtaking
STAFF,positive,staff were extremely helpful and very friendly
STAFF,positive,lovely hosts but catered towards americans
STAFF,positive,answered the call and we were very impressed she provided excellent service she is very knowledgeable and quick great asset to your hotel
STAFF,positive,the staff could not have been friendlier or more helpful to us during our stay and although we prefer to walk rather than use public transportation the hotel was close to the transportation systems
STAFF,positive,had terrible case of strepped throat and without delay upon check in and without asking hot tea lemon and biscuits were delivered to my room to help my voice
STAFF,positive,the hotel staff was fairly friendly albeit slow service in the restaurants
STAFF,positive,found staff very helpful
STAFF,positive,myself and my partner stayed here for long weekend from dublin the staff wee very helpful and friendly hotel itself
STAFF,positive,had harbour view room for nights and the standard of the room and more importantly the standard of the service were exceptional
STAFF,positive,know the staff never loses but we can always keep trying
STAFF,positive,while we did not use many of the ammenities pool breakfast etc we were very satisfied with the service we did recieve
STAFF,positive,from the time arrived at the front door until left the staff made you fell welcome
STAFF,positive,factor in the friendly staff and good location with very reasonable price
STAFF,positive,the staff is friendly enough
STAFF,positive,the tram stop is close by as is the canal hopper service
STAFF,positive,the staff are extremely friendly
STAFF,positive,the staff were friendly and helpful room was very clean and the hotel is in great location
STAFF,positive,when we checked in there was large convention in town and we got upgraded to the junior suite which was just incredible the staff was friendly and professional
STAFF,positive,the daily housekeeping service was very prompt and did very good job and all the staff at the hotel demonstrated excellent customer service
STAFF,positive,the staff are very helpful too
STAFF,positive,the staff was personable and professional
STAFF,positive,so pleasurable hidden treasure with five star hospitality
STAFF,positive,we use the parking lot just outside the hotel for overnight parking night love the coffee shop for quick snack or breakfast and haven had issues the staff service or anything
STAFF,positive,staff was relaxed and very nice to deal with
STAFF,positive,square ti was very quiet really helpful staff breakfast ok the bathroom was with glass walls so little bit embarassing if you want your privacy
STAFF,positive,we are always surprised at how good the service is and how clean stylish chic the rooms are
STAFF,positive,anyway people working there were nice we arrived late at night but they allowed us to have dinner even if the restaurant was already closed and they gave us lot of information very nice and polite
STAFF,positive,great locations fantastic rooms service could have been better
STAFF,positive,the staff are friendly and the concierge are excellent for information about the best way to get to sights
STAFF,positive,the room was fantastic the service was great and we couldn have asked for more
STAFF,positive,plenty of choice at breakfast and great service from staff
STAFF,positive,terrific service comfortable rooms very large bedroom kiosk where you can check in to your flight if you re flying out the next day as we were good food breakfast especially so express checkout and close to all rental car drop off locations
STAFF,positive,staff was pleasant and attentive
STAFF,positive,ustomer service is amazing
STAFF,positive,very friendly helpful staff
STAFF,positive,staff recommended excellent local restaurants to eat in and found walking to them and the touristy places very easy
STAFF,positive,excellent service location and room the hotel location can not be beat
STAFF,positive,to their credit they had to help several guests who experienced the same situation and they always had smile for each guest
STAFF,positive,special thanks to karda for helping to arrange horseriding excursion
STAFF,positive,prior to our stay we had made some requests and the hotel had fulfilled these and we found the staff were all very pleasant and helpful
STAFF,positive,nice front desk close cafes and trattorias short walk to train
STAFF,positive,great atmosphere service
STAFF,positive,the evening reception hosted by managers was great touch
STAFF,positive,restaurant poolbar and front desk staff were friendly and helpful
STAFF,positive,the doormen are always pleasant and greet you going and coming great source for info
STAFF,positive,the staff were very helpful and the breakfast was good
STAFF,positive,the desk workers were equally friendly and put us in great room
STAFF,positive,the concierge the doorman and the cleaning staff were very friendly and attentive
STAFF,positive,hour staff was always helpful
STAFF,positive,the staff and service at the regent cannot be faulted but we were disappointed to hear upon our arrival that the pool was closed for renovations
STAFF,positive,the staff of the hotel and the manager in particular demonstrated great understanding and excellent customer service
STAFF,positive,the bell boys were terrific staff polite and friendlybuffet breakfast was
STAFF,positive,the front desk staff were very friendly and helpful
STAFF,positive,it surprised me with the great service and kindness of the staff
STAFF,positive,they take pride in making sure everyone enjoys their stay
STAFF,positive,aidi in the gift shop at the hotel is very helpful with arranging tours around sf
STAFF,positive,everyone at the hotel was incredibly helpful and made our stay very pleasant
STAFF,positive,the concierge and all of the staff were always friendly and helpful
STAFF,positive,the staff will speak english if you do and will speak french if you do even if you speak poorly
STAFF,positive,this hotel offers customer service at its best
STAFF,positive,based on price hospitality and location would highly recommend this hotel my closest friends and not hesitate to stay there again
STAFF,positive,the staff was so helpful providing excellent directions and even an umbrella highly recommend the hotel is close to the train station as well as within walking distance of many of the interesting sights
STAFF,positive,wasn expecting that
STAFF,positive,service in the desk is good and with smile de
STAFF,positive,the staff was great
STAFF,positive,the best thing about the hotel is the honesty and integrity of the staff which have found lacking in some venetian hotels
STAFF,positive,staff are extrmely helpful and friendly and al seem to speak very good english
STAFF,positive,we found the hotel recepitionists all to be very helpful
STAFF,positive,the hotel staff are very friendly and helpful
STAFF,positive,maid service included dish washing
STAFF,positive,the staff at the hotel were always very helpful and friendly
STAFF,positive,sincere and helpful staff
STAFF,positive,the staff were very very friendly and helped in every way they could
STAFF,positive,the entire staff from timothy lawrence general manager to the bell men were more than pleasant and helpful
STAFF,positive,we had great days in amsterdam made more enjoyable by the hotel staff who went out their way to make our stay as carefree and pleasant as possible
STAFF,positive,the reason for is partly for location but mainly for the excellent staff for example we arrived and had lost the suitcase keys
STAFF,positive,the staff apart from the initial difficulties were pleasant and helpfull and the hotel seemed clean
STAFF,positive,the staff was unbelievably polite and helpful
STAFF,positive,the effort the staff makes to please their customers is very noticeable
STAFF,positive,everyone was helpful with booking tour restaurant recommendations and reservations etc
STAFF,positive,the staff couldn be more helpful the only problem is that they are going to burn themselves out if they keep going at this rate
STAFF,positive,we had very good service all around
STAFF,positive,the staff are extremely helpfull
STAFF,positive,friendly receptionists speak english and go second mile to assist tourists
STAFF,positive,the staff were great and they worked really hard and long hours and always smiled
STAFF,positive,staff were very friendly and helpful
STAFF,positive,my second home was welcomed again very friendly and warm
STAFF,positive,good price performance comfortable clean hotel with friendly employees
STAFF,positive,the service was also excellent and the price was excellent
STAFF,positive,we stayed at the lenox for nights and were treated like special guest through out our stay
STAFF,positive,very friendly and accommodating staff
STAFF,positive,when we were their in the food service poeple were great
STAFF,positive,yes it may not look like your average star hotel but the staff were friendly and helpful and the location was perfect
STAFF,positive,the hotel staff were very helpful and most friendly the bedrooms were bright clean and well furnished breakfasts were more than adequate
STAFF,positive,especially liked the bellman that looks like mel gibson
STAFF,positive,we were greeted by very friendly and helpful staff who were keen to ensure that our stay in the hotel and barcelona was as pleasant as possible
STAFF,positive,the staff are very helpful and friendly
STAFF,positive,the staff were friendly polite and helpful and the place was clean as were the rooms nice white linen and bright clean modern bathroom
STAFF,positive,checked in at midnight on new year eve as part of layover and desk staff
STAFF,positive,staff were friendly and most helpful and the breakfast was truly great kept us going for most of the day
STAFF,positive,this was my first stay in new orleans and had to rely on the recommendations of the staff which were fair and accurate
STAFF,positive,the hotel staff were nice but were not at all helpful in recommending restaurants
STAFF,positive,the front desk was kind and helpful especially for lost suitcase
STAFF,positive,service was good but still not compable to five star hotels like the peninsula or four seasons
STAFF,positive,our train was delayed and the night desk clerk cheerfully greeted us at am and even held the door for us
STAFF,positive,service is good enough and the stairs there no elevator can be scary if you have big suitcases
STAFF,positive,complimentary hot drinks arrived at the room each morning too
STAFF,positive,staff were efficient breakfast in the morning was good and transfer to airport was on time despite being chargeable which is not what was advertised
STAFF,positive,the staff was friendly efficient and helpful
STAFF,positive,the service was courteous professional the rooms were large by european standards and very well appointed
STAFF,positive,the staff was fabulous
STAFF,positive,chantal the manager was delightful and the staff was so attentive
STAFF,positive,the service was wonderful
STAFF,positive,the two front door men were exceptional always happy and helpful even in the dreadful weather boston experienced during the whole days
STAFF,positive,truly superior service all around from valet parking to baggage check to front desk
STAFF,positive,the staff will remember you and the rooms make you feel right at home
STAFF,positive,the staff were all helpful and friendly and overall would recommend it as good city hotel but perhaps more suited to singles couples than families
STAFF,positive,the staff were extremely helpful and friendly and our room was excellent with all amenities and huge ensuite
STAFF,positive,in fact the only reason would return to paris is because of the great service we got at the hotel and the pub next door everywhere else seemed unfriendly and offered little help
STAFF,positive,the people who run this inn are very helpful friendly and resourceful
STAFF,positive,the staff were also great really friendly and helpful
STAFF,positive,check in and check out were quick and efficient
STAFF,positive,before going we emailed the hotel directly to ask for room with view and we most definitely got one
STAFF,positive,staff are friendly and helpful
STAFF,positive,the staff was excellent they made all of our reservations and arrangments
STAFF,positive,we found the staff to be friendly
STAFF,positive,the staff was great polite and willing to go the extra mile
STAFF,positive,the staff was big help to reserve several tours for us as explaining where to go in amsterdam without feeling tourist our room was clean and comfortable with television telephone and in the bathroom bath toilet sink hair and shower gel and hairdryer at
STAFF,positive,the staff were very polite and the room was spacious and clean
STAFF,positive,we really apprected the beautiful though of the chocolate cake sent to our room courtesy of the hotel for our anniversary
STAFF,positive,the staff at rick cafe and at the front desk were very helpful and extremely enjoyable to spend few minutes chatting with
STAFF,positive,already planning nd trip we stayed at the royal for week this march and could not have been more pleased with the service
STAFF,positive,all the team was fantastic ivellise melvin leo maciel nina pablo bolivar teresa walter jesus francisco they are all lovely persons and make the hotel unique
STAFF,positive,was perfect the staff was great especially ricardo the concierge who was always very helpful julio who organized the beach activities was always fun and helpful and francisco our spanish professor who did great job trying to teach us spanish the
STAFF,positive,also special mention to linda who worked in the pool area and was always helpful and attentive
STAFF,positive,would definately recommend anyone to stay here staff were great too
STAFF,positive,during my stay all personnel were always responsive to my needs
STAFF,positive,great locale and service bit tattered stayed here two nights in april visiting family etc
STAFF,positive,very nice staff problem getting hot water in the morning but they were very accommodating
STAFF,positive,and she is very friendly she is credit to this hotel
STAFF,positive,hotel staff were very helpful and breakfast was lovely far surpassed expectations fruit croissants cheese meat and lovely coffee made fresh from espresso maker served in the little courtyard
STAFF,positive,andrea at the front desk was very helpful and knowledgeable
STAFF,positive,staff was very nice to all of us
STAFF,positive,however they went above and beyond and gave us special deal while spending forever on the phone with the internet company we had booked through
STAFF,positive,the service was outstanding both toward us and our year old
STAFF,positive,as always john aimee anne cindy eric and lisa take very good care of us
STAFF,positive,the staff were all so friendly and helpful and really did their very best to make our stay as comfortable as possible
STAFF,positive,they were extremely helpful professional and knowledgeable about the area
STAFF,positive,arrived after difficult trip from milan to the comfort luxury and top flight airconditioning of the hotel gallery art an essential in the middle of august in contrast to other italian hotels experienced the staff were consistently delightful and superbly helpful at all times
STAFF,positive,only has positive things to say about the affinia dumont staff were excellent professional and friendly
STAFF,positive,immaculate vintage hotel with personable staff worth the price
STAFF,positive,from the moment we arrived the staff made us feel special and welcome
STAFF,positive,front desk was great had to check out very early so when called for wake up call the operate ordered cab for me to arrive at certain time and they packed breakfast for me because miss the free breakfast
STAFF,positive,everyone including the desk clerk concierge door man and housekeeping staff were friendly as well as helpful
STAFF,positive,not enough superlatives to describe the efficiency and friendliness even down to the maids
STAFF,positive,excellent service stayed at the radisson as one of group of that travelled to boston for the st patricks day parade
STAFF,positive,would also like to mention how the staff was very friendly and helpful
STAFF,positive,the staff were always helpful plus on the day we were leaving they let us have our room for half day extra at no charge
STAFF,positive,the service was excellent and we were made to feel very welcome
STAFF,positive,the staff are friendly and helpful
STAFF,positive,the young man who greeted us mozah was very professional even though we arrived late
STAFF,positive,lean and incredible staff
STAFF,positive,when we got there the staff were friendly helpful and courteous and offered us range of rooms with view quiet etc
STAFF,positive,the hotel staff could not do enough for you
STAFF,positive,the staff were both courteous and efficient and the bar service was excellent
STAFF,positive,all the people at the hotel were very accommodating
STAFF,positive,staff were pleasant and helpful throughout which is always as have found it
STAFF,positive,the staff were very helpful with everything our hearts desired calling cab giving us directions carrying our bags up to the room and down again when we left the breakfast was treat the rooms were very romantic and clean and the location was superb
STAFF,positive,we thanks all the staff for making it so enjoyable
STAFF,positive,the front desk staff housekeepers concierge security and porters were all very nice to the kids
STAFF,positive,and the staff did great job
STAFF,positive,the best part of all was the friendlyness of staff which is so hard to find in some hotels
STAFF,positive,will never forget the great service received at this hotel with the staff exhibiting no condescension whatsover
STAFF,positive,service was simply excellent prompt valet service great concierge helpful staff excellent breakfast
STAFF,positive,the staff was perfect the service topnotch and the rooms were unbelievable
STAFF,positive,the hotel staff was great about giving restaurant recommendations that locals actually go to
STAFF,positive,the employees were very helpful very accomodating
STAFF,positive,the service we received from the entire staff was very friendly and the best customer service any of us had ever experienced
STAFF,positive,we didn see one rude member of staff all were very friendly and helpful
STAFF,positive,my reservation was quickly dealt with courtesy and professionality the room we were given in the executive wing exceeded all expectations and met all requests had stated with beautiful view of st patrick cathedral on top of those the use of the lounge was great boon for us supplying us with great breakfast and nightcap in pleasant friendly and civilized surroundings the concierge was very helpful and all in all we had the feeling we were being very nicely looked after every moment of our stay
STAFF,positive,friendly attendant in the swimming pool gym although lots of kids in the pool
STAFF,positive,excellent service at cost good location on side road of orchard road but not necessarily the best location as orchard road is like oxford st in london busy and full of tourists
STAFF,positive,the staff was friendly and helpful almost to fault
STAFF,positive,the staff were friendly and helpful and spoke good english
STAFF,positive,well worth the option to upgrade to the gold package all inclusive option getting the full array of la carte menu options imported spirits late check out and free laundry service also had good tour of the island with wayan recommended although don forget to take extra cash to buy souvenirs and to get into the tourist attractions
STAFF,positive,the jw did wonderful job with service and addressing every need we had and we were impressed from the valet attendant to the bellman to the room service
STAFF,positive,ritz carlton true star delivered true star service in star accomodation
STAFF,positive,really nice making us feel really welcome
STAFF,positive,wonderful service couldn fault anything
STAFF,positive,the staff was most helpful and available all the time to answer questions
STAFF,positive,friendly helpful staff
STAFF,positive,christine was very helpfull and very patient with all the questions we had as the first time travelers to paris with absolutly no knowledge of french
STAFF,positive,service was great
STAFF,positive,the staff are friendly and helpful and eventhough
STAFF,positive,everyone was so friendly at this hotel
STAFF,positive,the welcoming and efficient staff made everything go very smoothly and our room was lovely
STAFF,positive,the staff especially rory at the front desk and oj were great
STAFF,positive,staff were always very friendly and helpful
STAFF,positive,great service too
STAFF,positive,the staff especially the concierge chris go above and beyond the call of duty to make you feel welcome
STAFF,positive,everyone on staff was incredible and made us feel that we were the only guests there even though the hotel was sold out
STAFF,positive,the service was personal and excellent
STAFF,positive,turn down service was nice touch
STAFF,positive,friendly helpful staff this hotel is located near moulen rouge with small but adequate rooms
STAFF,positive,hotel staff were friendly and helpful
STAFF,positive,the staff are special here
STAFF,positive,hospitality is the word here starting with amie the person responsible for checking us in
STAFF,positive,during such scarey time the hotel staff became like family in that they did everything in their power to make our stay there as comfortable as possible not easy with the limited resources that were available after the storm hit
STAFF,positive,the staff was great the room was spacious by ny standards and the bed was very very comfortable
STAFF,positive,the hotel employees were friendly helpful and extremely knowledgeable
STAFF,positive,great front desk staff purchased via hotwire so was unsure what was in for
STAFF,positive,average friendly staff
STAFF,positive,the staff was very friendly very helpful and willing to work with little spanglish if communication broke down
STAFF,positive,staff can do enough for you they always call you by name
STAFF,positive,the only thing better was the hotel staff
STAFF,positive,the incredible friendliness of the staff really made the trip
STAFF,positive,staff was very friendly and helpful from replacing our mini bar when the key broke off in it to addressing plumbing issue with tempermental toliet to securing our bags after checking out while we toured the city on our last day in town to arranging for our shuttle ride to the airport
STAFF,positive,staff were very solicitous and on par with the hotel service standards each request was met with of course
STAFF,positive,people great
STAFF,positive,the staff were friendly the rooms were superb location was fantastic and the free wine is nice touch
STAFF,positive,the staff was delightful especially the doorman an older african american man who was quick with smile and never ever gave me the feeling he was looking for tip which made me tip him more it conveniently located to many midtown attractions and also the subway at st and lexington
STAFF,positive,the service here is second to none the welcome drinks were indeed very welcome although mini bar is very expensive
STAFF,positive,good service and pool and gym area was bonus
STAFF,positive,the staff was overly helpful and very attentive
STAFF,positive,friendly helpful staff especially loretta pointed us to good restaurants close to the hotel
STAFF,positive,conceirge was very helpful with directions and information
STAFF,positive,the best service
STAFF,positive,great customer service stayed for two nights and was placed into the wrong room type on the first night due to overbooking
STAFF,positive,just got back had great marriott service as always do and would stay at this one again in heartbeat
STAFF,positive,the staff was friendly and extremely helpful
STAFF,positive,very helpful and friendly
STAFF,positive,the staff couldn have been more kind and helpful
STAFF,positive,they were very helpful with recommendations directions restaurants etc
STAFF,positive,the staff is very nice and the free bottles of water per day are bonus very wellcome barcelona is hot
STAFF,positive,let me start by saying that the couple that run the hotel are charming helpful and welcoming
STAFF,positive,excellent friendly staff we stayed for four nights at the castle inn and enjoyed every minute of it
STAFF,positive,friendly and helpful front desk too
STAFF,positive,otherwise the reception people were very helpful and my internet addicted boyfriend loved that there was free internet in the lobby
STAFF,positive,the staff was super friendly food just fine beach was wonderful and plenty to do and drink
STAFF,positive,the helpful gentleman at the front desk on duty all night long was undaunted by the unusual but in my case necessary hours
STAFF,positive,hotel staff were excellent
STAFF,positive,my husband needed some assistance with the internet at am and they sent someone up immediately
STAFF,positive,what an amazing place from the moment we pulled up we received excellent service
STAFF,positive,the staff was friendly and tried to accommodate but they said there weren any rooms that were designated for just people
STAFF,positive,the staff is amazingly helpful and accomadating
STAFF,positive,staff were excellent and friendly and the location was perfect being close to newberry street and boylston street shops and restaurants
STAFF,positive,the lobby staff were efficient the food and service in the restaurant were good and our room was great
STAFF,positive,mean checking the sheets in detail for hair or any other objects the customer service was also great look for mark he will happily help you with anything you need to make your stay more comfortable
STAFF,positive,bad service
STAFF,positive,the staff are first rate the rooms and lobby are stunning
STAFF,positive,the staff and rooms were great
STAFF,positive,had very late flight out of seattle the day left and was allowed to stay longer in my room with no extra charge
STAFF,positive,we arrived tuesday afternoon on our honeymoon to be greeted by very friendly staff we had lovely fresh fruit brought to the room on arrival we asked to change the room for one where we could see and hear the sea no problem very helpfull
STAFF,positive,the staff were helpful and friendly
STAFF,positive,the staff were helpful and the hotel was great as base to explore the city
STAFF,positive,were also fantastic recommending and booking some excellent restaurants
STAFF,positive,the staff were all very nice from the bell man who gave us tips on how to get into boston and what to do once we got there to the desk clerk to the health club attendant to the shuttle bus drivers
STAFF,positive,must commend ahmed for the excellent service also pedro and galven at the bar
STAFF,positive,the staff was very pleasant and always eager to accomodate
STAFF,positive,the staff was extremely friendly and helpful
STAFF,positive,stayed here for weekend by myself single female and was happy with the service and the rooms
STAFF,positive,wonderful staff
STAFF,positive,the bellmen were very helpful we had tons of stuff because we were doing destination wedding
STAFF,positive,staff wonderfully helpful
STAFF,positive,very kind the staff of the hotel
STAFF,positive,the customer service was great
STAFF,positive,also all staf spoke english which was big plus
STAFF,positive,front desk staff was polite helpful and professional
STAFF,positive,we were upgraded and the room was very impressive
STAFF,positive,the staff were very friendly and helpful
STAFF,positive,from the moment we arrived every member of staff we came into contact with was friendly and helpful and made us feel very welcome
STAFF,positive,front desk staff were very plesent
STAFF,positive,the staff were friendly and helpfull would stay here again
STAFF,positive,however what made us most happy was the management and desk service they were very attentive helpful even checking on our last day that we were up about after our wake up call so as we would not miss our early flight this is very nice place to stay in such wonderful city gerard ny
STAFF,positive,flore took care of our reservations and of our needs at the magda hotel and she is the best
STAFF,positive,they quickly sent repairman
STAFF,positive,ask for recommendation of restaurants to eat at the front desk
STAFF,positive,the staff are very attentive and professional
STAFF,positive,very friendly and helpful staff
STAFF,positive,the service is impeccable and the location is the best for us who want to be close to ginza and train station which are few minutes walk from the hotel
STAFF,positive,great service super clean and well
STAFF,positive,we found everyone very friendly and helpful both by email before our trip and in person during our stay we will definitely stay again
STAFF,positive,the front desk and concierge were especially helpful and very friendly
STAFF,positive,the staff was delightful and all of us people had great experience
STAFF,positive,we were treated royally and our room was close to pool and the ocean
STAFF,positive,and stayed here and the staff amenities and hotel made it one of the best vacations we ve ever taken
STAFF,positive,we occupied rooms and after the first day the staff knew us helped us with all kinds of things
STAFF,positive,staff is friendly and helpfull
STAFF,positive,the staff in this hotel were very friendly and helpful
STAFF,positive,the service that we received was wonderful
STAFF,positive,you get treated like royalty
STAFF,positive,security is excellent
STAFF,positive,excellent expereince great service
STAFF,positive,friendly staff clean rooms good price
STAFF,positive,service is good as well as the location
STAFF,positive,our butler rabika was attentive helpful and ensured
STAFF,positive,the staff make this hotel truly awesome
STAFF,positive,expert advice on where to eat in boston which was spot on in terms of our requests and were happy to make bookings for us and get us into busy places during boston restaurant week
STAFF,positive,the staff is awesome extremely friendly and professional
STAFF,positive,the staff was very helpful and always cheerful during my stay
STAFF,positive,the employees were very friendly and helpful especially the ladysupervising breakfast the morning of the th the inner courtyard isabsolutely beautiful and the room was spaceous and quite comfortable
STAFF,positive,staff were generally friendly and professional
STAFF,positive,the staff were very nice the room was quite large clean and comfortable
STAFF,positive,the receptionists also helped to locate traditional german food and everyone enjoyed the hospitality of our hosts
STAFF,positive,very very pleasant accomodating staff
STAFF,positive,the staff was wonderful
STAFF,positive,this hotel itself and the staff are very adequate but being located in downtown miami is hinderance
STAFF,positive,would recommend this if you done want to stay one of the big hotels and if you want great customer service
STAFF,positive,overall very impressed with the service
STAFF,positive,and we felt very ssafe walking aroundstaff friendly and very helpful
STAFF,positive,the service was perfect
STAFF,positive,all housekeeping are gracious and attentive
STAFF,positive,french quarter gem tim miss and the staff at place armes thank you so much for the gracious southern hospitality on my recent short stay to new orleans
STAFF,positive,the staff is very polite
STAFF,positive,the cleaning staff was very friendly
STAFF,positive,staff very friendly and helpful
STAFF,positive,the staff at the hotel were simply superb mendrin pardi and augustini were the highlights providing service with smile
STAFF,positive,what made our stay truly exceptional was the amazing hospitality offered by the management and staff who made us feel welcome and cared for during our entire stay
STAFF,positive,all the staff were very polite attentive and seemed to take genuine pleasure in meeting all our needs and indeed exceeding our expectations with all the special touches that made our stay memorable
STAFF,positive,we got great service great view terrific location and few other things that are unusual for big city hotels the pillow menu and the emphasis on physical health activities
STAFF,positive,friendly and clean on our arrival at the hotel we were treated in very friendly manner given load of sight seeing maps and brochures and general rundown of where all the sights and shopping centres were which we found to be most helpful
STAFF,positive,room service is quick and quite respectable although the menu is tad limited
STAFF,positive,we weren sure about this hotel at first it needs bit of tlc and lick of paint in some areas but the staff made it for us
STAFF,positive,my wife and loved the hotel the staff were very friendly and helpful the room was quiet exactly what we asked for the atmosphere was great and we both loved the old world charm of the histiric building
STAFF,positive,convenient staff superb
STAFF,positive,from the moment we checked in the staff was very accomodating and nice
STAFF,positive,the service stands out as some of the best have experience the staff was very outgoing and knowledgeable with recommendations for meals
STAFF,positive,the staff were helpful thoughtful and courteous
STAFF,positive,great location clean with helpful staff we booked for nights in mid september as we had previously stayed here years ago
STAFF,positive,the taxi service available through the hotel was very friendly and helpful
STAFF,positive,the staff knows us and we always get excellent service and treatment
STAFF,positive,concierge also had greeat locval knowledge or resturants and shops
STAFF,positive,friendly and helpful
STAFF,positive,staff was very helpful and attentive to our needs
STAFF,positive,the welcome from the reception staff was wonderful
STAFF,positive,very friendly and helpful staff who were happy to assist with everything including our last minute request to stay additional two nights and to send an international fax for us
STAFF,positive,great great staff great beds great everything
STAFF,positive,stay here and give yourself treat with staff who really do genuinely care
STAFF,positive,excellent service friendly staff good food
STAFF,positive,staff go out of their way to be helpful
STAFF,positive,the staff was very friendly and helpful
STAFF,positive,the staff were ever so helpful and the suite had everything you could think of
STAFF,positive,in january the staff was very nice and the hotel was great
STAFF,positive,the staff were very polite breakfast was the perfect start to each day and the rooms were beautiful
STAFF,positive,carmel and pino are wonderful hosts and were so helpful in providing us insight on the best places to eat shop sightsee and thoroughly enjoy our stay
STAFF,positive,the staff were all fantastic and very friendly
STAFF,positive,staff is wonderful
STAFF,positive,love the staff especially the housekeepers
STAFF,positive,the hotel saff was very nice and they had decent breakfast in beautiful room
STAFF,positive,very helpful staff
STAFF,positive,all of the staff that we met were friendly and could not do enough to make our stay enjoyable
STAFF,positive,have stayed here number of times for weeks at time and have had not only superior service but excellent accomodations
STAFF,positive,great break arrived on the saturday afternoon pleasant staff greeted us
STAFF,positive,it was so pretty and quiet the staff always smiling and happy to help
STAFF,positive,love the employees and the food
STAFF,positive,we were impressed by the number of people we saw who were maintaining the hotel and grounds to very high standard
STAFF,positive,staff very helpful and the breakfast was great
STAFF,positive,the service was excellent and the food very good
STAFF,positive,their restaurant suggestions were wonderful and their customer service was excellent
STAFF,positive,you will not be disapointed my wife and stayed at the menzies hotel for three nights recently and from the moment we stepped from the cab we were treated as if we were the only guests especially from andrew who welcomed us
STAFF,positive,other than the horrid bed which totally spoiled my stay this place was modern very clean and offered friendly service
STAFF,positive,my wife was on crutches sprained knee just hrs before the flight and even though we were there only for one night before our cruise and were given room more accommodating for no extra charge
STAFF,positive,hotel and bar staff were extremely helpful and spoke excellent english
STAFF,positive,the staff was very friendly and even brought our son gold fish to take care of during his stay
STAFF,positive,check out was quick also and staff again really warm again
STAFF,positive,staff friendly and helpful service excellent
STAFF,positive,the hotel staff were friendly and helpful and the lift was super quick
STAFF,positive,the staff were exceptionally friendly and helpful
STAFF,positive,the atmosphere is very romantic and the service was great
STAFF,positive,we felt welcome from the moment we arrived via the tiny elevator until the time of our all too soon departure
STAFF,positive,both gerard and frederika were most helpful with any questions we had
STAFF,positive,the staff was helpful and friendly and the hotel is really cool place to stay
STAFF,positive,thanks for making our perfect stay in paris very comfortable
STAFF,positive,the hosts at the hotel barbara and emmanuelle made our visit like staying with family
STAFF,positive,they were extremely helpful with restaraunt suggestions
STAFF,positive,front desk staff were friendly and helpful as were the bar and restaurant staff
STAFF,positive,friendly always willing to help out with information and recommendations to maximime our stay cheerful during breakfast and
STAFF,positive,the best points of this hotel are the staff the rooms and the proximity to the tube station
STAFF,positive,hotel staff were very helpful and pleasant to deal with graciously providing information and making reservations for us for dinners and tours
STAFF,positive,the staff are all great
STAFF,positive,would like to personally thank concierge kary and carolina in working patiently with us in trying to locate our lost luggage airlines fault
STAFF,positive,the staff goes out of their way to be friendly and helpful
STAFF,positive,the best part of casci is the staff
STAFF,positive,staff was very helpful room was clean with great view of the city and toronto islands from our th floor room
STAFF,positive,they arranged everything from reservations in the best restaurant in the south west binkley to hot air balloon ride over the desert they just could not do enough
STAFF,positive,the most exceptional points were the customer staff the person that met us ms lynett professional kind and extreamly helpful
STAFF,positive,fine kids loved the weekend though which is the whole point still considering the cost could make better effort to feed the grown ups
STAFF,positive,the hotel staff were genuinuely helpful and made the stay wonderful
STAFF,positive,very helpful staff and great breakfast
STAFF,positive,ve stayed at hotels with decent staff these staff were the best
STAFF,positive,personell was nice and service minded though
STAFF,positive,the young staff was very friendly and helpful again
STAFF,positive,the staff are friendly and pleasure to chat
STAFF,positive,treated like royalty and they were extremely kind to my yr old boy
STAFF,positive,staff was friendly
STAFF,positive,they made my stay very comfortable
STAFF,positive,thank you mariel eliza and jaun carlo just to name few
STAFF,positive,excellent staff excellent hotel for the price
STAFF,positive,from the welcoming reception cookies and apples in the lobby upscale furniture and the cutest open courtyard with bistro sets this hotel does it right
STAFF,positive,the staff is marvelous
STAFF,positive,thank you very much for your kindness and the warm hospitality especially the help with our visas
STAFF,positive,the main saving graces of this hotel are the helpful and friendly staff and the fact the windows open to let the smell out
STAFF,positive,helpful and friendly staff comfortable well furnished rooms and one of the quietest hotel rooms
STAFF,positive,the concierge at this hotel was so kind to give me advice about finding comfortable shoes he ponted me to great website where have since found comfortable walking shoes
STAFF,positive,the staff were friendly and helpful and the hotel was very clean and welcoming
STAFF,positive,the staff took excellent care of every need we had which was plenty due to ladies getting ready
STAFF,positive,the staff were friendly and helpful and pre booked tickets for us when required
STAFF,positive,in spite of the rate we were treated like honored guests and upgraded to an incredibly large room since the check in
STAFF,positive,the hotel staff was helpful the room sufficiently large clean and quiet
STAFF,positive,the staff couldn have been more freindly and the buffett breakfast excellannt
STAFF,positive,an efficient but friendly staff welcomes you to this well located hotel in the centre of paris
STAFF,positive,overall service was ok although there was hick up but the people from the restaurant restored that
STAFF,positive,excellent service
STAFF,positive,fantastic service beautiful room wonderful cocktails
STAFF,positive,the hotel staff were fantastic friendly informative and helpful all the time
STAFF,positive,staff was wonderful especially gwendalyn
STAFF,positive,great parisienne decor and wonderfully attentive staff
STAFF,positive,the service was great
STAFF,positive,the staff wonderful helped us celebrate our th anniversary
STAFF,positive,the staff was helpful friendly and the meeting staff was available non stop
STAFF,positive,hotel and staff very pleasant
STAFF,positive,the staff are friendly rooms and general areas clean and the beds large and comfortable
STAFF,positive,excellent hospitality
STAFF,positive,the exception was the valets who were consistently doing great job
STAFF,positive,the staff are really nice people and would recommend it for people visiting new york without hesitation
STAFF,positive,in fact they were so nice that when tripped over drain cover that was in the parking lot the doorman immediately went and got screwdriver and fastened the cover to the ground
STAFF,positive,the staff were friendly and helpful and the room itself was clean and perfectly fine
STAFF,positive,the staff are certainly accomodating and room service was adequate but would wait until complete renovation of the rooms before ever staying at the biltmore again
STAFF,positive,friendly staff clean rooms and hotel great breakfast included every morning
STAFF,positive,everyone was so friendly and welcoming and the concierge was definately our best friend
STAFF,positive,the staff were fantastic always on hand to offer friendly advice from where to go on day trips to which restaurant to eat in
STAFF,positive,great service very friendly staff and they serve an excellant complementary full american style breakfast
STAFF,positive,time and we wish to compliment the management on having first class opera tion
STAFF,positive,the hotel staff was very helpful the rooms were clean and although do not speak any french had no problems at all
STAFF,positive,do plan to stay at the hotel le cirque again if only just to thank the staff for being there for us
STAFF,positive,the staff were excellent the room well appointed
STAFF,positive,top notch service
STAFF,positive,the staff was excellant
STAFF,positive,no need to get out of bed in the morning the staff
STAFF,positive,the staff are absolutely helpful and friendly and the rooms are not as small as we thought they would be with quaint little balcony
STAFF,positive,service was great food very good
STAFF,positive,the staff were friendly helpful and the hotel is in great location
STAFF,positive,the staff was helpful and their knowledge of san francisco was excellent
STAFF,positive,desk staff was awesome
STAFF,positive,the front staff did not even wince or balk at my silly error even though the hotel was just about full to capacity
STAFF,positive,staff knowledgeable and spoke excellent english
STAFF,positive,it was special occasion and when they found out they sent wine and cheese to our room
STAFF,positive,felt as though was the most important person there
STAFF,positive,excellent service really clean room with wonderful mattress
STAFF,positive,they treated us like family
STAFF,positive,on the plus side the staff were very friendly and helpful
STAFF,positive,staff was cordial
STAFF,positive,the staff was friendly and helpful especially lakiesha wilson
STAFF,positive,staff was helpfull
STAFF,positive,could not do enough for us
STAFF,positive,found the staff extremely helpful and pleasant
STAFF,positive,were extremely helpful from the concierge to the bell boys
STAFF,positive,the hotel staff when we stayed there were extremely helpful and friendly and added to the hotel but as hotels go it good value for money but dull
STAFF,positive,beautiful relaxing great service
STAFF,positive,the staff at reception were always helpful and cheery and nothing was too much trouble
STAFF,positive,the concierge brought an english speaking doctor to our room after we had checked out already and even got us taxi while we went to the pharmacy
STAFF,positive,what really makes the hotel is their fantastic staff who are friendly and willing to give good recommedations for restarants etc
STAFF,positive,we brought our small children with us and the hotel staff was very accomadating
STAFF,positive,service is fine gym is compact but adequate
STAFF,positive,the hotel is used by lots of airline staff and the information desk was very helpfull for maps and sightseeing info
STAFF,positive,staff was pleasent with good english
STAFF,positive,the staff is fine but the rooms here are so small as to defy belief
STAFF,positive,osam and his staff was really friendly helpful and accommodating
STAFF,positive,we were well taken care of across the island
STAFF,positive,hotel staff were welcoming and helpful
STAFF,positive,check in was easy and staff was accommodating
STAFF,positive,the manger and his wife were very freindly
STAFF,positive,service is great and the people working at the desk are extremely friendly and helpful
STAFF,positive,the staff very helpful they directed us on how to save hundreds on show tickets where most hotels would only offer you there services stadd multiple times
STAFF,positive,the entertainment staff rey frankin mariel and rosemary made every day whole lot of fun
STAFF,positive,the staff are very friendly and offer lots of help about the surrounding area and places to see eat party and shop
STAFF,positive,all of the employees we came in contact with were extremely friendly and helpful
STAFF,positive,we enjoyed eating at ginger and olsen two nearby restaurants and if we had had time would have tried more as recommended by the staff
STAFF,positive,pleasantly surprised very close to airport staff kindly checked me in very early and after freshened up pointed me in the right direction to the main centre
STAFF,positive,we had no problems with service
STAFF,positive,the hotel staff was courteous and friendly
STAFF,positive,superb friendly service without trace of stuffiness or pretension in very stylish and luxurious setting
STAFF,positive,staff were very friendly helpful and the accomodation was fair size
STAFF,positive,very friendly staff in small foyer reception with small bar in the corner for those late night nightcaps
STAFF,positive,and finally impeccable service from all the staff
STAFF,positive,we could not have been more pleased with the warm reception and excellent service provided at hotel casci
STAFF,positive,top service used the kitchen to save small fortune on breakfast and supper thus we could splurge on lunch
STAFF,positive,the free wine tasting each evening at pm was an added bonus and all staff were friendly and helpful
STAFF,positive,the hotel staff were very friendly and polite and always helpful
STAFF,positive,friendly staff clean spacious rooms perfect location and def
STAFF,positive,the staff could not help enough
STAFF,positive,if you call thirty mintues before needing your car it should be there for you
STAFF,positive,the staff was outstanding and the town car wonderful perk
STAFF,positive,the room we were originally allocated was upgraded free of charge due to about the bed available for the third person staying with us
STAFF,positive,the staff was also helpful with directions finding hours for museums etc
STAFF,positive,excellent service spot
STAFF,positive,received free room upgrade to maisonette on the th floor with balcony overlooking the street very nice excellent varied breakfast extremely pleasant staff and good overall level of service
STAFF,positive,the staff are unfailingly courteous and helpful the service is splendid however what really sets this hotel apart from the rest
STAFF,positive,the shuttle dropped us off right at the cruise terminal
STAFF,positive,everyone speaks english
STAFF,positive,the staff was most helpful and accomodating
STAFF,positive,nice and helpfull staff great rooms very spaceous many with seaview yummy breakfast buffet nice pool area situated directly at he beach
STAFF,positive,each of our requests were taken care of immediately
STAFF,positive,accomodating staff
STAFF,positive,the family that runs this hotel treats you like your are in their personal home
STAFF,positive,the staff was extremely friendly
STAFF,positive,since the moment arrived was impressed by the warmth that their staff offered to me and my family
STAFF,positive,their professionalism and kindness helped keep our stress to minimum
STAFF,positive,the staff was very friendly and always willing to help and make my stay as perfect as possible
STAFF,positive,the hotel team was quick and eager to help with any projects my wife and felt we were respected part of things and paris became accessible and comprehensible for us
STAFF,positive,the staff there is nothing short of incredible
STAFF,positive,down stanley st and friendly staff
STAFF,positive,the staff were friendly and helpful
STAFF,positive,requests for foam pillows and rolloway were answered promptly and my children loved the kids welcome pack at check in
STAFF,positive,westfield shopping center is located directly across the street nordstroms bloomingdale great food court too the service and the rooms were excellent and we would highly recommend this hotel to anyone staying in san francisco that would like to be close to the shopping and public transportation
STAFF,positive,the staff were friendly and welcoming right from the start with plenty of charm and good humour which we found unusual in spain on the whole
STAFF,positive,the person helping me calmly went into the backroom and was gone for perhaps minutes and found beautiful room for us
STAFF,positive,the service was excellent and the people were warm and always happy to help
STAFF,positive,service is excellent beds are extremely comfortable and rooms are well decorated and clean
STAFF,positive,staff was prompt and courteous
STAFF,positive,the people at reception were friendly and always ready to give infomations about the city
STAFF,positive,the staff from the doorman to the floor maid and from the front desk to the shift manager were most accommodating and professional
STAFF,positive,all staff were pleasant rooms were comfortably furnished with the latest innovations in guest room design baths were wonderful
STAFF,positive,the service beds and location was wonderful we will be doing it again
STAFF,positive,front desk staff was quite helpful and the included breakfast was good but simple continental fare
STAFF,positive,people at desk couldn have been nicer
STAFF,positive,the staff were very helpful even the manager offered to allow us to leave our big luggage there for small trip to london
STAFF,positive,the staff were very helpful and friendly and would like to give special mention to brenda who made our stay very special for my husband th birthday
STAFF,positive,very helpful staff rooms very tastefully decorated with nice bathrooms
STAFF,positive,the staff was friendly and helpful
STAFF,positive,the staff was very professional
STAFF,positive,staff was pleasant and very knowledgable about surrounding area and history
STAFF,positive,don think any of these activities would be possible with out the excellent entertainment staff who went out of their way to say hello include you in the activities and just plain make it fun
STAFF,positive,staff was courteous friendly definitely commendable
STAFF,positive,in fact all the staff were excellent right to the cleaning lady who greeted us with cheery good morning
STAFF,positive,the hotel staff is courteous and helpful and room service is prompt
STAFF,positive,staff was very polite and helpful
STAFF,positive,have to mention the staff of the front desk and in the restaurant are efficient fast patient and friendly
STAFF,positive,and most of all the staff was thoroughly accomodating and helpful
STAFF,positive,super customer service
STAFF,positive,the service is excellent and you feel always to be welcomed
STAFF,positive,the employees were very helpful and pleasant
STAFF,positive,the hotel staff also went out of its way to accommodate
STAFF,positive,staff were really helpful and friendly
STAFF,positive,they were overall very professional and super courteous
STAFF,positive,check in staff were friendly and helpful and presented us with room upgrade and bottle of wine since it was our honeymoon
STAFF,positive,the hotel is quaint with lovely terrace and nice hosts but seemed as if this place was more geared towards americans with some surprise at guests that are not americans us
STAFF,positive,staff were friendly and it was clean and well
STAFF,positive,staff were friendly enough but the main attraction is this hotel location right on the bustling las ramblas
STAFF,positive,mike at the front desk is exceptionally helpful with restaurants and touring
STAFF,positive,even service and concierage is not as great
STAFF,positive,the staff was super friendly especially the younger employees they took personal interest in our stay and answered all our questions about the culture places to go etc
STAFF,positive,there is one guy who helped us mike he is very nice
STAFF,positive,not sure about the negative reviews but service was great for us
STAFF,positive,the staff were all very friendly and helpful
STAFF,positive,english speaking staff
STAFF,positive,staff was friendly and the location is convenient to shopping and restaurants
STAFF,positive,the staff are always helpful and friendly and nothing is ever too much trouble
STAFF,positive,this is great hotel on arrival we were upgraded without asking to delux room with great views of wonderful city
STAFF,positive,was sick one day and the kitchen staff went the extra mile to make sure had fresh chicken soup and asprin
STAFF,positive,so friendly there english is exceptional
STAFF,positive,the owners and staff were very knowledgeable about the area went out of their way to make us feel comfortable
STAFF,positive,the staff was very helpful and friendly
STAFF,positive,was friendly it would be great if they learned little more english though
STAFF,positive,staff friendly and most helpful
STAFF,positive,the staff was joy to deal with no request was too small or too much trouble for them
STAFF,positive,all the staff were courteous especially the cheerful spa staff and my three night stay was very pleasant
STAFF,positive,friendly staff beautiful room and peaceful surroundings
STAFF,positive,staff were very helpful location amazing and metro so close although notre dame and latin quarter was only minutes walk
STAFF,positive,the staff was very helpful always smiling and the room was wonderfully clean with distant view of the sacre coeur from the balcony on the fourth floor
STAFF,positive,received excellent assistance with directions to various areas needed to locate
STAFF,positive,service was impeccable and the rooms are very lovely
STAFF,positive,the staff is great rooms are nice size it great location and it clean clean clean
STAFF,positive,the staff was great family run operation and they seemed genuinely concerned about our stay
STAFF,positive,the staff were very helpful and the room small but immaculate
STAFF,positive,unbelievably friendly staff highly recommend excellent hotel service beyond our wildest dreams
STAFF,positive,hotel staff was good and price was great
STAFF,positive,staff at the hotel are polite
STAFF,positive,not once did experience an unhappy employee
STAFF,positive,the service and attention to detail is amazing
STAFF,positive,staffs were very helpful and friendly the room is very clean with big bath room
ROOM,positive,the rooms are huge well appointed with clean bathrooms fridge tv buffet breakfast and friendly staff
ROOM,positive,rooms and bathrooms are good size and air conditioned
ROOM,positive,big rooms near the night life attractions weber hotel is good surprise
ROOM,positive,the room was wonderful from the bed to the incredible shower bath
ROOM,positive,we had larger room for european standards but the bathroom was very small and the shower was really small
ROOM,positive,the rooms are quite reasonably priced considering the surroundings although drinks in the bar are very expensive by local standards
ROOM,positive,we had city mountain view king room on the th floor with nice size lanai the room was little small but clean and comfortable
ROOM,positive,very nice rooms clean and quiet friendly staff and good service
ROOM,positive,everything was extremely clean and tidy would definately return again
ROOM,positive,large room with great view
ROOM,positive,wonderful room
ROOM,positive,clean spaious rooms just wish the rates were cheaper there is only one restaurant in the hotel and its not the greatest but its ok
ROOM,positive,room in village area
ROOM,positive,the rooms are of reasonable size with standard tv radio telephone fan safe trouser press and tea and coffee making facilites
ROOM,positive,room and service were excellent and highly recommended
ROOM,positive,the rooms are spacious cosy bright and airy
ROOM,positive,decent sized room for nyc very quiet great bed helpful staff excellent bars and restaurants and the most efficient elevator system have ever seen in high rise hotel
ROOM,positive,the rooms werre stylish and the beds were very comfortable
ROOM,positive,the room was tidy and comfortable
ROOM,positive,our room had great view of the golden gate bridge which was good
ROOM,positive,and the room is extraordinary with fine linens fantastic bath separate marble shower and soaking tub great radio and delivery of the san francisco chronicle and the new york times in the morning
ROOM,positive,room was large and had two windows overlooking the arno
ROOM,positive,bathroom was large clean although it was bit dark even with all the lights on so bit hard to put make up
ROOM,positive,great room
ROOM,positive,kitchenette useful
ROOM,positive,ask for corner room as they are slightly larger
ROOM,positive,clean room with quite new bathroom fixtures
ROOM,positive,very nice beach and lovely rooms pools and hotel grounds stayed nov and had great time
ROOM,positive,the room is well decorated though noisy and on small side
ROOM,positive,great rooms noisy location we spent nights at this hotel in madrid
ROOM,positive,the beds had nice duvet covers and were comfortable
ROOM,positive,the rooms were nice and felt like this hotel was good value
ROOM,positive,my room was very large my only complaint is the plumbing is still very old it took long time for the hot water
ROOM,positive,the hotel appears to have renovated its rooms including the bathrooms
ROOM,positive,the rooms are well appointed and very clean
ROOM,positive,dallas the beds were soft the shower
ROOM,positive,upon check in the clerk informed me that we had been upgraded to suite and that it was one of the newly refurnished rooms
ROOM,positive,interiors were very clean and the bathroom excellent
ROOM,positive,very comfortable room well stocked items in the bathroom
ROOM,positive,had no problem with cell phone reception in my room and probaly made calls at the time
ROOM,positive,quiet too
ROOM,positive,check in was brisk and the room was adequate neat not too large yet not too small considering this is hong kong
ROOM,positive,the room was modern clean sound proofed and great for multi night stay in madrid
ROOM,positive,the rooms were fantastic and the breakfast was the best selection have seen
ROOM,positive,but it had everything it said it had and great little balcony overlooking the canal
ROOM,positive,we had well equipped bathroom tv and mini bar apart from tea making faciliites there was nothing more we needed
ROOM,positive,the hotel was recently rennovated and my room was nicely furnished
ROOM,positive,our room had recently been refurbished and was lovely with even drinking water tap
ROOM,positive,our room and the hotel services was absolutely satisfying
ROOM,positive,lovely lobby beautiful rooms pleasant staff
ROOM,positive,rooms were quaint and lovely
ROOM,positive,our rooms were at the front directly overlooking the plzza della republica it was amazing we could look out and listen to music playing every night from violins to salsa opera and the atmosphere
ROOM,positive,few of the things loved nicely decorated spacious room pc with free internet access in the room metro station directly under the hotel nice selection of glasses in the room tall tumbler wine etc great food from the many hotel restaurants wide range of toiletries fantastic shower free use of dvd playeror bose music system on request types of pillow to choose from
ROOM,positive,was very clean also the maids were very helpful cleaning our room when we went down to breakfast they also have great beauty shop in the hotel my
ROOM,positive,the room was clean the location great the staff courteous although sometimes bit flustered
ROOM,positive,every room have seen total of are all differently but individually decorated and include all the essentials even down to stationery items in the desk
ROOM,positive,clean rooms but small
ROOM,positive,room was very clean the bed was huge the buffet breakfast was brilliant and catered for every taste
ROOM,positive,room was very comfortable and modern and good sized as well
ROOM,positive,the room was clean fresh and all the stops were pulled out to make our stay memorable one
ROOM,positive,the room was clean the staff was helpful the breakfast was good and the shuttle is great
ROOM,positive,room was very comfortable and good size
ROOM,positive,it is also quiet especially if you ask for room at the rear of the property
ROOM,positive,room was spacious and clean staff were very helpful and friendly
ROOM,positive,gracious attentive spectacular bathrooms guestrooms
ROOM,positive,the rooms were great as well
ROOM,positive,rooms great some have only showers slow elevator but who cares more time to visit
ROOM,positive,the rooms are charming spotless and spacious
ROOM,positive,also really quiet due to very good double glazing
ROOM,positive,the rooms are very comfortable and we had great nights sleep didn eat in hotel as was abit pricey for our liking they did recommend very good eating places nearby that suited our requirements perfectly
ROOM,positive,the room beds was large with kitchenette which is very convenient for storing and heating up food there an oven range microwave sink and fridge with dishes and utensils provided
ROOM,positive,our suite was cleaned every day and mini bar restocked any member of staff no matter what their position had time to stop and chat and always helpfull for our first time in the carribean
ROOM,positive,the motel is indeed on lombard street which is in fact section of the but as we had rooms away from the street we didn have any trouble with the noise
ROOM,positive,we stayed in room which had fantastic view and good size balcony
ROOM,positive,and we needed those rooms for our group of
ROOM,positive,boy was my kid excited the brand new suites were unbelievably beautiful with luxury amenities and very kind service
ROOM,positive,comfortable room fantastic marble bathroom and superb view
ROOM,positive,the room was lovely nice decor and extremely clean
ROOM,positive,rooms ok clean but rather small and without wardrobe to hang clothes
ROOM,positive,the rooms are very nice spacious and well decorated
ROOM,positive,the restaurant is rated highly by number of gourment magazines and rooms are pleasant if on the small side
ROOM,positive,clean and new rooms quiet nice staff and near to the airport
ROOM,positive,rooms were clean and serviced breakfast was provided and there was plenty to fill up on
ROOM,positive,the view from the room window is lovely though over the amstel very romantic sunsets and sunrise for breakfast there either coffee or tea
ROOM,positive,very clean and comfortable and good size
ROOM,positive,more importanly the rooms were spacious and comfortable
ROOM,positive,the room was cozy and it was easy to access
ROOM,positive,large and comfortable room just returned from night stay at the sofitel
ROOM,positive,the rooms are tremendous service is outstanding and the pool is decadent greco roman paradise in the middle of berlin
ROOM,positive,would recommend to anybody
ROOM,positive,rooms were clean and good size
ROOM,positive,then small staircase leading into the spacious main room
ROOM,positive,the room was at the back corner of the building very spacious and the state of the bathroom impressed me
ROOM,positive,we have stayed in many hotels in london including claridges and blakes but this is our favourite
ROOM,positive,the room was awesome and location was perfect
ROOM,positive,the room was clean and large nice bathroom dressing room set up
ROOM,positive,the room was spacious clean and comfortable
ROOM,positive,it was clean airy and felt like vacation home not hotel room
ROOM,positive,at least we were able to sleep at night
ROOM,positive,very comfortable beds and excellent room
ROOM,positive,was in room which had great view of the golden gate bridge in the background
ROOM,positive,the accommodations and amenities left nothing more to be desired except maybe an indoor pool but not big deal in my opinion
ROOM,positive,room very nicely decorated th floor had great panoramic view from greenwich to crystal palace
ROOM,positive,the actual room is perfectly adequate budget motel room except that our room had view of coit tower transamerica building and the rest of downtown sf
ROOM,positive,the room itself was adequate
ROOM,positive,was impressed with the rooms given the great location and low cost definitely treasure we found and can wait to stay there again
ROOM,positive,our room was on the back of the hotel so no view but very very quiet
ROOM,positive,room was large and comfortable but smelt lot of cigarettes
ROOM,positive,room was unexpectedly ample well fitted out and great value
ROOM,positive,the room was great
ROOM,positive,we were given nice quiet room on the th floor overllooking the pool of the adjacent hotel property
ROOM,positive,we had an enormous room big comfy kingsize bed and great shower
ROOM,positive,the room was nice but the beds were too soft it was so uncomfortable
ROOM,positive,the room was comfy and clean
ROOM,positive,beautiful views from the concierge lounge and presumably from bridge view rooms
ROOM,positive,the view was great as well which was expected considering the brillant location right on the harbour
ROOM,positive,rooms very clean and bed was better than home
ROOM,positive,room was spacious and overlooked the courtyard
ROOM,positive,our room was large and bright with plenty of toiletries and towels and robes for my husband child and me
ROOM,positive,the room was very comfortable amenities were good service was good
ROOM,positive,the room was good size and the furnishings looked relatively new and comfortable but there was strong drainage smell in the bathroom all the time and there was fizzing electrical sound all through the night which only went away when it was drowned out by the loud air con
ROOM,positive,quirky comfortable rooms
ROOM,positive,the rooms were very clean and the people could not have been more friendly
ROOM,positive,the room was clean the bed linens crisp and the bathroom spotless
ROOM,positive,she upgraded us to fabulour corner room facing the harbor and gave us complimentary access to the executive suite hospitality room
ROOM,positive,it not as noisy as thought
ROOM,positive,the room was comfortable fantastic bathroom huge and the bed was one of the most comfy that have slept in anywhere in the world and the hotel is in wonderful location
ROOM,positive,our room was clean and had all the amentities you expect
ROOM,positive,are big for european standards and well decorated
ROOM,positive,the residence michalangiolo has fantastic rooms and is run by the nicest freindliest people you could hope to meet
ROOM,positive,recent refurbish is good though ensuite is small who cares the shower works well
ROOM,positive,the lobby and rooms are very nice
ROOM,positive,clean and spacious room
ROOM,positive,the rooms are great cheaper than some of the well known names and frankly far better
ROOM,positive,the room was ok but the bathroom was kind of obsolete with very old and loose faucets
ROOM,positive,our stay in suite included access to the club lounge and the experience was so good that we hardly saw the city
ROOM,positive,we had an adjoining suite which was absolutely phenomenal overlooking the arno
ROOM,positive,room excellent staff excellent facilities excellent restaurant bar excellent reasonably priced shuttle to airport excellent
ROOM,positive,we enjoyed the above par service the clean and cozy room yes little tight but workable the coffee and cookies in the lobby and cozy bar where we could enjoy cocktail in quiet atmosphere all at very reasonable price
ROOM,positive,spacious clean room comfortable beds
ROOM,positive,we were upgraded on arrival to superior room which was lovely
ROOM,positive,the beds are the most comfortable ever like massive marshmallow
ROOM,positive,large and nice rooms excellent central situation and above all relaxed atmosphere and friendly very helpful staff
ROOM,positive,we had room across from reception and didn have any problems with noise
ROOM,positive,price for room was pretty good and they were able to extend our stay by day you will need time to explore la
ROOM,positive,rooms were adeqate and well decorated with clean and modern bathrooms
ROOM,positive,rooms are clean and attractive for the price and the bathrooms are very good
ROOM,positive,fabulous room and views
ROOM,positive,our room was very comfortable they remembered to not give me feather pillows and the free minibar was lovely touch
ROOM,positive,but if you are loooking for spacious room in central location
ROOM,positive,good room with good breakfast
ROOM,positive,the rooms are excellent and well maintained
ROOM,positive,probably the best hotel room ve ever stayed in anywhere in the world
ROOM,positive,however the room was so comfortbale an dthe bed such joy indeed had the nicest sleeps here in days touring the deep south
ROOM,positive,the rooms are spacious and the service is great
ROOM,positive,we got really nice recently refurbished twin room for only euro booked direct on the hotels website however rather large negative
ROOM,positive,and stayed four nights and had great time the rooms were clean and had everthing we
ROOM,positive,our rooms were spacious and spotlessly clean
ROOM,positive,rooms are clean
ROOM,positive,the room couldnt have been more comfortable we stayed here for quick lay over before we drove up to orlando
ROOM,positive,our room was large and comfortable and the staff was top notch especially elmer
ROOM,positive,prefer quiet room over one with window on the french quarter street noise
ROOM,positive,great rooms good location pricey very nice bedroom suite in great location near shopping and subway
ROOM,positive,our room was on the th floor and we had great views of the empire state building and the river
ROOM,positive,rooms are very comfortable tastefully decorated and impeccably clean
ROOM,positive,the accommodations were comfortable clean and first rate
ROOM,positive,the rooms are brand new and spacious the staff superb my favorite spa in the world
ROOM,positive,the rooms were spacious and clean however the service left lot to be desired
ROOM,positive,rooms are very large well appoingted but with plenty of space for luggage etc
ROOM,positive,we paid per night without breakfast but got an excellent sized room which was clean attractive and had an great bathroom
ROOM,positive,really comfortable beds
ROOM,positive,room with view lovely reception staff and lovely room we stayed in with view of duomo not the main one
ROOM,positive,we had quiet room unbelievable in ny and although the bed was lilttle bit on the small side we had comfortable rest
ROOM,positive,the ocean views are very beautiful
ROOM,positive,the room was small but spotless with beautiful bathroom and delightfully comfy bed
ROOM,positive,clean stylish rooms
ROOM,positive,noise wasn problem for us and the staff was typical stiff spanish professionalism
ROOM,positive,so think was in one of the executive rooms based on our group negotiati
ROOM,positive,we stayed here for nights and found the room comfortable and good size
ROOM,positive,the rooms were clean the breakfast was ok and remember this if is clean and has great location the restis not important
ROOM,positive,rooms were clean and decently sized with fun decor
ROOM,positive,our room was really good size and very comfortable
ROOM,positive,great shower and vanity and loved the complimentary sodas in the fridge everyday
ROOM,positive,the rooms were very nice and the beds very comfortable
ROOM,positive,the rooms are great and the location is brilliant
ROOM,positive,bedroom exceptionally quiet and beautifully appointed
ROOM,positive,very clean very quiet huge bed
ROOM,positive,our suite was luxurious the staff and service was wonderful and we couldn have been happier with our choice of hotel
ROOM,positive,excellent well appointed room at very competitive rate
ROOM,positive,our room was large with good view and well decorated
ROOM,positive,loved the room would definately go back again
ROOM,positive,the room was immaculate and spacious
ROOM,positive,clean rooms nice breakfast in the morning
ROOM,positive,very well appointed rooms with everything you need quiet and peaceful minutes to metro station and of course rue cler
ROOM,positive,the delux rooms are very spacious luxuriously appointed and comfortable
ROOM,positive,the well decorated rooms are not huge and the views nothing special but that said for staff location cleanliness rick lounge and overall ambience
ROOM,positive,the rooms are very comfortable and the bathrooms are modern and well equipped
ROOM,positive,the room was superb
ROOM,positive,and must say it deserve the high ratings large rooms with kitchen free sauna and gym on the top and great location just min walk to union station and cn tower
ROOM,positive,clean room with partial view of the sound adds to the value
ROOM,positive,we were pleasantly surprised by our room the high ceiling had lovely wooden beams and the room was spacious
ROOM,positive,the rooms and grounds are very beautiful the food is excellent and the service impeccable
ROOM,positive,room was very nice with simmons beautyrest bed that was very comfortable nice big tv good bathroom and towels
ROOM,positive,room was good size free washer dryer on th floor housekeeping and turndown were great
ROOM,positive,our original room was overlooking parking lot but after we asked to be switched we were given beautiful room with an ocean view
ROOM,positive,the rooms were clean hotel staff friendly
ROOM,positive,the bathroom was very spacious the bed was nice and comforable location is ok nothing near here taxi to orchard road will cost singapore dollors outside the hotel next door the miramar you can catch the city buzz service
ROOM,positive,great room plenty of space although bed is very firm westin heavenly beds are clearly superior
ROOM,positive,the room was large by nyc standards
ROOM,positive,happy again having booked standard room for our second long weekend at ku鈥檇amm we were positively surprised to be given comfort room for the same price
ROOM,positive,our room was large if basic with good standard of cleanliness
ROOM,positive,the rooms were spotlessly clean and the location was very convenient
ROOM,positive,always comfortable stay small rooms but nice hotel
ROOM,positive,beautiful bedrooms with nice bathrooms and great breakfast
ROOM,positive,with many boston hotels averaging per night we had perfectly acceptable king size room for just under including parking
ROOM,positive,excellent rooms friendly staff spacious room compared to other places
ROOM,positive,the rooms are as you would expect and some have good views of tokyo
ROOM,positive,the rooms near the street were refurbished couple of years ago so requested room there
ROOM,positive,my single room which referred to as the princess room since you went up flights of stairs to enter the sleeping bath area after you came in the door had no view but was so delightfully quiet that happily accepted the trade off
ROOM,positive,great room food service nothing at all to complain about
ROOM,positive,our room was spacious the bed was so comfortable and it was very quiet
ROOM,positive,the room we were given was overlooking the inner garden which was perfectly nice and quiet
ROOM,positive,the room was clean with good shower and the staff were friendly
ROOM,positive,my room was imaculate with comfy bed and was well designed with cool bathroom and deep bath
ROOM,positive,the rooms are gorgeous and you can see that somebody decorated them with lot of love
ROOM,positive,after reading bad reviews here asked for renovated room which was very impressive
ROOM,positive,worth getting room with view of the harbour it does add to the holiday atmosphere
ROOM,positive,very clean
ROOM,positive,good room great restaurants nearby and good cocktails in the bar not far from old street station
ROOM,positive,and we were allocated wonderfully spacious room on the th floor with an amazing view of the chrysler concierge
ROOM,positive,our room was nicely sized and well appointed
ROOM,positive,the room was the largest have ever had in ny very well appointed and super clean
ROOM,positive,we were upgraded to room on the st floor and had great view of the city
ROOM,positive,we had pool sea view room excellent
ROOM,positive,loved the furniture in the lobby especially the tall high chair check it out
ROOM,positive,the room itself was nice large restroom and even desk if you need to set up computer
ROOM,positive,the room was fine as well as the location of the hotel not too far from city centre
ROOM,positive,the room we stayed in was huge clean and utterly comfortable
ROOM,positive,good sized room
ROOM,positive,if possible ask for one of the rooms that overlooks the plaza las delicias
ROOM,positive,the room was clean and modern
ROOM,positive,the view from our room was great the floor to ceiling windows and flat screen tv were nice touches and the bed was possibly the most comfortable either of us have slept in
ROOM,positive,rooms area clean and consistent and up to four seasons standards
ROOM,positive,the rooms were clean and our triple room was extremely large by european stds
ROOM,positive,second floor with nice balcony to the street
ROOM,positive,large rooms great breakfast friendly staff and close to town by the or bus
ROOM,positive,the view of darling harbour from the room was amazing
ROOM,positive,my room on the third floor was enormous with separate well stocked kitchen and eating nook living area with large couch and recessed king sized bed all very elegant and comfortable
ROOM,positive,all rooms are suites and even the smallest is great for two people or the business treaveler
ROOM,positive,our room was amazing
ROOM,positive,took room with shared bathroom and toilet facilities and it was obvious that the house staff were checking and cleaning both the toilets and bathroom regularly
ROOM,positive,the rooms at the back are quiet and elegantly furnished and the hotel is perfectly placed couple of minutes walk from the duomo
ROOM,positive,the modernisation has ben done thoughtfully with old features retained but clean spacious modern rooms
ROOM,positive,our room was on the ninth floor and the view from the window overlooking the roof tops was lovely the bathroom was very modern and it was handy to have safe deposit box in you room at no extra charge
ROOM,positive,booked three night special rate bedroom and the apartment is better than my expectation
ROOM,positive,for around usd per night you get clean albiet small room with basic but nice appointments cable tv dvd free wireless internet etc good location in vibrant little india and basic but tasty buffet breakfast
ROOM,positive,stayed for days and was amazed at the size of the room
ROOM,positive,our room has always been very clean quiet and comfortable
ROOM,positive,my room was clean but truly tiny and in need of refurbishment
ROOM,positive,the rooms are big for new york and welcome change from the chain hotels with fans as well as the usual ac
ROOM,positive,if you want luxorious hotel pay more and get one if you just want nice clean cheap room in an excellent location
ROOM,positive,rooms anre clean and linen changed every day
ROOM,positive,comfortable clean rooms
ROOM,positive,the twin bed room was more spacious than the double room the beds are easy enough to push together
ROOM,positive,we stayed first of all in the boardroom suite then in the view suite with great views
ROOM,positive,we were very impressed with the room service and personnel
ROOM,positive,good room and location we only had one night in florence so chose this place for its good proximity to tourist sites and train station and based on the excellent reviews it received here
ROOM,positive,and the price for king size is matchless for nice place in midtown
ROOM,positive,and spent many night in or hotels that are not up to this standard we booked superior room
ROOM,positive,the rooms are like rooms are but pristine and with most facilities
ROOM,positive,we asked for room at the front and found it was well sound proofed even though you had the trams and nightlife til late
ROOM,positive,the room is pretty clean especially the bathroom
ROOM,positive,the one stayed in was huge with full kitchen and ocean view from the balcony
ROOM,positive,there was nice view of the harbor but the only way you could actually see the ocean from our room would be to step out onto the balcony and lean over to see small sliver of pacific
ROOM,positive,the rooms were immaculate
ROOM,positive,clean but small room slightly dirty carpet small tv set
ROOM,positive,great breakfast room
ROOM,positive,rooms are spacious and comfortably decorated
ROOM,positive,the borgmann villa backs on to amsterdams beautiful vondel park and room with view is great its min walk to the museum and leidseplein the tram is min away breakfast at cafe vertigo in voldel park is worth the trouble
ROOM,positive,the rooms were great the breakfasts were very nice and loved that the shower products are from the famed nuns at the perfumia santa maria novella
ROOM,positive,delicius rooms flatscreen tv nice bath rooms but tub and shower in one with very high ends so you almost have to climb not that easy
ROOM,positive,overall we were very pleased with this accommodation and would choose to stay here again
ROOM,positive,facilities rooms were clean and comfortable free wi fi access bring your notebook to surf in your room hotel bar open in the afternoon and evenings downstairs nice breakfast in the mornings breads cereals fruit meats mini fridge in room rooms have ccons
ROOM,positive,knew not to expect the ritz did get clean comfy bed shower and sink with plenty of hot water and good water pressure and nice flat screen tv with cable
ROOM,positive,depending on which tower you stay in main tower was great the rooms are new but bit small with everything needed in hotel including small fridge bring your snacks and water very
ROOM,positive,had room on one of the top floors which offered the most spectacular views
ROOM,positive,because of the good double glazing this is not problem at the hoxton
ROOM,positive,firestation around the corner never bothered us with noise even though room faced the street on th floor may have helped that height certainly helped make the room bright and airy feeling
ROOM,positive,the room was aa great size so was the marble bathroom
ROOM,positive,rented room that had bathroom
ROOM,positive,nice bathroom with great water pressure
ROOM,positive,rooms well appointed and breakfast adequate
ROOM,positive,just everything you need perfect room friendly staff bathroabs and sleepers in your room nice linen and very comfortable beds
ROOM,positive,the room was decent clean and relatively quiet
ROOM,positive,the hotel room was fine rather small but ok
ROOM,positive,our rooms were on the th floor really nice rooms very clean and modern maid service every day
ROOM,positive,nice room great service
ROOM,positive,the rooms are clean and comfortable and the maid service is excellent
ROOM,positive,room was contemporary clean and of high standard
ROOM,positive,the lcd tv really make difference and the room design and the wet room style bathrooms are great
ROOM,positive,the room was spacious and beautifully furnished
ROOM,positive,spacious room nice clean hotel located in the downtown area
ROOM,positive,view from our room balcony
ROOM,positive,the bathrooms are well appointed with large shower and separate bath
ROOM,positive,well if room is newly refurnished room would have hated to see what the others looked like
ROOM,positive,felt like queen clean beautifully decorated rooms
ROOM,positive,we had very nice clean room with plenty of towels for our family of four
ROOM,positive,the room was quiet and the lock on the door was very sturdy
ROOM,positive,try for room on the canal side
ROOM,positive,we had triple room which worked out night between us which is great value
ROOM,positive,room is spacious
ROOM,positive,the hotel room was excellent in everyway
ROOM,positive,bed was like sleeping on cloud
ROOM,positive,the bathroom was fine with good shower
ROOM,positive,the room we stayed in executive was very nice
ROOM,positive,the room is good and the club floor lounge is very nice
ROOM,positive,our room was large decorated with period furnishings antiques and the bed was the most comfortable we have had at any hotel
ROOM,positive,the twin room we had was very spacious and had very useful small kitchenette with microwave dishwasher and small stovethe breakfast buffet was very busy with long que but worth the wait and had good selection
ROOM,positive,we stayed in wonderful bedroom suite we had decided to treat ourselves and it was well worth the extra money the rooms are huge
ROOM,positive,room was very modern and clean
ROOM,positive,very new bathroom
ROOM,positive,and we had toilette and shower in the room
ROOM,positive,our room had very high ceiling with nice decorations the ancient furniture was very elegant bathroom was comfortable enough and very clean
ROOM,positive,we were given corner room after small mix up with our reservation which was sorted out fairly quickly on the th floor with brilliant view of the river
ROOM,positive,the room was impecible the service outstanding and the view was wonderful
ROOM,positive,rooms clean and simply decorated
ROOM,positive,was genuinely surprised and pleased that the room we reserved turned out to be suite
ROOM,positive,the rooms were large clean and newly renovated
ROOM,positive,large quiet rooms with great service
ROOM,positive,the one bedroom suite is fabulous and great for the money
ROOM,positive,the biggest negative is the very very small bathroom
ROOM,positive,loved the room
ROOM,positive,spotlessly clean and large with seperate power shower bath and loo with bidet
ROOM,positive,and ended up in much better hotel in bavaro with view from my room overlooking the whole of bavaro bay view to die for
ROOM,positive,the rooms are numbered with the dewey decimal system and each room has little theme ours was the ancient language room and they are tastefully decorated to create calm inviting setting
ROOM,positive,the room was very comfortable with great shower dual shower heads
ROOM,positive,the rooms were clean and secure with extra conveniences such as hair dryer safe patio and decent sized bathroom
ROOM,positive,we had an ocean view room with dbls sofabed and kitchette
ROOM,positive,the rooms are charmingly decorated and one of our rooms had lovely view over the panteon with quaint little balcony
ROOM,positive,whilst we have seen bigger rooms in luxury hotels in the us and far east for european standards it was of good size and very ell apointed and functional something you don see everywhere
ROOM,positive,our room was good sized and our room looked out to the beach
ROOM,positive,recommend balcony room
ROOM,positive,booked an executive double double and it was nicely renovated and felt fresh
ROOM,positive,my room was very spacious with fridge and microwave
ROOM,positive,we had rooms with balconies overlooking the beautiful fountain the cathedrals and the hillsides around town
ROOM,positive,the rooms are fabulous
ROOM,positive,the room homey with its creaks and squeeks and leaks had fridge and stove
ROOM,positive,the room was lovely recently refurbished very comfy beds
ROOM,positive,lovely quiet room at the back no view to speak of but didn need it as the hotels central location means that more time is spent outside the room than inside
ROOM,positive,we ended up staying nights from our room overlooking the golden gate
ROOM,positive,the room was spacious and elegant and their committment to the environment was impressive
ROOM,positive,the rooms were clean comfortable and lovely to look at
ROOM,positive,the ooms were nice if tad smaller than we are used to and the absence of bath was disappointment having said that the were nicely decorated with modern furnishings and flat screen
ROOM,positive,the room provided was better than average for marriott with all amenities and nice shower
ROOM,positive,the rooms are very large for ny and very well appointed and comfortable
ROOM,positive,however the room was quite large around sqm with large bathroom very clean
ROOM,positive,had large and comfortable room minimalist design which actually turned out to be quite relaxing
ROOM,positive,our room was very large and even had seperate bedroom from the living area
ROOM,positive,the rooms are comfortable and if you want lots of space request king corner room could ve swim laps in the bathtub
ROOM,positive,the rooms were very comfortable with nice pillows and comfy bed though
ROOM,positive,clean and tidy maid was bit hit and miss with towels but not problem beach was very nice and clean plenty of entertainment regardless of what you liked
ROOM,positive,the room was great with large bed decent bathroom and cheap mini bar
ROOM,positive,the room was clean service was okay but can get over how comfortable the bed was
ROOM,positive,that said they re still well equipped the bedroom unit we stayed in had everything we needed except for the absolute lack of patio furniture
ROOM,positive,my friend and stayed in room and found it to be clean and comfortable
ROOM,positive,the rooms are spacious clean and modern
ROOM,positive,upgraded to business floor and had wonderful room and access to wireless and printer
ROOM,positive,we stayed in historic room which was lovely bathroom on the left as you entered and
ROOM,positive,nice decor friendly staff immaculately clean and good location
ROOM,positive,liked the fusion rooms
ROOM,positive,the rooms are all equipped not only with everything you need for very comfortable and affordable stay but also with copies of the owner writings thoughts reflections and words of wisdom kind of cross between khalil gibran and marcus aurelius
ROOM,positive,rooms are excellent well appointed and descent size pure luxury
ROOM,positive,the room was spacious and clean and the oversized bathroom was bonus
ROOM,positive,my girlfriend and were very happy with the room and the hot buffet breakfast that was delicious on both occasions
ROOM,positive,we had bed suite on the th floor which had everything you need even had large dishwasher and huge fridge freezer which came in handy for ice cream as there was an heatwave on whilst we were there
ROOM,positive,the rooms were very clean and bit larger than we expected
ROOM,positive,our junior suite while not luxuruous on the four seasons level was extremely clean comfortable and spacious
ROOM,positive,for reasonable cathay pacific rate we of course didn get the darling harbor view
ROOM,positive,the room was large and comfortable but was not otherwise terribly impressed with this place
ROOM,positive,room was spacious and very comfortable
ROOM,positive,newly fitted room expensive breakfast it鈥檚 big hotel in the middle of the city
ROOM,positive,the room was clean sleek and cool modern with great bath and fabulous toiletries
ROOM,positive,the rooms are beautiful and the hotel is close to all of the hot spots in new orleans
ROOM,positive,large rooms and the restaurant serves awesome chocolate
ROOM,positive,we booked well in advance on the hotel website and were able to get the room for very cheap rate especially considering this is four star hotel and the city was hosting the world cup
ROOM,positive,the bathrooms are huge and great closet space
ROOM,positive,the view from canal side rooms is unbeatable
ROOM,positive,the rooms were very nice and the staff were very nice and helpful
ROOM,positive,rooms are clean but small and include all amenities
ROOM,positive,nice rooms and amenities
ROOM,positive,nice rooms bigger than regular ny hotelsi travel with kids so place with tv and other ammenities good enough nice rooms just renewed myabe poor service inbathroom supplies but nice think for the same price paid can book room at the waldorf but little smaller room
ROOM,positive,location location location we stayed the night of the th may at the hotel in dbl upgraded room although as the previous correspondent said it didnt have walk in shower but the bathroom was lovely nonetheless
ROOM,positive,the rooms are beautiful and cozy
ROOM,positive,we were given room at the nd floor of the imperial tower with the view of ginza
ROOM,positive,very modern decor which was refreshing
ROOM,positive,the rooms are fabulous and the staff is extremely efficient and nice
ROOM,positive,we had corner bedroom and it was well equiped if bit on the small side
ROOM,positive,the hotel room was good for the location and filled with gadgets such as the operable shade opening device
ROOM,positive,we had wonderful large room on th floor which had balcony and view which was just what we asked for
ROOM,positive,we decided to spend about more per night but our room was spectacular while theirs was average or below
ROOM,positive,the decor is modern and the rooms are always clean the pool is tiny but didn care
ROOM,positive,the silly thing is that the view from the balcony was amazing
ROOM,positive,the rooms themselves were pretty much the same as any motel room we saw during our round trip nothing exceptional but very adequate
ROOM,positive,beautiful view from room
ROOM,positive,the rooms were extremely clean and very comfortable
ROOM,positive,the decor was really modern and nice the hotel was clean and beds were confortable
ROOM,positive,great room and nice place to say we only got to stay one night here we were on two week trip out west wished we could have stayed longer
ROOM,positive,my room was spacious clean nicely furnished and had flat screen tv
ROOM,positive,unfortunately our room was spacious clean with fantastic lanai
ROOM,positive,we booked superior room for nights and had fantastic stay
ROOM,positive,stayed for nights and am pleased to report that the room was cleaned every day and fresh towels were also provided daily
ROOM,positive,wouldn atay anywhere else in manahattan over the past ten years we have stayed at hotel beacon four times and having stayed at some other hotels we would never stay anywhere else in nyc the rooms are huge and very comfortable with small but well equipped kitchenette
ROOM,positive,the bathroom was huge and the price was reasonable nice contrasts with barcelona
ROOM,positive,rooms are big
ROOM,positive,while the rooms were clean and modern plasma purified water in the bathroom they are very small
ROOM,positive,but it just fine for those of us who only want clean comfortable room bathroom that works acceptable sound proofing and staff that is helpful and friendly
ROOM,positive,the rooms are incredibly large and for the price that we paid we felt that we got great bang for our buck
ROOM,positive,the courtyard was quaint the rooms kept spotless and the staff very accomodating
ROOM,positive,just off the placa catalunya but no problems with street noise the room was fine
ROOM,positive,we had beautiful room very big with comfortable bed and huge bathroom but this is an old hotel dated
ROOM,positive,the room was elegant and clean and the location was perfect
ROOM,positive,had the luxury of staying in one of the well appointed junior suites
ROOM,positive,it was clean brand new looking all new furniture carpet etc big rooms
ROOM,positive,the hostal is very centrally located and the rooms are clean but can vary lot in size
ROOM,positive,upgraded us to beautiful room with fantastic view
ROOM,positive,our room was clean spacious and we enjoyed magnificent view which was perfect at sunset
ROOM,positive,lovely rooms we upgraded to the corner room which had lovely view and lovely room
ROOM,positive,the bathroom was the highlight of the accomodations we had the river view which was spectacular
ROOM,positive,it has beautiful rooms with floors in marble and each bath has jacuzzi bathtubs
ROOM,positive,the room was superior large and comfortable enough for adults and beautifully decorated to boot
ROOM,positive,the room was nice the beds are very comfortable and the staff was extremely friendly and helpful
ROOM,positive,mentioned by other reviewers the rooms are on the small side but entirely adequate
ROOM,positive,our room looked out over st patrick cathedral and was gorgeous
ROOM,positive,will not knock your socks off but it covers the basicbases handily with pleasant clean room and few pleasing extras like bath and body works toiletries second magnifying mirror in the bathroom etc
ROOM,positive,the bathroom was huge by italy standards and very updated
ROOM,positive,very comfortable and elegant very comfortable and elegant room
ROOM,positive,it was only small addition to the price but well worth it and dont be put off by courtyard view rooms
ROOM,positive,the beds are awesome
ROOM,positive,the room was nice though not large the bed and pillows very good and the bathroom excellent
ROOM,positive,the rooms were so quiet with flat screen tv
ROOM,positive,my year loved and finally views that are amazing
ROOM,positive,the rooms are of good size with large bathrooms and walk in shower had premier room which was an upgrade from deluxe room which paid for to recieve this uprade sign up to omni hotels signature program and you will recieve this for free as well as other benefits such as late check out
ROOM,positive,great rooms great service and the humps that carried my luggage were little soldiers
ROOM,positive,nice comfortable rooms
ROOM,positive,all rooms are neat clean bathroom and hot water and some have terrace or balcony
ROOM,positive,rooms were nice enough what expected from hilton
ROOM,positive,the room was relaxing and peaceful
ROOM,positive,was given room that could accommodate adults and children which was double beds and rollaway which was great
ROOM,positive,the room and bathroom faces pretty rice fields and the volcano
ROOM,positive,fresh rooms hotel that shows the way
ROOM,positive,the rooms were relatively spacious for being in downtown san fran
ROOM,positive,the rooms were immaculate the breakfast was great and the little courtyard so nice
ROOM,positive,the rooms are tastefuly decorated with hour service
ROOM,positive,friends told us that hotel rooms in paris are small so we booked millenium room which is larger
ROOM,positive,rooms are on the smaller side but very comfortable
ROOM,positive,great style comfortable rooms lovely bathrooms with real showers not so easy to find in europe
ROOM,positive,beautiful accomodations we stayed at the legacy in september and found the accomodations to be very clean and beautifully decorated
ROOM,positive,room was lovely clean fresh and well presented
ROOM,positive,super clean rooms safe and an excellent value
ROOM,positive,the room was extremely clean enough space for people the location just always again is simply perfect for buying food going for walks jardin de plantes or simply wathcing people
ROOM,positive,we wanted singles but for nights they were unavailable so we were moved around rooms with double beds
ROOM,positive,good value nicely finished rooms and good quality public areas
ROOM,positive,room was big by ny standards and best view over ny
ROOM,positive,some of the rooms are quite spacious and would be good for families
ROOM,positive,the rooms are beautiful and the service was very efficient
ROOM,positive,the rooms were delightful and we loved the evening wine tasting
ROOM,positive,very clean room and helpfull stuff
ROOM,positive,the beds are comfortable and we like the rooms
ROOM,positive,it met all our needs clean comfortable beds and pillows air conditioned very nice bathroom and very friendly multi lingual staff
ROOM,positive,jaw dropping selection of stuff to eat including hot food counter which makes eating in any restaurant bit of waste of time grab bottle of wine at the beacon liquor store korean chicken or something at fairways then dine at your hotel beacon room window overlooking million manhattan lights
ROOM,positive,had safe in the room which was good to keep valuables in
ROOM,positive,the room was comfortable but small
ROOM,positive,on the good side they did allow us to check in early and the room was clean
ROOM,positive,they were also clean and great size for nyc hotel
ROOM,positive,we stayed in bedroom apartment with harbour views
ROOM,positive,spacious rooms good bathrooms with towel warmer great location and fabulous staff
ROOM,positive,rooms were very clean and well maintained
ROOM,positive,the rooms are clean bathroom is bit small but with so much to do in waikiki
ROOM,positive,good value but bit crap if you consider the smelly smokey rooms and the suspicious showers
ROOM,positive,the views from that room were marvellous the louvre the musee orsay and the eiffel tower and we overlooked the tuilleries these views were even better at night when paris was lit up
ROOM,positive,there was plenty of space the bathroom was large and the beds large and comfy ok you dont get view of the ramblas but when its cold and wet we wouldnt have used balcony anyway
ROOM,positive,booked suite it was only few bucks more than room and wow
ROOM,positive,the rooms are well appointed
ROOM,positive,the room was large and comfortable and the bathroom was fantastic yes it is expensive for breakfast but when you stay in hotel what do you expect also try out the french restaurant on the rd floor very nice
ROOM,positive,the room was lovely and so were the staff
ROOM,positive,the suites are very nice and compared to other standards not expensive at all
ROOM,positive,the rooms were gorgeous with all the amenities
ROOM,positive,room was charming although it was the absolute smallest hotel room that have ever stayed in and the bathroom was really itty bitty didn have much contact with the staff but what contact did have was pleaseant
ROOM,positive,excellent room and service
ROOM,positive,we had very florentine room with view and great bed the best of friendly attention from our hosts good breakfast and super location
ROOM,positive,it was quiet
ROOM,positive,our room key was our key to times square that evening
ROOM,positive,our room was nice size and had balcony that overlooked quiet street
ROOM,positive,the rooms were beautiful and clean
ROOM,positive,was in small suite and loved it tons of space and soo comfortable
ROOM,positive,rooms were excellent service friendly pools beautiful
ROOM,positive,our th floor executive room was spacious clean comfortable
ROOM,positive,room was modern and clean breakfast more than adequate
ROOM,positive,the room was clean bathroom was decent size and there was free wifi internet which is always bonus
ROOM,positive,good clean rooms if not bit worn and perhaps in need of little updating
ROOM,positive,the rooms are modern and roomy by japanese standards
ROOM,positive,the room held up to our expectations from the photos on the hotel website it was beautifully furnished with antiques expensive carpets and curtains
ROOM,positive,we were also bit sceptical when we saw the pictures of the bright rooms on the web but this was the best hotel
ROOM,positive,public rooms are quietly elegant bedrooms are spacious and beds extremely comfortable
ROOM,positive,we requested quiet room and enjoyed restful sleep every night which we thought amazing because of the close proximity to time square
ROOM,positive,while the rooms are ok for stylish hotel it is the bed and bedding that makes staying here pleasure
ROOM,positive,the rooms we nice and clean nothing spectacular
ROOM,positive,plus we had room with view of the arno
ROOM,positive,room was lovely and clean with wonderful view of the eiffel tower
ROOM,positive,renovated rooms are great
ROOM,positive,we asked for room with view over the canal and it had great large windows for us to look out
ROOM,positive,the bathroom was very nice for european standards
ROOM,positive,we had room on the street and the noise didn bother us bit
ROOM,positive,the room was little dated but clean
ROOM,positive,the room was clean and the staff were helpful and overall an enjoyable stay
ROOM,positive,the room was excellent and the staff very friendly and helpful speaking perfect english
ROOM,positive,other family members had spectacular river views through huge windows in their rooms
ROOM,positive,the rooms are more spacious than other ve stayed at and the service was impeccable
ROOM,positive,the room was good size and the bed was very comfortable
ROOM,positive,the views from the room of the east side where great the kids loved it
ROOM,positive,we loved the buzz on the street but were happy the windows were double glazed so we didn hear all the noise
ROOM,positive,good sized quiet room as requested
ROOM,positive,room was large and very clean
ROOM,positive,bathroom was clean
ROOM,positive,very nice room nice view over the city great location nice restaurant helpful employees everything positive except maybe the swimming pool that was bit sad looking compared to the general impression given by the hotel
ROOM,positive,the rooms were elegant ant everthing clean
ROOM,positive,the room was wonderful
ROOM,positive,room comfort service and anything we may asked for was great
ROOM,positive,the room we stayed in was fabulous and had everything we needed
ROOM,positive,we had lovely canal view room at the last floor very romantic
ROOM,positive,the beds are very comfortable and the rooms are large
ROOM,positive,rooms were large by european standards and the bathrooms had heated floors
ROOM,positive,great atmosphere in the room
ROOM,positive,the rooms were absolutely gorgeous tastefully decorated and so comfortable
ROOM,positive,the bathroom was large and clean with good toiletries
ROOM,positive,these are located on the corners of the building so the room has huge floor to ceiling windows on two sides also extending into the bathroom the room was huge complete with ipod docking station huge flat screen tv and massive bathroom with walk in double shower at one end
ROOM,positive,room were clean everyday well done
ROOM,positive,checked us in early and room was great
ROOM,positive,our room was lovely with large bathroom which was spotless
ROOM,positive,the rooms were spacious and clean with big and very comfortable bed
ROOM,positive,our triple room was clean and spacious
ROOM,positive,comfortable bed too
ROOM,positive,clean decorated so cute comfortable beds
ROOM,positive,the rooms were very comfortable and quite large and we were very impressed with the service staff at the hotel
ROOM,positive,room was lovely and quite large with king bed and ultra comfortable mattress
ROOM,positive,the room was very clean lots of light and spacious
ROOM,positive,the rooms are quaint and the beds are very comfortable including egypitian cotton sheets that are very soft
ROOM,positive,the room was very clean nicely furnished and quiet
ROOM,positive,the rooms were well appointed and clean the bathrooms were nice size
ROOM,positive,the bedroom was big enough for the few days we were there
ROOM,positive,the bed and breakfast package is good value toorooms were comfortable and well furnished and most with great views
ROOM,positive,well thought out design to incorporate alot of extras
ROOM,positive,we had th floor room with wonderful view of the eiffel tower
ROOM,positive,great if it weren for the desk staff beds location and cleanliness were excellent
ROOM,positive,lots of small extra rooms reading room etc
ROOM,positive,clean confortable updated rooms
ROOM,positive,accommodations were clean and comfortable
ROOM,positive,port hole window for bucks we paid for nice room
ROOM,positive,the room was lovely really big and with added extras such as free aveda toiletries well stocked mini bar and pillow menu so you can choose the pillow that suits you and your needs best
ROOM,positive,the rooms very comfortable and clean
ROOM,positive,was on my own and was out most of the time exploring nyc but had very nice room to come home to
ROOM,positive,ve never been in hotel where for such little outlay you have massive bath in marble bathroom set in large well laid out clean and comfortable room
ROOM,positive,our view of faneuil hall was plus
ROOM,positive,had great room overlooking the church th floor
ROOM,positive,very clean suite and would not hesitate to book for an extended stay as the location was close to everything
ROOM,positive,we had one bedroom suite full kitchen which was great
ROOM,positive,stayed there in late jan as single traveller got great deal of euro per night and upon arrival got upgraded into double room
ROOM,positive,the bed was comfortable the room was nice and the restaurant nearby they suggested at the front desk was excellent
ROOM,positive,the bathrooms at the soho metropolitan are so exactly the same that it little freaky
ROOM,positive,the california room was wonderful with huge bathroom which included shower and soaking tub
ROOM,positive,the room was spacious and attractive and the breakfast ok
ROOM,positive,the rooms are nicely decorated and like the quirkly design which follow through from the rooms to the lobby area
ROOM,positive,rooms are large but tired grubby and dirty
ROOM,positive,the room was very clean nice bathroom very modern accomodations
ROOM,positive,fantastic bed linens pillows could have slept until check out
ROOM,positive,the room was spotless
ROOM,positive,we had room facing the back from which we could open our windows to overlook the picturesque florentine rooftops and an overwhelming view of the duomo itself
ROOM,positive,the room was very cozy and clean
ROOM,positive,the rooms are very very specious and well designed the bed is
ROOM,positive,my hotel room had what call partial ocean view you can see the ocean between several other hotels that block out most of your view
ROOM,positive,our room was fantatic modern clean and decorated to very high standard
ROOM,positive,our room was large clean and with view to canal
ROOM,positive,clean modern rooms
ROOM,positive,the room had very comfortable queen bed with turndown service and nice bathrobe
ROOM,positive,the rooms are clean and comfortable and the restaurant is fantastic
ROOM,positive,the room was very good size for new york hotel room and defintely classier than what you typically see at residence inn
ROOM,positive,the room was spacious and the bathroom was huge
ROOM,positive,room totally refurbished in january
ROOM,positive,we did not have view but we slept like rocks
ROOM,positive,the room was very comfortable and convient to all the popular places
ROOM,positive,we got the room at the top floor with wonderful view of the pantheon
ROOM,positive,it was very quiet and we have no complaints
ROOM,positive,the room was very spacious and comfortable in every way
ROOM,positive,the room was spotless and large bathroom kitchen were fine for our needs and the king size bed was great
ROOM,positive,the next day the staff were extremely apologetic and moved me to hyde park view room
ROOM,positive,one night we opened the door to our tiny but delightful balcony and fell asleep to the sounds of the city
ROOM,positive,room was in modern half of hotel good size showing wear some noise from other rooms and drainage system
ROOM,positive,the room had hard wood floors and was clean and cosy
ROOM,positive,the rooms were incredible
ROOM,positive,you see the ocean from every room the butler was great and whilst the staff were not the most efficent in the world their efforts and kindness make up for it
ROOM,positive,good room clean and tidy and attentive staff
ROOM,positive,the rooms are beautifully restored with historical furniture
ROOM,positive,the room was immaculate when my husband and arrived after the wedding
ROOM,positive,was shocked to find safe and clean room at price as low as the prince conti midweek rates
ROOM,positive,we got an ok room big enough but with no window
ROOM,positive,the rooms are generous size and decor leans toward minimalist and modern clean lines
ROOM,positive,room is clean with comfortable bed not big not reasonable and with ac
ROOM,positive,our decision to upgrade to room in the tower with bay view was worth every penny
ROOM,positive,on the upside the room was clean comfortable and the banquet food quite excellent
ROOM,positive,room with view as promised
ROOM,positive,it has beautiful rooms marshmallow like comfortable beds and marble bathrooms
ROOM,positive,great sized room very nice atmosphere
ROOM,positive,the rooms were spotless and larger than the average london hotel
ROOM,positive,and while the room was on the shabby side it was clean you can beat the price especially for the location
ROOM,positive,the rooms are very very clean and it truly is suite separate sitting area tvs etc
ROOM,positive,very well decorated rooms with little balconies to let in some fresh air or smoke
ROOM,positive,it was huge and very comfortable for the of us
ROOM,positive,rooms are clean and decoration is great
ROOM,positive,the rooms were clean and comfortable the pool area was great and the food in the restaurant was excellent
ROOM,positive,there is complimentary coffee tea in the room and there are washcloths
ROOM,positive,after reading the previous reviews was actually prepared for small closet room but the bedroom was pleasantly spacious and definitely one of the bigger ones ve seen in europe
ROOM,positive,spotlessly clean well appointed room and perfectly quiet at night very comfortable bed perfect location friendly helpful staff and unbeatable value for money
ROOM,positive,nice and clean
ROOM,positive,rooms are average in size yet well appointed and are spotlessly clean
ROOM,positive,the room was spacious and the hotel is across the road from the train station
ROOM,positive,rooms were clean
ROOM,positive,the room was clean good size and there were all amenities needed and more including kitchen area
ROOM,positive,we stayed in century suite and it was really comfortable quite and spacious
ROOM,positive,were comfortable pull out sofa not comfortable
ROOM,positive,the room was excellent and the staff were pleasant and helpful
ROOM,positive,it is clean well kept with minimalist modern decor and the staff are extremely friendly and helpful
ROOM,positive,we just returned from quite short day trip to paris stayed at this hotel which we have stayed at before we loved the room
ROOM,positive,however the rooms are clean and the parking is free
ROOM,positive,room fine clean fair size
ROOM,positive,the room we stayed in was larger than we expected and was extremely clean and comfortable
ROOM,positive,we had room on the th floor
ROOM,positive,rooms were very nice with comfy beds and very clean
ROOM,positive,our room was huge comfortable and modern furniture very clean and beautiful bathroom maybe tad on the small side but separate sitting room with sofa twin bed and separate tv with its own amazing view
ROOM,positive,rooms are small and functional bathroom unit is clever use of space and big enough for what we needed
ROOM,positive,the room was absolutely fantastic very spacious beautiful bathroom and fully equipped with everything you need
ROOM,positive,we were lucky enough to get an upgrade so had the benefit of high room with superb views
ROOM,positive,just experienced the newly renovated rooms at this beautiful hotel and was totally blown away
ROOM,positive,room was ok but wardrobe door was loose and faulty
ROOM,positive,the rooms were of the highest standard and the attention to detail in ensuring our comfort was delightful
ROOM,positive,room was large clean and comfortable with fantastic view from the very large window sixth floor
ROOM,positive,the room itself was spacious and well designed with plasma tv dvd player etc
ROOM,positive,the room was very comfortable and very clean
ROOM,positive,the rooms were larger than expected and great value for money
ROOM,positive,the decor in the room fluffy towels above average bathroom accessories and fridge bottled water is everything you need
ROOM,positive,we had wonderful suite with comfortable bed and good climate control
ROOM,positive,the room was big but dirty walls and horrible lighting
ROOM,positive,our room was well proportioned and clean staff went out of their way to help us and our three year old daughter
ROOM,positive,stayed for four nights on business trip and was impressed with the size of the room etc
ROOM,positive,we splurged little on superior double room and had good sized room with balcony overlooking the plaza in front
ROOM,positive,ask for the rooms overlooking the ramblas
ROOM,positive,the rooms were extremely clean especially the bathrooms
ROOM,positive,they had just recently undergone massive renovation and the rooms were modern and comfortable and included any amenity we could have asked for minus complimentary towels at the rooftop pool which was slightly annoying since we called down to housekeeping times and were clearly ignored
ROOM,positive,our room was spotless
ROOM,positive,the rooms seem to have had touch up and now appear much cleaner and brighter
ROOM,positive,we stayed on the th floor in lovely clean room with the most comfortable bed and pillows ever
ROOM,positive,all at your service rooms beautiful crisp clean modern bathrobes slippers complimentary bottle water chocolate on stick at bedtime
ROOM,positive,the room is nice but it is dusty
ROOM,positive,the black out blinds were fantastic for sleeping
ROOM,positive,clean room great location excellent price
ROOM,positive,the king size bed was fantastic and always enjoy place that gives you robe with the towels
ROOM,positive,the rooms are amazing with their state of the art design and practicality
ROOM,positive,the rooms were spotlessly clean and comfortable though my wife found the beds little hard the staff were friendly and spoke enough english to deal with any problems we had
ROOM,positive,room was spacious and two queen beds were so comfortable
ROOM,positive,our room in the north tower was quiet and comfortable but had some drawbacks bathroom shabby and basic
ROOM,positive,the rooms were lovely and the breakfast great
ROOM,positive,stayed in the tower and while the room wasn particularly over the top is was clean spacious and you didn hear sound from the busy airport
ROOM,positive,my room was spotless despite what some reviewers have written and while the bathroom was small the shower itself was roomy the hotel bath linens of very good quality and working iron and ironing board in the closet
ROOM,positive,we stayed on the fifth floor can honestly say that our room was very clean had working aircon and safety deposit box
ROOM,positive,the room was comfortable clean and tastefully furnished with great attention to detail
ROOM,positive,was in the executive tower with very nice room comfortable bed and great shower
ROOM,positive,excellent selection of tourist information in the foyer and in rooms
ROOM,positive,found the hootel to be spotlessly clean convenient for the underground and most of the sites the staff were very friendly and all spoke good english
ROOM,positive,large well appointed rooms especially deluxe executive
ROOM,positive,the room was huge by any standards and the view breathtaking
ROOM,positive,got this room off of priceline
ROOM,positive,the rooms were very clean and very modern
ROOM,positive,the rooms are big
ROOM,positive,the room we had was well furnished and clean but it was small with no view however we were not paying top rack rate and had no plans to spend much time in the room anyway
ROOM,positive,had superkiing size bed for single occupancy
ROOM,positive,the room was surprisingly clean especially for an older facility
ROOM,positive,wonderful view from the th floor and totally silent at night
ROOM,positive,our room was over looking the eiffel tower
ROOM,positive,our room was very large with bedroom and lounge
ROOM,positive,room was very clean
ROOM,positive,everything is star the rooms the food the service etc
ROOM,positive,our room was very comfortable and very spacious
ROOM,positive,the room was very nice great room service excellent check in they check you in directly in your room
ROOM,positive,was heavenly shower with very good water
ROOM,positive,loved it
ROOM,positive,the room was large and clean every day
ROOM,positive,the rooms were good but on the small side
ROOM,positive,interconnecting garden wing rooms were ideal for the family
ROOM,positive,if your looking for clean room near bourbon street friendly staff at good price this is the place
ROOM,positive,rooms beautiful free breakfast and the facilities were great
ROOM,positive,the rooms were nice well equipped and very clean
ROOM,positive,the room is very cosy but
ROOM,positive,our room was spacious though and had seating area as well as sleeping area and nice bathroom
ROOM,positive,we had the grand suite nice bedroom with separate living work area
ROOM,positive,when our flight was delayed and we arrived at the hostal at am we were welcomed in and shown to our room which was exactly as stated on their website
ROOM,positive,compact room but what do you expect in big city hotel
ROOM,positive,clean comfortable spacious rooms with friendly bilingual staff
ROOM,positive,our room was on the th floor with view of the empire state building from the bed we stayed room only as eating out in new york is great
ROOM,positive,extremely comfortable beds very clean with very helpful friendly staff
ROOM,positive,also brilliant thoroughly enjoyed the snacks put out to enjoy with your drinks in the bar downstairs rooms were amazing and definately have wow factor
ROOM,positive,the new remodeled rooms are very beautiful and comfortable
ROOM,positive,although it is literally right next to the airport we couldn hear any airport noise from our room which was nice
ROOM,positive,we had park view room and waking up was pleasure
ROOM,positive,the accomodations were sufficient
ROOM,positive,the enjoyable part is good decoration cleanliness comfortable rooms very clean and well designed bathrooms and location location location
ROOM,positive,we stayed for four nights in room number and loved it
ROOM,positive,we were pleasantly surprised by the spaciousness and cleanliness of the room and the stylish modern furnishings bathroom as well
ROOM,positive,its also stone throw from the wharf and not noisy
ROOM,positive,the room was very cosy and had wonderful atmosphere so that we enjoyed every minute we spent in it
ROOM,positive,we booked with hotwire and had standard rooms no bugs and we want to return in years for our th
ROOM,positive,rooms are all large and clean and the chamber maid service was excellent this is great place to spend our vacation and we will return without any hesitation
ROOM,positive,even though we arrived early in the morning am and our stay was short the hotel room was totally awesome
ROOM,positive,this place is dream we had great spacious room
ROOM,positive,nice large room
FOOD,positive,staff were very friendly and the food was delicious
FOOD,positive,breakfast was excellent
FOOD,positive,the food was great the rooms were good and the staff were amazing
FOOD,positive,also the breakfast buffet the next morning
FOOD,positive,the breakfast buffet served almost everything you could want
FOOD,positive,breakfast was good with different choices and we could come in to the hotel at anytime of the day or night because of the day and night receptionists
FOOD,positive,the people from the restaurant did much more than their best good food
FOOD,positive,the hotel bar is awesome get mojito or pina
FOOD,positive,the wine we were served is good quality
FOOD,positive,food in the restaurant was like home cooking
FOOD,positive,the food and drink on offer are both good value and of good standard
FOOD,positive,wine was rewarding and needed if you stay here
FOOD,positive,the breakfast was more substantial than we thought it would be so again good bonus
FOOD,positive,we also enjoyed nice dinner at tonga
FOOD,positive,enormous choice at the huge buffet breakfast and the best pool sauna health club we had ever used
FOOD,positive,lastly booking at the regency club level meant room in the top floors with ocean view as well as buffet breakfast every morning and cocktails and happy hour snacks like chicken wings kalua pork shrimp every night
FOOD,positive,we had very enjoyable meal in the restaurant very good value for money
FOOD,positive,the in room service food was delicious
FOOD,positive,the breakfast was excellent with bril choice of either western of chinese food
FOOD,positive,breakfast buffet
FOOD,positive,breakfast was great
FOOD,positive,just had restaurant and bar makeover much improved
FOOD,positive,we were given our room key and offered breakfast which was great bonus as we could eat and freshen up after traveling
FOOD,positive,very good breakfast and the one evening meal we had
FOOD,positive,they have complimentary wine and cheese event during the late afternoon
FOOD,positive,the food fun sand and sun were only the beginning
FOOD,positive,had diner there too which was quite good but the temperature in the restaurant was rediculously hot
FOOD,positive,it鈥檚 nice house with beautiful gardens all around the place excellent attention and great food
FOOD,positive,the breakfast was also excellent with plenty of choice and fresh foods used
FOOD,positive,breakfast was impressive when compared to many star hotels in europe
FOOD,positive,but the best part was the peanut butter and jelly sandwiches hot choclate and cold milk every night
FOOD,positive,the breakfast including hard boiled eggs various cereals and fresh batter with waffle maker was delicious
FOOD,positive,there is plenty of choice for breakfast although it does cost if it not included in your price which is bit steep
FOOD,positive,the continental breakfast is good start to the day including waffles breakfast croisants cereal toast and huge muffins
FOOD,positive,the only food tried here was breakfast and that too was good but rather expensive
FOOD,positive,light tasty and affordable meals at the downstairs tavern area and cafe
FOOD,positive,the hotel also offered different restaurants with good food and service
FOOD,positive,standard hampton morning breakfast helpful staff but very small rooms so if you are trying to fit more than people in the room it might be cramped
FOOD,positive,the course breakfast served on the roof top terrace took bit of getting through but was excellent
FOOD,positive,several nearby restuarants and the hotel had very good free breakfast
FOOD,positive,the breakfast which was included was more than satisfactory for continental breakfast
FOOD,positive,specially prepared breakfast was even more amazing
FOOD,positive,loved the lobby it was cosy with the fire going and felt like someone living room rather than hotel lobby the free wine for an hour every evening was nice you got to see everyone in the hotel and have chat if you felt like it there are endless great resturants in san francisco really spolit for choice especially if you like seafood great hotel great location fabulous stay
FOOD,positive,the room service meals were just incredible the best steaks we have ever had
FOOD,positive,since the weather was so good lunch and dinner were served in the garden as well which we didnt join since we had other plans staff especially porters and concierge were extremely helpful in assisting with our plans which were disrupted due to rail strike on the first day of our stay
FOOD,positive,the food was excellent the excursions was good
FOOD,positive,and as others have stated great breakfast
FOOD,positive,the hotel offers brilliant full buffet breakfast and free internet access in the front bar
FOOD,positive,the food was excellent it was very clean entertainement was great the staff was friendly overall it was fantastic stay
FOOD,positive,kept and they are always improving and maintaining the place well the food was very good with choice of restaurants the
FOOD,positive,the food in the italian restaurant was very good as we went with the nightly special
FOOD,positive,breakfast had many options and the staff were pleasant and courteous throughout
FOOD,positive,superb breakfast view
FOOD,positive,breakfast was great and there is free internet
FOOD,positive,breakfast is well presented all tastes are catered for
FOOD,positive,the breakfasts are superb with wide choice of both continental and english style food
FOOD,positive,the rate charged seemed to me to offer very good value indeed for the quality of the service provided
FOOD,positive,good breakfast and helpful and courteous staff
FOOD,positive,glass of carva on arrival and the breakfast was very good if little expensive
FOOD,positive,the breakfast is great as is the room service and the staff are just fantastic
FOOD,positive,the food was excellent
FOOD,positive,continental breakfast is fantastic again all staff very helpful and know everything about the surrounding area
FOOD,positive,breackfast is tasteful with all that necessary to start the day with good feeling
FOOD,positive,the afternoon tea is great the restaurant is pretty good too
FOOD,positive,only ate there at breakfast but this was excellent with lots of choice and good serving times
FOOD,positive,the breakfasts were delicious and the happy hour of complimentary wine juice and snacks were brilliant
FOOD,positive,they also have nice breakfast
FOOD,positive,the sunday brunch is unbelievably decadent and great value despite the high price
FOOD,positive,breakfasts were very good with lots of options
FOOD,positive,the beach is supurb like the bounty advert lovely warm sea very safe to wonder around plenty of sun loungers and parasoles for shade the food is very good plenty of choice breezes is very clean and kept clean hotel the staff are very pleasent and very helpful we would recommend taking box of pg tips and couple of bars of cadburys and any other required pleasures that can be bought out there you will be ripped off buying things in the hotel
FOOD,positive,breakfast well its edible and plentiful
FOOD,positive,excellent cooked breakfasts
FOOD,positive,they didn even charge for the kids
FOOD,positive,eating out in barcelona can be pretty pricey so the huge buffet with savory and sweet choices cooked brekfast with tortillas eggs bacon etc is definitely worth it
FOOD,positive,also enjoyed the food and service staff really outdid themselves in catering all my family needs
FOOD,positive,delicious breakfast
FOOD,positive,liked the full breakfast that came with the room
FOOD,positive,great breakfast
FOOD,positive,and you must have glass of the fresh squeezed orange juice in the morning
FOOD,positive,we enjoyed the coffee tea in the morning and the evening wine reception with piano and massage was such treat after long day of business
FOOD,positive,the only downside was that breakfast in the hotel was not included in the price but we found small cafe just around the corner where we could purchase rolls sandwiches croissants etc at fraction of the price that the breakfast in the hotel would have cost
FOOD,positive,the hotel has very nice restaurant
FOOD,positive,couldn鈥檛 have been more impressed with the quality service and above all else the continental breakfast included in the price
FOOD,positive,the breakfast was top notch as was the lovely rooftop bar
FOOD,positive,breakfast is sweet rolls coffee
FOOD,positive,there is continental buffet breakfast in the lobby daily and wine reception in the evening both complimentary
FOOD,positive,the meals are fantastic especially the buffet breakfasts
FOOD,positive,in particular the free cheese and wine every evening helps to make you night out complete they do this because they don didn have liquor licence breakfast is continental style but again included in the price
FOOD,positive,the equinoc restaurant had good food and super view
FOOD,positive,had an excellent dinner two doors down at db bistro moderne
FOOD,positive,breakfast was great and the service was wonderful
FOOD,positive,breakfast was more than adequate with made to order omelets and the whole facility was immaculate and actually worked
FOOD,positive,the breakfast and afternoon cheese and wine were really enjoyed
FOOD,positive,the food at the revolving restaurant was excellent as was the service although it was little on the expensive side
FOOD,positive,make sure to eat at platos the hotel restaurant some of the best food had in puerto rico and again very reasonably priced
FOOD,positive,free breakfast
FOOD,positive,really good breakfast to start full day in venice
FOOD,positive,it was very relaxing good buffet breakfast included and so close to everything
FOOD,positive,hr buffet was great
FOOD,positive,excellent breakfasts
FOOD,positive,breakfast was real event and all the staff were extremely friendly and helpful
FOOD,positive,we ate in the restaurant and ordered room service both of which was great
FOOD,positive,the food was tasty and well presented and the location was very convenient for access to lots of transportation and local activities
FOOD,positive,restaurant koi is great and cellar lounge is hip for dancing late night drinks
FOOD,positive,meal in the resaurant is must and the breakfasts are good but expensive
FOOD,positive,room faced the street and we had no problem with noise breakfeast was included and good vey friendly staff
FOOD,positive,very nice breakfast too
FOOD,positive,awesome buffet breakfast that is available until noon
FOOD,positive,breakfast buffet was good though not as outstanding as the rooms
FOOD,positive,champagne was available at all times we would return and recommend this place to everyone
FOOD,positive,great breakfast stayed at the catalonia aragon for nights last month november
FOOD,positive,breakfast included in price
FOOD,positive,they serve the best caesar salad
FOOD,positive,the free breakfast was decent and at least it was free rarity in europe
FOOD,positive,for great price
FOOD,positive,the buffet was really good and the dinner at the restaurant is nice with very nice view of the river and the other side
FOOD,positive,the restaurant is highly regarded for it dutch food
FOOD,positive,breakfast was good
FOOD,positive,breakfast is very good and the light snacks in the roof bar are excellent plus the open terrace is great location to sit and have glass of wine and admire the view
FOOD,positive,this was complimentary and wonderful
FOOD,positive,also loved their pumpkin soup and lime juice
FOOD,positive,the club lounge is exactly as lounge should be full of great food and masses of free drinks all through the day and more information about the area than you can shake library at
FOOD,positive,the breakfasts were excellent and we ate nice dinner one night in their restaurant when we were too tired to go back out
FOOD,positive,booked through the hotel website which gave us free breakfast
FOOD,positive,the breakfast is full and enough
FOOD,positive,the breakfast was varied and tasty
FOOD,positive,fantastic mojitos in the lounge bar
FOOD,positive,breakfast in the morning was good with bagels etc
FOOD,positive,my wife and stayed on the name star package on our th anniversary and tell you from the fantastic meal in galileo to the unique naming of star for my wife to the room and pool and massage we had stay that will be with us for the rest of our lives we will most certainly shout out the praises of this fantastic hotel
FOOD,positive,breakfast was about average for hotel like this
FOOD,positive,great food in the hotel too ll stay there again and again and have already referred some sf regulars from my home town monterey
FOOD,positive,we didn take the breakfast but heard from our friends that it was lovely
FOOD,positive,good breakfast
FOOD,positive,breakfast god with person only to make the juice you wa
FOOD,positive,loved the designer cups in the cosy breakfast room
FOOD,positive,the breakfasts were also very good with wide choice
FOOD,positive,the hotel provided us with free bottle of sparkling wine on arrival when we mentioned it was our honeymoon which was nice touch the staff really were wonderful
FOOD,positive,would recommend having breakfast in the gardens of the rodin museum
FOOD,positive,the champagne mojitos in the bar were pretty excellent too
FOOD,positive,breakfast is great
FOOD,positive,the buffet breakfast was exceptional probably the best in any hotel ve had around the world and well worth getting included in your rate if possible
FOOD,positive,am qualifed chef and my wife and have eaten in some of the best restaurants in the world including what is listed as the best restaurant in the world at the moment by renowned chefs the fat duck in bray uk and found the food and service in the torres to be of an extremely high standard
FOOD,positive,the sports bar has decent food and is great place to watch sporting event
FOOD,positive,legal seafood is in the mall yummy
FOOD,positive,great food at great price front desk tried to over charge
FOOD,positive,continental breakfast was also included at that price
FOOD,positive,the breakfast is fine but of course one day you ll want to go to cafe dumond for those amazing beignets
FOOD,positive,the breakfast is exactly what you expect and perfectly good with lots of hot strong coffee
FOOD,positive,in the morning we received complementary breakfast which was great and it set us up for the day
FOOD,positive,breakfast restaurant were good
FOOD,positive,you can never miss at embassy with the full made to order breakfast and daily managers reception
FOOD,positive,nice breakfast with good selection of items
FOOD,positive,the breakfast was very good and the dining room cheerful
FOOD,positive,breakfast was great especially the coffee great place to stay
FOOD,positive,we had breakfast mornings which was good value for money
FOOD,positive,arrived at on thursday and friday morning enjoyed the breakfast they offered subsequently we left the hotel around on friday and returned at on return luggage from our room had been stolen
FOOD,positive,what an environment to enjoy truly sumptuous buffet breakfast that really sets you up for the day
FOOD,positive,however everything else was great and in contrast to the evening meal the buffet breakfast was fantastic
FOOD,positive,the food in all the restuarants was great and always clean and set out very nice
FOOD,positive,quaint bar
FOOD,positive,nice touch was the complimentary desert from the hotel management on the occaision of my wife th birthday
FOOD,positive,there was so much choice and everything was beautifully prepared
FOOD,positive,there were free appetizers in the evening including chocolate covered strawberries that were amazing
FOOD,positive,good breakfast and courteous staff
FOOD,positive,the continental breakfast was adequate but if you want bigger breakfast there are lots of good restaurants in the immediate vicinity
FOOD,positive,breakfast was nice and reasonably priced extra to cost of room
FOOD,positive,breafast was included and was nice
FOOD,positive,accomodations nice cuisine morning buffet little pricey
FOOD,positive,we ordered room service and my two young children and had plenty of delicious options on the kid menu
FOOD,positive,very good breakfast for the value book in advance from the hotel website
FOOD,positive,it was more than adequate with supplies of foods being constantly replenished
FOOD,positive,good value and great breakfast stayed there for nights in mid sep
FOOD,positive,it is also good place to pick up low priced breakfast or lunch
FOOD,positive,the food is great you can choose from different restaurant
FOOD,positive,they also had cookies in the afternoon and wine from to and fruit water and coffee hours
FOOD,positive,my top tips would be to have the very ample buffet breakfast there whilst enjoying the view from the th floor fruhstuck even runs until so you can still have bit of lie in and to get city welcome card as the hotel is very close to stations for all the forms of transport except trams being located in the west thereby utilising its much raved about location
FOOD,positive,restaurants are nice too
FOOD,positive,be sure to get the sunrise package the house without key orchids both serve an excellent breakfast
FOOD,positive,breakfast every am in room facing the pool which only gets sun in the am btw was good with pastries juice and coffee
FOOD,positive,we enjoyed very nice dinner at the hotel restaurant as well
FOOD,positive,breakfast was enjoyable and the rooms were small but clean
FOOD,positive,they loved free hot waffle and other stuff best thing is they have free parking for big truck love to tell other contractor to stay that place
FOOD,positive,breakfast is served each morning with generous choice of bakery meat egg fruit and drink choices
FOOD,positive,it was pleasure having an after dinner drink and talking with them each evening
FOOD,positive,there was first class too
FOOD,positive,breakfast was very good featuring home made apple croissants
FOOD,positive,the food was excellent and the staff were extremely helpfull and also very knowledgeable about the menus wine and food
FOOD,positive,breakfast was lavish cold buffet everything was superband included in the price
FOOD,positive,free breakfast with good selections
FOOD,positive,the hotel food is excellent
FOOD,positive,it was by far the best meal we had in rincon
FOOD,positive,very tasty the breakfast buffet
FOOD,positive,the buffet breakfast was wonderful
FOOD,positive,we ate in the restuarnt and enjoyed the food
FOOD,positive,the food was excellent and presented so well
FOOD,positive,they offered us free breakfast for people next day and the right to use their pool but do not think they are serious people as they must respect paid reservations
FOOD,positive,the breakfast is nice but not bargain
FOOD,positive,and decent coffee
FOOD,positive,the food was amazing especially the breakfast buffet
FOOD,positive,it also has nice breakfas
FOOD,positive,breakfast was wonderful
FOOD,positive,and it will be rectified the breakfast was wonderful with lots of choice
FOOD,positive,the buffet breakfast is also great with large variety to pick
FOOD,positive,were you had to get lift to the beach food excellent rooms
FOOD,positive,the breakfast was amazing included range of cheeses bread meats and sweet pastries plus the much needed expressos bar and lounge area
FOOD,positive,we had complimentary breakfast included which while basic was adequate
FOOD,positive,the restaurant buffet was delicous
FOOD,positive,breakfast was included in our rate and was very comprehensive with great cold buffet selection as well as hot eggs bacon toast etc
FOOD,positive,fantastic meals and very nice spa
FOOD,positive,lavish dinner and good breakfast the following morning
FOOD,positive,the breakfast is brilliant with loads of choice restaurant amenities staff all brilliant
FOOD,positive,very good breakfasts
FOOD,positive,don miss the breakfast
FOOD,positive,very good breakfast
FOOD,positive,dinner was amazing breakfast was good
FOOD,positive,food was good as was the famous hilton breakfast
FOOD,positive,the free breakfast buffet has good selection as well
FOOD,positive,breakfast buffet is value for money and good too
FOOD,positive,the rooms are fine and spotless the breakfast is great but
FOOD,positive,the food was wonderful the rooms were spotless the employes went out of there way to help and to look after your every needs and always with smile on there faces
FOOD,positive,great cocktails and the food in the restaurant next door was great too
FOOD,positive,guess everything tastes better when it is free
FOOD,positive,not only were the breakfasts good with lots of choice to suit all tastes but we also would recommend that you do not miss the the afternoon tea in the bar something we did not expect in down town madrid
FOOD,positive,is the average american continental danish and coffee
FOOD,positive,nice food
FOOD,positive,including free dinner and beer wine reception in the evening
FOOD,positive,the food served on the breakfast buffet was fresh and delicious and affordably priced
FOOD,positive,the breakfast is very good but having dinner at the hotel is little expensive
FOOD,positive,breakfast brilliant rooms clean tidy sufficient space in
FOOD,positive,the free cookies at night are yummy
ROOM,negative,rooms are small but clean
ROOM,negative,the bed was terribly uncomfortable the room was small and the view was terrible
ROOM,negative,some may consider the rooms on the small side but they are furnished and decorated to very high standard and to be fair you will not spend lot of time in them if you want to take in all the sights and experiences barcelona has to offer
ROOM,negative,and whilst knew that the rooms can be shabby due to the location and an excellent deal at per night inl breakfast
ROOM,negative,one drawback we were put in the second building next door on camp street and the room had permanently sealed windows of frosted pebbled glass gave kind of claustrophobic effect
ROOM,negative,room inadaquate
ROOM,negative,once in the tiny room we discovered it was full of ants
ROOM,negative,due to the tiled floors the noise from corridors did tend to echo in our room however this was not particular problem that would put us off returning to the hotel in the future
ROOM,negative,was alone and even if am not too fat the space was exactly for me
ROOM,negative,apart from the trouble with the rooms the location was fantastic only quick walk to union square and the staff were polite and helpful
ROOM,negative,only two minor gripes we got quite small room and the prices quoted on their website exclude goods and services tax tax that everyone has to pay
ROOM,negative,we had room with two double beds but the beds were very small for double beds
ROOM,negative,unfortunately you can hear everything through the walls
ROOM,negative,ok room in hkg are very small but this seems too small otherwise concierge service was good and location is ok for kowloon nad nathan road considering all and what have paied
ROOM,negative,found dead bug in the tub
ROOM,negative,the door between rooms was not sound proofed and tv in the adjoining room was turned up all the way
ROOM,negative,the rooms are small and outdated
ROOM,negative,actually found condom under the bed
ROOM,negative,paper thin walls
ROOM,negative,room size is little small
ROOM,negative,we checked into our room and the stench of dog with potent cleaning solution smell practically knocked us over
ROOM,negative,chipped paint rusting fixtures moldy grout and an utter lack of amenities
ROOM,negative,they are couple of things that others have mentioned which are also true thin walls felt like someone else was in the room
ROOM,negative,small rooms but great location we stayed at this hotel for nights
ROOM,negative,do not get room on the first floor room smelt of damp rubbish bed crap decor badly in need of complete overhaul from ceiling to floor
ROOM,negative,this was room that cost over
ROOM,negative,get room off the front of the hotel and higher up toaviod street noise
ROOM,negative,room door key didn work staff had to come and let us in
ROOM,negative,also when you stay in room you think at night that someone is breaking into your room but it just your neighbor that is entering his her room
ROOM,negative,noisy rooms hotel balmes looks very plush from outside and in the reception area however we were in room and it was very dark and also very noisy didn get too much sleep during our stay
ROOM,negative,but the rooms can be very damp and musty and ve stayed in this hotel on about separate occasions now
ROOM,negative,my only disappointment was that the room was half cleaned and we had to wait for clean towels
ROOM,negative,bad to be true stayed night on january first we were assigned room that had not been cleaned at in the afternoon we were given another room but this one had no water this resolved we had no hot water we were told by other guests that this problem was days old
ROOM,negative,the only downside was that the rooms were uncomfortably warm and the only way to cool down was to open the window which unfortunately let in the noise from very busy street
ROOM,negative,quirky but tiny rooms
ROOM,negative,was assigned room which was located directly next to the elevator shaft
ROOM,negative,the rooms were not cheap but if you reserve online beforehand you can get some good deals
ROOM,negative,our room at the back overlooking the terrace was quite small but functional and although you could hear noise from other rooms there was no outside noise at all
ROOM,negative,we stayed on the th floor but were accompanied by renovations taking place in room on that floor from am on mornings
ROOM,negative,room was small and there were stains in the drapes carpet and duvet
ROOM,negative,thin walls and loud sounds coming from all directions left me awake and wishing had slept anywhere else
ROOM,negative,the only minor negative is that the rooms are awfully small huge beds make it even worse
ROOM,negative,we stayed here for nights in club and although the rooms are on the small side and showers lack any real power it was jean and joyce the concierge that made our stay here more than comfortable
ROOM,negative,smelly rooms no hot choc but cool view
ROOM,negative,my only complaints were thin walls you could hear chatter next door even when others were using speaking voices and one night were the neighbors liked to party late
ROOM,negative,the rooms were tiny noisey with no natural light and view of the hotel room opposite
ROOM,negative,the standard room is not so big but if you store your clothes in the closet and put your suitcases under the bed you really feel like home
ROOM,negative,the room although modern were filled with defects like electric cables hanging
ROOM,negative,only problem was bedr had no living room and no full kitchen
ROOM,negative,do not leave any personal belongings in the room
ROOM,negative,overall didn get much sleep because of this
ROOM,negative,there was no handle on the shower wall to assist getting in and out of the tub shower which was quite high
ROOM,negative,also the rooms were very small and our view was the room of the building next store but for can complain
ROOM,negative,we could hear the lightest of sounds from both of our neighbors and they weren loud people
ROOM,negative,bathroom small and disappointing
ROOM,negative,that said those minor flaws as in other hotels rooms vary in quality from tired and jaded to newly refurbished with tuscan pain effects so negotiate for the better ones
ROOM,negative,walls are very thin
ROOM,negative,rooms are bit on the small side though staff are very attractive and also really nice and helpful
ROOM,negative,we rented rooms through orbitz at and per night and it was absolutely the worst value for the money have ever experienced
ROOM,negative,the rooms are small but cleanbreakfast is adequatefree porn channel for those interested
ROOM,negative,didn like all that cement gray walls
ROOM,negative,the bed and room were small but wonderful and so quiet
ROOM,negative,only downside was that the rooms were small but you did have enough room to move around
ROOM,negative,had my mobile phone stolen from my room during my stay
ROOM,negative,when got there was given very small room with just one single bed so expected single room rate as well
ROOM,negative,the room was small and functional but very clean
ROOM,negative,hair in sink and bath was off putting
ROOM,negative,yes the rooms are as tiny as all the reviews say but you can beat the location
ROOM,negative,my room was small but clean with tv and tea coffee making facilities and safe big enough for laptop
ROOM,negative,the first night was quiet but the room next door was occupied the second night and we could hear every noise
ROOM,negative,and it was bit of tight squeeze around the bed but that was it
ROOM,negative,rooms facing the street slightly noisy in the morning rush
ROOM,negative,the room was small but clean and comfortable
ROOM,negative,the room was not large but the furnishings bedding and bathroom were all of high standard
ROOM,negative,the bedrooms let the hotel down there is obviously variety of bedrooms
ROOM,negative,it was noisy outside even at night just shut the windows for quiet
ROOM,negative,upon arrival we had to pay cash before entering the room then we found on one bed dirty linen that had to be changed
ROOM,negative,some rooms are rather noisy because it located near the
ROOM,negative,we were in bridge to bridge view room expensive but we didn feel pampered or special while staying at the hotel in any way
ROOM,negative,the rooms aren huge but who stays in their hotel room all day in san fran anyway suggestions ask for first floor room as the elevator is very slow get room in the centre of the hotel
ROOM,negative,the basic rooms are small but adequate for five night stay that had
ROOM,negative,the rooms are on the small size but they are extremely well designed especiallt he bathroom
ROOM,negative,pricey so so location and small rooms
ROOM,negative,is that rooms
ROOM,negative,we had our things stolen in our room
ROOM,negative,rooms were little small with small beds and small bathroom
ROOM,negative,the rooms are not clean and need to be renovated
ROOM,negative,is short list stains all over the carpet hairs and other dirt all over the bathroom ironboard and iron
ROOM,negative,the furniture was very scuffed and the walls had some stains
ROOM,negative,the rooms were small but nice and clean and modern
ROOM,negative,stay away from the mini suite on the second floor at the corner of mason bay it one of the noisiest hotel rooms ve ever had the pleasure of being moved from
ROOM,negative,it not to clean and rooms are small typical down town european
ROOM,negative,bathrooms also are old and leaky
ROOM,negative,my only criticism is that the rooms are little small and you can find yourself falling over your bags
ROOM,negative,no matter where your room is you are close to street level and traffic could be noisy at night
ROOM,negative,their keycards get quite defective
ROOM,negative,when we got to our room the door was wide open our room key didn work so we had to reactivate it every time we wanted to get back in the floors were dirty we didn have enough beds to accodomate the girls our window was broken with degree hot air seeping in no curtains to shade the room and our bathroom light was broken
ROOM,negative,and there was lot of road noise and we used earplugs
ROOM,negative,the rooms were not that great for the amount we payed and the staff was not friendly
ROOM,negative,the rooms are outdated but clean comfortable and roomy
ROOM,negative,you will not get good night sleep here
ROOM,negative,interior build out however was done way too frugally and there was lots of deferred maintainance in room
ROOM,negative,the window in my room was loose and the first two nights it was not properly warm
ROOM,negative,little small but we didnt spend much time there anyway
ROOM,negative,although the rooms were bit tiny as are all tokyo hotel rooms was told they were very clean
ROOM,negative,there were some nice views in the hotel but the one from our room was not great
ROOM,negative,could see that mildew beginning to build up on the bath tiles will contribute to poor maintenance
ROOM,negative,caveat on ocean view room
ROOM,negative,no view but cuts out the noise as sf is very loud at night
ROOM,negative,rooms are small clean snd basic except for excellent bathrooms
ROOM,negative,arrived to find depressingly hot dank tiny shabby unacceptable room for the taxes
ROOM,negative,room was tiny deco was average cleaning was it is minimum levels
ROOM,negative,however we were put in tiny room to the side of the hostal overlooking the road that was being dug up
ROOM,negative,the rooms were the smallest have ever seen with sealed windows loud air conditioning amenities loosely used from the and room keys that did not work
ROOM,negative,room had very musty smell and was damp
ROOM,negative,room typical smallish european but we didn go to berlin to stay in the hotel
ROOM,negative,if you stay here ask for room away from the street to avoid the construction noise
ROOM,negative,but the rooms facing the interior of the giant atrium are noisy well into the night as the conventioneers cut loose on the company dime
ROOM,negative,for sandwich lunch time room wasn ready when we arrived very disappointed
ROOM,negative,the room was small and facilities were basic
ROOM,negative,while the room wasn large and needs updating it was more than adequate for us
ROOM,negative,yes the rooms are small but they are perfectly adequate especially if you are planning to be out most of the time
ROOM,negative,it is small rooms but we didn麓t mind
ROOM,negative,found it not very clean the carpets were dirty and also the restaurant was like that and food was not so good
ROOM,negative,our only minor complaint was that we could hear the noise in the hallway when our neighbors came in and out of their room and when the housekeeper vacuumed relatively early ish in the morning
ROOM,negative,we were travelling for month and had suitcases for which we hardly found space in the room
ROOM,negative,the bathroom smelled so badly like mold that we could not open the door without the entire room smelling
ROOM,negative,allot off noise from the pipe in the room
ROOM,negative,we got that little room no for usd per night on the second floor
ROOM,negative,the rooms are small clean withprivate baths
ROOM,negative,the glasses and cups we used in the room were not changed by the cleaning lady just wiped off
ROOM,negative,the room was small but didn spend much time in it and it was quiet
ROOM,negative,like lot of other reviewers thought the room was small but in place like hong kong you shouldn be spending too much time there
ROOM,negative,minus points room was noisy and one of the concierge staff was unhelpful
ROOM,negative,the only downside were the banging of doors late at night and in the early hours from other guests coming and going
ROOM,negative,although the bathroom in my room seemed little dated compared to others in the hotel the whole room very clean and comfortable offering excellent value for money
ROOM,negative,but the room was not what expected
ROOM,negative,the rooms are dated although ours was good sized and with nice view over the dam
ROOM,negative,when we got back somebody had broken into our room and had stolen our camera phone mp player among other things
ROOM,negative,the room is very small and obviously the web site photos are very unrealistic
ROOM,negative,and we found it hard to sleep sometimes
ROOM,negative,the room may have been cleaned before we got there but it was so old that you couldn tell for sure
ROOM,negative,the room was tiny barely lit musty and just unbearable
ROOM,negative,we had king sized room which was fairly small but well arranged so we didn feel cramped
ROOM,negative,we stayed for three nights in total it may be bit small for people on longer stay week as mentioned in other reviews it have more of bb feel than hotel feel so if you are looking for somewhere more like hotel then would look elsewhere
ROOM,negative,however found there was some rather foul stains females staying along do not make marks like that on the duvet cover which obviously had not been washed told the hotel staff and it was rectified
ROOM,negative,rooms aren huge but very cozy
ROOM,negative,the room lacked maintenance on the furniture and in the bathrrom nothing was repared
ROOM,negative,most spanish hotels ve stayed in do not offer double beds this is no exception
ROOM,negative,seaview was the smallest room have ever stayed
ROOM,negative,the rooms are quite small the bathroom especially but otherwise decent place to stay for few days
ROOM,negative,the rooms were tiny beds in room and in another
ROOM,negative,room wasn clean service non existent bordering on
ROOM,negative,it small as hotels go but never felt claustrophobic in it and especially not in my room
ROOM,negative,rooms are small but clean and tasteful
ROOM,negative,also the room was just dirty
ROOM,negative,the only thing sometimes you can hear your neighbour walking in the room
ROOM,negative,after requesting room change again was given another average room by front desk staff who seem reluctant to help
ROOM,negative,if noise is problem definitely ask for room away from the street
ROOM,negative,hing special stayed in per night suite this weekend in sf and was very dissapointed
ROOM,negative,the room although small was pleasant enough but the lighting was very poor and found it very difficult to read standard size font such as of point after it had got dark
ROOM,negative,the room itself is small and leave good deal to be desired
ROOM,negative,the carpeting was stained there were holes and cracks all over the bathroom wall and there was large black mark in the tub
ROOM,negative,it was wonderful then don look like they have cleaned the bath tub sink or tolet since
ROOM,negative,the room was little small but if you are in new orleans you are not in your room that much
ROOM,negative,only one negative to report the new paint fumes in the hotel rooms on our last night
ROOM,negative,my only complaint was that the bathroom was little cramped for space
ROOM,negative,very noise room
ROOM,negative,we were told someone would clean then they would clean next day needless to say it remained uncleaned on check out two days later
ROOM,negative,clean but small rooms were clean bed was comfortable but very tiny and dated interiors
ROOM,negative,the negatives far outweighed these very small room very loud street noises and blaring music from rooftop bar until wee hours of beat up old furniture and inferior sushi and tiny pool and pretentious eating area at pool that requires you buy bottle of liquor in order to use large sofa like banquette seating
ROOM,negative,the bathroom was the smallest have ever seen and had loft suite and for the price other hotels offer more no flat screen tv ineffective air con
ROOM,negative,the room we stayed in was little on the small side
ROOM,negative,our room was quite small but clean and neat
ROOM,negative,our room was very humid and loud which may relate to the structural set up of the hotel property
ROOM,negative,the furnishings in the room were bit dark and dreary
ROOM,negative,rooms need some love
ROOM,negative,was one day at kowloon hotel but am wondering is it possibile to call that room an hotel room
ROOM,negative,the room was small but clean and comfortable with good range of toiletries etc
ROOM,negative,the rooms are pretty old but clean
ROOM,negative,although the rooms are smaller this property and its staff make up for the shortcome
ROOM,negative,we could check out was pm the room was small there was an accumulation on dust on the top of the drapes which fell down on me when pulled them closed only one elevator worked and it was slow the complimentary in room coffee service was provide only for one person after showering the bathtub took forever to drain over minutes and left behind scum we had to walk through the indoor pool area to reach the breakfast room the business center computer was out of order and the sole desk clerk was so harried trying to do several tasks at once that several guests left after waiting too long for service
ROOM,negative,speaking of the rooms they are very dated the furniture in living room was coming apart the drawers in the dresser of our bedroom had no tracks and
ROOM,negative,it was impossible to get any sleep throughout the night due to the loud noise from two elevators moving up and down
ROOM,negative,however the shower tub was very dangerous and definitely not for mature couples or persons with disabilities
ROOM,negative,the room was not lovely but absolutely good for sleeping after parties in amsterdamthe best thing is its location is in the very centry of amsterdam so everything is near
ROOM,negative,my only issue was with the noise from the adjacent room that came through the connecting door
ROOM,negative,the room was small but well appointed and situated beside the opera ballet and city hall and not far from the business district
ROOM,negative,we had somewhat small room in the 鈥渢ower鈥 section of the hotel which think is mainly used by stopover passengers en route to australia
ROOM,negative,somewhat small rooms but hey
ROOM,negative,single room double price
ROOM,negative,my room was facing the rear street and it was rather noisy early in the mornings
ROOM,negative,requested better room and was given room on the top floor right next to the elevators which were noisy and disturbed my sleep
ROOM,negative,we were then allegedly upgraded from what cannot imagine the room was tiny and not air conditioned
ROOM,negative,but this time had room that needed lots of work
ROOM,negative,the only thing that didn like about this place was the bathroom
ROOM,negative,room pretty good although can get bit noisy outside saying that my year old slept perfectly
ROOM,negative,the room is little bit small but the shower is great on the top you can enjoy the swiming pool when the weather is nice
ROOM,negative,the beds are bit lumpy and the walls need some paint
ROOM,negative,the room that stayed in was horribly small
ROOM,negative,we switched the next night to courtyard room but you still get some reflected traffic noise
ROOM,negative,got room overlooking just that
ROOM,negative,after booking in for business travel was given small rooom with barely enough space to walk around the queen size bed
ROOM,negative,first thing the room was really small and squeezy
ROOM,negative,over rated for the price you pay make sure you get one of the better rooms
ROOM,negative,white the room was bit small tight it was very well redone with an absolutely awesome view of the beach
ROOM,negative,the temperature in the room was never under degrees celcius
ROOM,negative,bathroom very
ROOM,negative,the rooms are small but the building is architecturally interesting as combination of three older buildings that were remodeled into hotel
ROOM,negative,we paid per night convention rate for cramped room with low ceilings outdated furnishings and paint peeling from the ceiling
ROOM,negative,then started to worry about where was staying but it was all good the rooms are tired and bathrooms need renovating
ROOM,negative,after much discussion they found us room facing brick wall and never offered to move us
ROOM,negative,the noise from the elevator was bit annoying at first we were right next to the elevator
ROOM,negative,had classic room which was small and no view might have been disappointed if had been staying longer but for quick stopover it was fine
ROOM,negative,the rooms and hallways are bit dated but they are spotless and have many amenities
ROOM,negative,tiny room with many ants the room wasn available to check in until late afternoon
ROOM,negative,the room furnishings lacked the austere beauty been hoping for the room furnishings were quite plain and unremarkable
ROOM,negative,the only low point are the beds the matress are bit on the hard side
ROOM,negative,absolute nightmare of room up three flights of very steep stairs room very dirty ripped curtains mould in bathroom stained carpets etc
ROOM,negative,the rooms are little worn
ROOM,negative,not very luxurious with regular tv etc no flat sceen and no view from the th floor
ROOM,negative,would estimate there were over to ants on the floor at one time
ROOM,negative,book room away from the elevator or stairway access doors as these can be tad noisy because all guests go through the same area and the hallways are hardwood flooring
ROOM,negative,the bathroom was old fashioned conditioned and the room seems like you were on the 麓s
ROOM,negative,my only observation is that you probably don need to book canal room as there not huge amount to see out of the windows
ROOM,negative,my boyfriend and had the front room looking right out onto the street so have no idea if this is true for the rest of the hotel
ROOM,negative,our first bedroom was on the fourth floor at the back with view of the inner courtyard would have been fine if the room had not been so hot
ROOM,negative,room was very small but was perfect for us it had all we needed including minibar and very nice bathroom
ROOM,negative,the shared washrooms were dirty and most all the architectural details were very worn
ROOM,negative,rooms although not very large were spotless
ROOM,negative,bathrooms very small but clean and adequate
ROOM,negative,the rooms are very small and roll away are not allowed
ROOM,negative,our first room was on the street was bit noisy there no so we had the windows open
ROOM,negative,and it did not look very clean
ROOM,negative,although the rooms are small the privacy ambience and staff more than make up for the lack of space
ROOM,negative,halls very hot
ROOM,negative,too expensive but clean and big room
ROOM,negative,found the room and beds to be bit small by comparison to other hotels and the bar and lobby bar were bit stuffy and boring for young people
ROOM,negative,we looked out over the roof air conditioners on the fifth floor say you prefer not to have room
ROOM,negative,it feels as though you are in private house with gathering of old friendsthe hotel rooms are small so if you like oceans of space this hotel is not for you
ROOM,negative,furthermore facing the street and canal you are assured of sleepless nights from all the party goers at nearby rembrandtplein
ROOM,negative,the bed was for someone aged or under and the views of concrete wall were awful
ROOM,negative,some single rooms are small but only slept there
ROOM,negative,however they were bit on the older side and could use some updating
ROOM,negative,filthy smelly room without windows squeaky beds and the morning breakfast
ROOM,negative,the room although small but not smaller than normal european hotel rooms was very comfortable
ROOM,negative,bathroom is the size of yr
ROOM,negative,the room was disappointing
ROOM,negative,we were on the top th floor and all the heat in the builidng seemed to rise into our room
ROOM,negative,however rooms in older part of hotel need updating
ROOM,negative,it was noisy and the view room overlooked the wallgreens and yelling steet people
ROOM,negative,the lighting in the rooms is even dimmer than the hotel norm and the wireless internet mostly non existent at least while was staying
ROOM,negative,the room itself was pretty average bit dated but was adequate for our needs
ROOM,negative,the only drawbacks which are no secret are that the rooms are small although very well arranged and the bathrooms are shared or at least mine was
ROOM,negative,the room was very small but very clean
ROOM,negative,the bathrooms are filthy so if you stay here bring disinfectant with you
ROOM,negative,felt sufforcated and the room was not clean we stayed
ROOM,negative,it would seem that the toilet being constantly flooded would be bad enough but no they went and topped themselves by being infested with termites
ROOM,negative,being woken up in the early hours by the lorries delivering to the adjacent market
ROOM,negative,single room double price had booked double room through website then called to check if there was single available as was going to be on my own
ROOM,negative,however it is bit dated in places corridors and rooms however it is really in great location right overlooking union square right in the midst of it all and close to shops restaurants etc
ROOM,negative,the only thing would improve is room size though
ROOM,negative,the only downside is the size of the rooms but this is typical of hong kong hotels
ROOM,negative,poor tv programms bed is extremely hard
ROOM,negative,weird smell in roomsslow jerky
ROOM,negative,rooms are outdated and the corridors smell
ROOM,negative,the rooms were tiny though
ROOM,negative,the room was outdated and not up to the four star rating as given on the internet website
ROOM,negative,tried to put the room temperature regulation on but the fan was really noisy so opted for an extra blanket
ROOM,negative,the rooms are on the shabby side old paint outdated upholstery chipped furniture
ROOM,negative,these rooms are not refurbished noisy surroundings generartors etc
STAFF,negative,this hotel has the worst service
STAFF,negative,rporate travel agent point of view front desk staffs very unresponsive to corporate clients
STAFF,negative,and the desk agents laughed that we were upset
STAFF,negative,and then the driver asked us to lift the luggage because it might be too heavy for his back
STAFF,negative,when mentioned this to the reception staff at check out they weren interested and didn even comment
STAFF,negative,the only thing would fault would be some of the reception staff are quite rude and keep an eye on your bill with the bar staff if they are serving at your table keep tabs of what you had as they do seem to try to add drinks on that you haven had or imply you haven paid
STAFF,negative,from the moment we pulled up the service was way below expectation sitting in the car with the luggage for several minutes no bellhop and having to re circle
STAFF,negative,so what if old or new staff this is not the way to treat guests and not even an apology was given for their mistake
STAFF,negative,my only complaint is the high prices for room service and still per day charge for high speed internet
STAFF,negative,very chic but lacks hotel services
STAFF,negative,then when called back to inquire the second person was very curt in correcting me not only was there no apology she hung up on me as was still talking without even good bye
STAFF,negative,sorry we got port hole window and the staff lied about the other rooms
STAFF,negative,when we first arrived they tried to put us in lower level room that looked out directly to parkade basically all the cars going up can see you
STAFF,negative,staff not the friendliest
STAFF,negative,after calling them so many times and speaking to the manager and the accountant and everyone else they still refuse to give me my money back
STAFF,negative,shame on them for being in the service industry
STAFF,negative,would not reccomend this hotel because of the snooty attitute of quite few of the staff which made it very uncomfortable it was not hotel to relax in just one to be seen in if you were of certain age and dressed in certain manner
STAFF,negative,the staff is rather unpleasant decoration is inexistant rooms are tiny and beds are too soft no air conditioning in the rooms which are just under the rooftop and to finish breakfast is mediocre no croissants or pancakes
STAFF,negative,the staff were very unhelpful and proceeded to charge for the room but refused to let us stay despite proof of id
STAFF,negative,his two traveling companions had their passports they could not get into their room until he arrived in the evening
STAFF,negative,when we checked in we were informed that we would not receive what we reserved because we did not call to confirm
STAFF,negative,we arrived at pm and were told that our room would not be ready for another hours
STAFF,negative,the attitude from the employees seems to get worse and worse each time
STAFF,negative,the quality of the service and back drops are not great but if you can overlook the details it is worth the stay
STAFF,negative,really average service really ordinary service
STAFF,negative,rude people at the qt bartender in the hotel was jerk and used strong language towards my wife and after complaining to the manager she made us feel like it was our fault for requesting drink around midnight
STAFF,negative,given we should have kept the number but the manager had been unhelpful unsympathetic and snobby
STAFF,negative,so we wanted to quickly arrange some trips but the extremely unfriendly receptionist has flatly refused to help us or even let us use the phone to call the tour companies
STAFF,negative,what really irritated me was when checked my credit card they had charged me an additional us for late checkout without any notification had used their express checkout service and left the room by am
STAFF,negative,the staff could be somewhat more polite and helpful at least in opinion of someone used to european standards
STAFF,negative,unbelievably unhelpgul
STAFF,negative,the only one staff person who spoke english worked in the morning
STAFF,negative,they will not apologize or offer any remedy for you concerns
STAFF,negative,the only negative points about the hotel were the staff looked down on us little not mid forties with beard and no tea coffee facilities in the room free tea coffee chocolate in lounge with large selection of fruit for free only minor points but will be staying there again in september
STAFF,negative,we always had to wait while looked like they were bit short of staff
STAFF,negative,the service is the restaurant is terrible
STAFF,negative,should have been better about writing down all of the cancellation info because month later they charged me for the room didn even stay in and refuse to refund my money
STAFF,negative,the staff hate americans
STAFF,negative,ran out of towels at pool side not enough waiters at poolside rib eye steak for dinner poor waited min
STAFF,negative,day the restaurant cafe had very slow service when eat there even though they weren doing much business
STAFF,negative,if you are looking for luxurious hotel with helpful staff this most certainly is not the place
STAFF,negative,service is more akin to star hotel
STAFF,negative,the night manager would do nothing to ensure our safety and we got typical mediterean shrug when we asked him to notify authorities as two other women were attacked in the square while we were at the desk
STAFF,negative,staff at this hotel are not so helpful and have surly attitude
STAFF,negative,similar to another review we also experienced unfriendly and not trusting attitude from the owners demanding our credit card for security even if the stay was prepaid through expedia and it was also not the place for asking questions
STAFF,negative,my major concern was the way in which the hotel handled this the first question they asked was should we call the police
STAFF,negative,we seem to have lucked out though and got far superior room to the one we had before or they ve just decorated and the staff couldn have been more friendly and helpful
STAFF,negative,although they said the next day we could move rooms they changed their minds after we had spent mins packing all our things away in the morning which was rather annoying
STAFF,negative,from the minute checked in with the snippy kid at the fornt desk to the fifty five minute wait for room service
STAFF,negative,they keep saying that is done and that it should be on my bank account any second
STAFF,negative,the hotel staff was rude and don believe the pictures they show on their website it looks nothing like that
STAFF,negative,mailed the hotel twice no response and finally had to phone to obtain refund which they made immediately but with no apology or explanation
STAFF,negative,we booked three hotel rooms two double beds
STAFF,negative,not great most of the staff had poor command of english
STAFF,negative,the check in process wasn exactly seamless either
STAFF,negative,soul less luxury well trained but passionless staff feeling of anonymity
STAFF,negative,the only reason didn give this lovely hotel excellent is due to the limited room service
STAFF,negative,we checked in at pm and the room was not ready
STAFF,negative,it took hours to get response and to date no one has called me to report what actually happened that night
STAFF,negative,to much attitude and bad customer service
STAFF,negative,desk service is condescending except for the sheets rooms are really not well maintained carpet is badly stained and everything is worn out
STAFF,negative,when checked out the staff accused me of trying to skimp on minibar purchases
STAFF,negative,this kind of service attitude is simply not acceptable anywhere let alone hotel of this level
STAFF,negative,the service is really bad and not to mention things disappear from your room and
STAFF,negative,concierge were not too helpful getting us taxi which was took ages to arrive even if you book in advance
STAFF,negative,most unfriendly staff but clean room
STAFF,negative,horrible service
STAFF,negative,it was very quiet night but service was still slow
STAFF,negative,true but their shuttle closes down earlier than any of the other hotels and it euro cab ride
STAFF,negative,when to comes to nola service this place was not what you would expect
STAFF,negative,was promised specifichotel room and when arrived they said they did not have those types of rooms at their hotel
STAFF,negative,can complain about the service level definetely not the best we have received but by no means bad
STAFF,negative,band kids were not well controlled resturant service bad husband dtr and stayed here in order to get flight out next morning
STAFF,negative,and to finish we asked to leave the luggage for the day and it was kept outside in courtyard getting wet because of the rain
STAFF,negative,my initial reservation was totally botched by someone who sounded like teenager answering the phones
STAFF,negative,telling the front desk attendant about the ants she seem unconcerned and was suprised this was an issue
STAFF,negative,and she was absolutely unbelievably nasty
STAFF,negative,lots of conventions held there check in took over an hour
STAFF,negative,staff not particularly friendly
STAFF,negative,we made complaint but as there were no managers and it was not the receptionists fault
STAFF,negative,not only that but the management seemed to not care less when voiced my concerns
STAFF,negative,had to wait till pm for room official check in time pm the offer of complimentary drink or pot of tea would have been nice but not offered
STAFF,negative,when arrived to the hotel hours later they told me that they had no free rooms since the day before
STAFF,negative,while other high end hotels are quick to response such request this property is staffed with don care attitude
STAFF,negative,the confirmation sent by the marriot stated that would be given the room promised
STAFF,negative,was deeply disappointed in their service
STAFF,negative,but had assumed that there would be some sort of room service or some facitilites to make tea coffee in your room
STAFF,negative,very bad service
STAFF,negative,at we went to the lounge area and the receptionist practicly kiked us away closing the tv and telling us we could not stay there
STAFF,negative,didn find much atmosphere there it was just all robotic there wasn much human heart in the hotel but well worth the stay
STAFF,negative,one consistently unsmiling unhelpful person on reception prevented an excellent review
STAFF,negative,the hotel lobby was in chaotic state and the staff were not particularly helpful or courteous
STAFF,negative,hotel opened up resources to outsiders on weekends so you spent your time waiting to be served or dodging children in pools
STAFF,negative,everyone there was very courtious with an exception of the unhappy young front desk girl but orlando down on the beach made up for that
STAFF,negative,however the front desk screwed up simple kinkos delivery for me and my traveling companion reservation then tried assigning blame on him despite his ability to produce confirmation numbers and dates
STAFF,negative,however when we explained to the problem with our room whistling pipe they were not willing to accommodate us at all
STAFF,negative,the staff were rude spiteful and went out of their way to make my stay unpleasant
STAFF,negative,we were surprised at the lack of consistency of the service and had bad experience with the staff confusion regarding whether breakfast was included in our rate
STAFF,negative,would strongly suggest you stay somewhere else where they treat you with respectful service
STAFF,negative,although agreed to pay their cancellation fee my credit card was charged for no services rendered
STAFF,negative,told callers that checked in guest was not there turned away deliveries
STAFF,negative,dirty hotel with sneaky stupid employees
STAFF,negative,the operator who picks up the phone at the general number gave me the wrong fax number
STAFF,negative,firmed reservation but no room available when we arrived reserved two rooms several months in advance and confirmed them via email one week before arrival
STAFF,negative,the manager alex is way too arrogant and thinks he is doing you favor for this very mediocre restaurant
STAFF,negative,on one occasion there was couple at reception complaining that they had single beds when they wanted double but we were unable to swap with them
STAFF,negative,the property to get help with the bags to the missed wake up call to waiting for minutes for coctail server to approach our table in the lounge
STAFF,negative,best measure of lack of customer service was the filthy window which we reported immediately on check in hand marks and writing on internal window
STAFF,negative,the night manager of the desk witnessed this happening did nothing and kept the front glass doors locked until we banged on them begging to be let in
STAFF,negative,visited the concierge only to have this man rudely point me to the reception desk with this impossibly long line of people checking in
STAFF,negative,all ended well but customer service was amazingly bad
STAFF,negative,then we used the concierge service to make our dinner reservations since we were unfamiliar with the area
STAFF,negative,complained that this did not constitute an ocean view in my mind but the hotel staff told me that is how the room is classified and refused to move us
STAFF,negative,staff were not necessarily rude but useless and incompetent at best although think this was simply because the staff just did not care
STAFF,negative,the only downfall of our trip was that we found most of the staff to be extremely rude and not very attentive and courteous
STAFF,negative,barcelona is big city with big city problems but the treatment of the staff and proximity of the hotel to unsavory areas of barcelona mean that this hotel should be avoided
STAFF,negative,note for critics of the staff few thoughtful words in french will pay substantial dividends in terms of service
STAFF,negative,the consierge sent me to so so sushi place called san raku and then to an awful chinese place called oriental pearl
STAFF,negative,rude and disorganized staff arrived from very long flight with my husband and yr old toddler
STAFF,negative,the staff are very false behind their smile is very miserable person
STAFF,negative,here staff are rude and nonchalant rooms are like prison cells cold and full of strange odours food is limited and extremely over priced trying to get cab to airport is virtually impossible and to be frank
STAFF,negative,stars with stars service
STAFF,negative,customer service was lousy
STAFF,negative,horrendous customer service overall stay was just okay but was tainted by management unwillingness to honor their own quoted written and confirmed total cost
STAFF,negative,obviously the management have no grasp of hospitality unless they previosuly ran prison or similar
STAFF,negative,upstairs concierge do not say hello used the speaker phone to talk to the returns department at macy spare me
STAFF,negative,terrible service
STAFF,negative,they told me they are going to take care of it but it took them too long it true that the hotel is very quiet though
STAFF,negative,hint to future guests if you have problem it is your problem the staff including antonia and the manager gianni burchietti will treat you as an enemy if you dare complain about the service or your accomodations
STAFF,negative,room service is expensive but breakfast in you room is nice go on treat yourself your on holiday
STAFF,negative,however the front desk staff have no interest in helping customers outside of routine check in and check out
STAFF,negative,the staff was rude the elevator was broke the room was disgusting and the ambiance was well ghetto
STAFF,negative,harming personal service at hotel casci
STAFF,negative,the manager some guy had the gull to ask us to move out to another room as the room is meant reserved for someone else and said the earlier staff that checked us in was new
STAFF,negative,we had business guests with written reservations well in advance two were bumped out of the hotel we were treated rudely pulled our corporate account
STAFF,negative,we also got really bad food poisoning from their room service and we both were extremely sick
STAFF,negative,coffee takes mins to arrive
STAFF,negative,service at resturant was terrible food mediocre
STAFF,negative,the staff at this hotel all of the way up the manager are totally totally incompetent definitely stay away
STAFF,negative,also noted that on return at least room doors were opened by housekeeping and the rooms unprotected by employees thus violating their own policy to get into this hotel you have to go through gate into secured compound
STAFF,negative,found them very rude and disrespectful
STAFF,negative,never again on arrival front desk informed us that we had cancelled our night reservation earlier that day
STAFF,negative,we arrived late to check in at the hotel just before midnight yet our room still was not ready for us
STAFF,negative,unfriendly staff except the shop keeper who very helpful special mention to the manager who is especially rude and unhelpful to his guests
STAFF,negative,no attempts were madeby the hotel to fix the situatuion
STAFF,negative,the staff responsible for cleaning the room didn do their best
STAFF,negative,service is terrible though
STAFF,negative,was guaranteed one price for room and they ended up booking me for an entire other room type and when trying to get it switched to the correct room would not honor their price was quoted only hours before
FOOD,negative,as stated previously the breakfast is not amazing but it is adaquate
FOOD,negative,downstairs breakfast restaurant looks mediocre and expensive though the night club looks intrguing
FOOD,negative,if you want anything hot you have to go out and get it
FOOD,negative,the continental breakfast was small but it was available all morning long and the coffee was great
FOOD,negative,breakfast not up to the rest but that small quibble
FOOD,negative,villa real hotel the breakfast was poor and the coffe was
FOOD,negative,the breakfast was not good
FOOD,negative,only bread no choice in fruit juices etc
FOOD,negative,the principal buffet and the snack at the pool were not very good but all the other restaurant was ok
FOOD,negative,breakfast was mediocre with catering being run by an outside conmtractor
FOOD,negative,the breakfast almost euro is expensive and not worth it
FOOD,negative,and had to laugh at the cost of bowel of cornflakes delivered to my room for
FOOD,negative,breakfasts are also quite expensive but we chose to eat meteres up the road at marios all inclusive for around fiver and very nice allbeit not as grand as the sofitel
FOOD,negative,have to say that did find the breakfast fairly expensive approx euro although you do get discount rate if staying in the hotel
FOOD,negative,we realised that the breakfast charges of for breakfast for two was way over the top and started visiting outside the resort
FOOD,negative,also observed staff taking cutlery from one dining table which just finished and placing it on another not too hygenic made sure to wash utensils before using
FOOD,negative,if you do not want to pay hat much for the breakfast you can go in one of the small cafes not that far from the hotel and enjoy the superp spanish coffee
FOOD,negative,didnt have andy drinks for food at the hotel as we were going to the arena
FOOD,negative,the breakfast was rather expensive euro so chose to get food outside
FOOD,negative,prices at bar were high ml of water door closers are bit fierce and there were regular lod bangs from doors closing didn stop us sleeping though very close to tower hill tube and easy to get into the city centre
FOOD,negative,bar food expensive and not very good
FOOD,negative,breakfast wasn inclued in the price but the bakery across the road sold some excellent food options opens at am
FOOD,negative,the only drawback was that the restaurant was little on the pricey side for breakfast but there are many places nearby to eat
FOOD,negative,we had breakfast there in the morning the food was cold and not replenished very disappointing
FOOD,negative,the continental breakfast was complete farce few stale bread rolls in converted bedroom which had then to be carried back to the bedroom where there was no where to eat but on the bed
FOOD,negative,however consider skipping breakfast
FOOD,negative,bar expensive and you are better off taking breakfast in local bar than the hotel euro buffet anyone
FOOD,negative,breakfast maybe not interesting just donats and crossaints but wake up coffee is there and free covered parking can allowed to forget about breakfast
FOOD,negative,food in indonesian restaurant very poor really don recommend you eat there
FOOD,negative,breakfast is incredibly expensive and it鈥檚 better to go to one of the bakeries or cafes鈥 around
FOOD,negative,breakfast buffe not that good and location bit off perhaps
FOOD,negative,restaraunt bit pricey but reasonable value european asian buffet breakfast
FOOD,negative,the breakfast shouldn even be called breakfast the food looks gross
FOOD,negative,as had character breakfasts every morning that way you can gets lots of photos and avoid eating in the hotel for lunch and dinner had the buffet at the inventions restaurant one night which was awful go up to the disney village if you want to eat something decent for half the price there is planet hollywood and few other acceptable chains in the village good standard of room but od on the air freshner very comfy beds staff
FOOD,negative,breakfast is not included which is shame as many hotels in italy offer it
FOOD,negative,the breakfast was poor just muffin and coffee
FOOD,negative,breakfast was little disappointing not much variety
FOOD,negative,skip the pricey breakfast and walk to nearby shop instead
FOOD,negative,but it was over priced and the food wasn great
FOOD,negative,in the morning breakfast was very poor and when asked forchocolate for my child they did not have any
FOOD,negative,breakfast is bit disappointing the pain au chocolat at the musee orsay are superb
FOOD,negative,the food and service were way below average
FOOD,negative,only complaint is the breakfast needs more protein offerings
FOOD,negative,eating breakfast at the hotel is expencive and you are still hungry after because of the very small portions
FOOD,negative,would not recommend breakfast though
FOOD,negative,but there were none available only as an extra so had to pay euros extra on the euros all inclusive buffet breakfast watch out for the boozy brittish slags around the bar lounge they can be messy with their beer
FOOD,negative,the breakfast buffet was ok but not up to the standards one should expect from star hotel
FOOD,negative,the breakfast is not included it quite expensive at euros
FOOD,negative,the food was horrible deteriorating rooms with lot of mosquitos and few cockroachs rout towels at bathroom
FOOD,negative,we do not recommend the dinner cruises they are over rated and over priced do luai instead
STAFF,negative,we were charged full price
STAFF,negative,he offers subpar service and has no personality
STAFF,negative,after sitting there with my empty glass for over minutes left
STAFF,negative,the service is awful
STAFF,negative,such disappointment
STAFF,negative,for starters they delivered us someone else order
STAFF,negative,supercilious scorn is in
STAFF,negative,we waited for an hour to be seated
STAFF,negative,but the service is horrid
STAFF,negative,we put in our order and although we ordered appetizers the food did arrive until minutes later with our main course
STAFF,negative,then to top things off she dropped used silverware on my boyfriend jacket and did not stop to apologize or clean the mess that was left on clothes
STAFF,negative,asked for an open faced cheese sandwich and the manager basically told me to take my business elsewhere
STAFF,negative,they wouldnt even let me finish my glass of wine before offering another
STAFF,negative,service was kind of slow our waitress took forever to give us our check even though it was that busy
STAFF,negative,after sitting at the bar for over minutes the bar keep had made only drinks kept telling us she be right with us
STAFF,negative,normally places ask how hot you want it but they did
STAFF,negative,oh forgot to mention that they do have bread service
STAFF,negative,we did tip guess the model waitress just wanted more and complained to the manager
STAFF,negative,after the th time asked again and the waiter than said after our dinner
STAFF,negative,both times was extremely dissappointed by the service which was boarderline rude
STAFF,negative,we also asked for hooka six times and the waiter kept telling us one minute and never returning with the hooka
STAFF,negative,any further needs we may have had could not have been met since no one stopped by the table
STAFF,negative,at this point the waitress comes over and asks us if everything was okay was literally so shocked that was speechless and did say anything and guess what the waitress walked away
STAFF,negative,poor service and management
STAFF,negative,again no apology no is there anything else can get you no can get you drink to make up for it nothing
STAFF,negative,ve waited over one hour for food
STAFF,negative,was there for brunch recently and we were tag teamed by waitress and waiter
STAFF,negative,we asked for beverages and never received them
STAFF,negative,shame on this place for the horrible rude staff and non existent customer service
STAFF,negative,the hostess is rude to the point of being offensive
STAFF,negative,immediately after we paid the waiter took the money and said okay you guys are outta here
STAFF,negative,but the staff was so horrible to us
STAFF,negative,this place would be so much better served by being run by group that actually understands customer service
STAFF,negative,the hostess was rude and got distinct feeling that they did not want to serve us
STAFF,negative,took forever to get our order taken water refills were too much to ask for and the only time she was fast was when we asked for our bill when we could get her attention
STAFF,negative,also do plan on asking for your favorite roll if it not on the menu you ca have it
STAFF,negative,only drawback they wo toast your bagel and they do make eggs for the bagel
STAFF,negative,never have had such dramatic delivery guys lot of huffing and panting and muttering under breath live in walkup who always seem disappointed with their tips
STAFF,negative,was shocked that my friends wanted to stay after the waitress said can help you and how many are in your party
STAFF,negative,appetizers took nearly an hour
STAFF,negative,management should really take notice and train their waitstaff and teach them some proper manners
STAFF,negative,the waitress came to check in on us every few minutes and began to clear the plates while half of us were still eating big pet peeve of mine that happens almost everywhere so try to ignore it
STAFF,negative,the servers at flatbush farm appear to have perfected that ghastly technique of making you feel guilty and ashamed for deigning to attract their attention
STAFF,negative,service was slow had to wait to order and get food although not crowded
STAFF,negative,maitre eat and get out
STAFF,negative,brief conversation with the manager at the end of the meal was the greatest disappointment to say we had been blown off would be an understatement
STAFF,negative,there is downside if you re ordering in the delivery guys have major attitude
STAFF,negative,there have been several occasions when we ve just not gotten some side dishes we ve ordered
STAFF,negative,even then the order was not correct and we were still waiting for couple items
STAFF,negative,we left without ever getting service
STAFF,negative,although we were told minutes and it was more like minutes
STAFF,negative,when the bill came he only took the discount off the food and not the drinks
STAFF,negative,what we did do was waste hours being trapped in table waiting and waiting for food and drinks and hooka some of which we never received
STAFF,negative,even after they overcharged me the last time was there
STAFF,negative,the service was terrible we had to wait for everything and ask several of different people for the same thing before we were allowed to be served
STAFF,negative,so if you re walking by and thinking about dining you might want to see who going to be seating you first
STAFF,negative,in short schooner or later could have cared less about our being at their establishment
STAFF,negative,never got an explanation as to what was going on
STAFF,negative,she promised to speak to the waitress who had flown off in rage but we could hardly take her promise seriously seeing as she had bothered to get the waitresses name
STAFF,negative,guess what waited for twenty minutes before she came over and when she finally did she says oh well wish you would have said something earlier no apology nothing
STAFF,negative,we asked for sides which the waiter than admitted that he forgot to put in that part of our order
STAFF,negative,on the way out we heard of other guests complaining about similar issues
STAFF,negative,had to ask her three times before she finally came back with the dish ive requested
STAFF,negative,as part of small party of four our food was dropped off without comment
STAFF,negative,drawbacks service is slow and they do toast
STAFF,negative,the only problem is that the manager is complete incompetent
STAFF,negative,if you go here do it on his off night
STAFF,negative,after that she simply took our plates walked away came back another twenty minutes later with the bill and the chicken on it
STAFF,negative,the owner is belligerent to guests that have complaint
STAFF,negative,we went back to the restaurant and low and behold we were seated at one of the tables that was available minutes ago
STAFF,negative,um so now what are appetizers for
STAFF,negative,when we finally were able to flag someone down it was someone entirely different from the person who had dropped off the food who was also not the same person who had taken our order
STAFF,negative,we put out name down and although there were open tables we were told that it be minute wait
STAFF,negative,asked for menu and the same waitress looked at my like was insane
STAFF,negative,when asked about how certain dish was prepared in comparison to similar at other thai restaurants he replied this is not mcdonald every place makes things differently
STAFF,negative,delivery guy sometimes get upset if you do tip more than
STAFF,negative,told us to sit anywhere and when we sat he said the table was reserved
STAFF,negative,she replied well it would be more convenient for us if you ordered now since you are larger party and it might get crowded
STAFF,negative,when we inquired about ports the waitress listed off several but did not know taste variations or cost
STAFF,negative,the service ranges from mediocre to offensive
STAFF,negative,happen to have policy that goes along with little bit of self respect which includes not letting waiter intimidate me make me feel bad asking for trivialities like water or the check
STAFF,negative,they never brought us complimentary noodles ignored repeated requests for sugar and threw our dishes on the table
STAFF,negative,nobody at this restaurant will give firm answers about anything and in the end not one person takes responsibility for anything
STAFF,negative,the only beverage we did receive was water in dirty glasses
STAFF,negative,when the main course finally arrived another mins half of our order was missing
STAFF,negative,they are not helpful in the least and will give you the grand run around so by the time the event date rolls around you will not only regret chosing this place but also become hostile
STAFF,negative,the dishes came out around minutes apart
STAFF,negative,bad staff
STAFF,negative,also waiters try to push more food on you like suggest things as if they are complimentary when they actually cost
STAFF,negative,the manager finally said he would com the two glasses of wine which cost less than the food and made it seem like big concession
STAFF,negative,we paid and left because we did feel like arguing any more
STAFF,negative,there is no excuse for such lousy service
STAFF,negative,we stood there for minutes while employees walked back and forth ignoring us
STAFF,negative,mistakes happen but they are usually accompanied by an apology perhaps even glass of wine but not the grunt that we received from the al di la staff
STAFF,negative,service is not what you are coming here for
STAFF,negative,have tried to make reservations but both times the hostess did have my name
STAFF,negative,service not the friendliest to our large party
STAFF,negative,one would think we get an apology or complimentary drinks instead we got snobby waiter would even take our order for minutes and gave us lip when we asked him to do so
STAFF,negative,the big complaint no toasting available
STAFF,negative,and how many times can you pick up the same perfectly aligned set of napkins inspect them vapidly and plonk them down in exactly the same place instead of venturing glance at people who are there to help you make the rent
STAFF,negative,ca believe that it was but please put the bag down before delivering food
STAFF,negative,for instance plates were just dumped on the table was handed the wine list upside down etc
STAFF,negative,they were very abrupt with me when called and actually claimed the food was late because they were out of rice
STAFF,negative,know you were too busy showing off your vintage tee shirt and looking bored but my agenda is here to eat and enjoy the company of friends seeking pleasant experience
STAFF,negative,again be super upset if that were my employee
STAFF,negative,once seated it took about minutes to finally get the meal
STAFF,negative,prefer to order it and pick it up though because do like the servers one young woman in particular
STAFF,negative,the service leaves much to be desired from feeling like you are rushed the place your order to being ignored the rest of the night
STAFF,negative,the frizzy retro girl with winged dame edna glasses will yell at you if you try to order drink
STAFF,negative,they charge different prices all the time
STAFF,negative,the only thing that my friend left out is that when we sat down at the bar the bartender disappeared
STAFF,negative,be horrified if my staff were turning away customers so early and so rudely
STAFF,negative,in other words if they are making off of you then you do rate high on their service scale
STAFF,negative,but who says murray is anything about service
STAFF,negative,as it turns out the owner was seated right next to us and when he came over to check on our problems was very dismissive and offered token discount on our bill
STAFF,negative,friendly person so would mind had she not been so nasty and gotten so personal
STAFF,negative,when we threatened to leave we were offered meager discount even though half the order was missing
STAFF,negative,the manager was rude and handled the situation extremely poorly
STAFF,negative,after all that they complained to me about the small tip
STAFF,negative,we never ate because by close to in the monring we were not served and were too upset ad tired to start eating
STAFF,negative,they seemed to continue to rush us along taking plates without asking if we were done my sister still had her fork in hand
STAFF,negative,stepped on my foot on the second time he reached over me to adjust lighting
STAFF,negative,no desert menu no apology nothing
STAFF,negative,she just nodded and walked off
STAFF,negative,was almost amused by the fact that she was turning away customers at pm on friday night because she had bbq to go to that night wtf
STAFF,negative,complained to the manager but he was not even apologetic
STAFF,negative,word to the wise you ca dine here and disturb the maitre sense of table turnover as whacked as it is or else
STAFF,negative,we were seated outside and the waiter spilled red wine and hot tea on myself and my date
STAFF,negative,by the time we finished our dinner we still had not received one beverage nor hooka
STAFF,negative,none was made so hung up
STAFF,negative,the waiter delivered our food while holding what appeared to be plastic bag of garbage in one hand
STAFF,negative,it was clear he didn really care
STAFF,negative,gentleman maybe the manager came to our table and without so much as smile or greeting asked for our order
STAFF,negative,our waiter was non existent and after our food finally arrived over an hour after we ordered we were not given any water or utensils
STAFF,negative,so rude
STAFF,negative,the service varys from day to day sometimes they re very nice and sometimes not
STAFF,negative,they forgot sandwich did include plastic forks and did include pita with the hummus platter
STAFF,negative,took my mom for mother day and the maitre was pretty rude
STAFF,negative,finally my wife stood face to face in front of one of the staff and she asked are you waiting for table
STAFF,negative,delivery can be spot on or lacking depending on the weather and the day of the week
STAFF,negative,on recent trip our waiter was extremely dismissive while no less than three staff members waited hand and foot on pair of japanese girls seated nearby
STAFF,negative,ive asked cart attendant for lotus leaf wrapped rice and she replied back rice and just walked away
STAFF,negative,after dinner the manager grabbed my boyfriend asked him where are you from maybe you dont know how things work in america and in the end stormed away almost teareyed yelling that tips are the only thing they survive on
STAFF,negative,but the service was bit slow
STAFF,negative,lexicographers take note new and fascinating definition of rudeness is alive and flourishing right here in brooklyn
STAFF,negative,we were treated very rudely here one time for breakfast
STAFF,negative,should check up on us more frequently do you think
STAFF,negative,once we finally got table despite indicating we wanted an alla carte menu we were pushed into table that was only price fixed
STAFF,negative,they refuse to seat parties of or more on weekends
STAFF,negative,while it is understandable that every place is indeed different there was not need to be uncourteous to customers and downright rude
STAFF,negative,we waited over minutes for our drinks and over hours for our food
STAFF,negative,what may be interesting to most is the worst sevice attitude comes from the owners of this establishment
STAFF,negative,we were then charged for their most expensive sake per serving when we in fact drank sake of less than half that price
STAFF,negative,murray wo do it
STAFF,negative,snotty attitude
STAFF,negative,as to my comment about the food no apology or acknowledgment was made
STAFF,negative,the waitress seems to be more concerned of looking good than actually waitressing
STAFF,negative,this guy refused to seat her and she left followed shortly by the four of us but not before told him that in my years of world travel including paris that had never seen such display of bad behavior by frontman in restaurant
STAFF,negative,well guess it hard to be seated when one is invisible to the staff
STAFF,negative,the waitress was not attentive at all
STAFF,negative,we were then shooed inside
STAFF,negative,the waitress moved our table practically into the bathroom and when we asked to cancel our dinner orders because we did not want to eat sitting on the toilet we were told no
STAFF,negative,for each course we waited over hour to minutes and were never offered drink
STAFF,negative,we paid fixed pricce but got nothing
STAFF,negative,everyone that sat in the back outside agreed that it was the worst service we had ever received
STAFF,negative,the manager continually interrupted with is there anything else can do for you strange comment because she had hardly listened let alone responded to our expression of disappointment at our experience
STAFF,negative,could ignore the fact that she reach over the plate of one of my friends who was in mid bite to clear the table
STAFF,negative,however it the service that leaves bad taste in my mouth
STAFF,negative,the hostess and the waitress were incredibly rude and did everything they could to rush us out
STAFF,negative,was here few weeks back and we had the worst customer service experience at restaurant ever
STAFF,negative,the level of rudeness was preposterous
STAFF,negative,on our last visit they skipped over our name on the list leaving us waiting an extra hour for table
STAFF,negative,very poor customer service
STAFF,negative,his response was smug arrogant and condescending totally consistent with his deportment on display all evening
STAFF,negative,the three of us standing in front of her should have been an indication of how many of us there were
STAFF,negative,the counter service is bad
STAFF,negative,we had very hard time getting the waitress attention and finally had to get up and go inside to speak to manager
STAFF,negative,service is not what one would expect from joint in this price category
STAFF,negative,somehow working the italian charm with constant mille grazie does not constitute proper service
STAFF,negative,went there with my wife and we had to wait for table even though you could see there many that were empty with not reservation sigh on them
STAFF,negative,the kitchen however is almost always slow
STAFF,negative,so rushing us out was absolutely unnecessary
STAFF,negative,there another girl who ca describe she is about with brown hair who eavesdrops on your conversation and chimes in except she only hears the last part of what you said so her uninvited opinions are often out of context and nothing to do with what you re really talking about
STAFF,negative,we were planning to get dessert but the waitress basically through the bill at us before we had chance to order
STAFF,negative,in fact it appears he is going to go postal at any moment
STAFF,negative,this is where it really really gets bad the manager said there is absolutely nothing we can do it matter of taste that she did like it and can not comp it
STAFF,negative,she does make you feel welcome and treats you like an annoyance
STAFF,negative,much of the time it seems like they do not care about you
STAFF,negative,polite acknowledgement is out
STAFF,negative,this staff should be fired
STAFF,negative,but she is very friendly with certain people making it even more annoying
STAFF,negative,she then put the check down without asking if we were done and came to check on the bill every two minutes even though we were one of three occupied tables
STAFF,negative,when the bill came nothing was comped so told the manager very politely that we were willing to pay for the wine but did think should have to pay for food with maggot in it
STAFF,negative,you would think they would make up for it with service sadly no
STAFF,negative,my wife also ordered teapot of hot water she had sore throat and guess that since it was only water it was priority for them to actually bring it
STAFF,negative,we there were four of us arrived at noon the place was empty and the staff acted like we were imposing on them and they were very rude
STAFF,negative,the real problem had with this place was the complete lack of service
STAFF,negative,they re rude at times and not very friendly
FOOD,negative,was looking for banana tempura for dessert and they dont have
FOOD,negative,and the tom kha soup was pathetic
FOOD,negative,but when we looked at the menu there were lot of choices most of them were dumplings in the appetizer section
FOOD,negative,the entree was bland and small dessert was not inspired
FOOD,negative,sauce was watery and the food did have much flavor
FOOD,negative,on my meal had to send back my eggs for simple request of breaking the yokes before cooking and would have had to send them back again if had rejected the meal all together
FOOD,negative,could even enjoy the mashed potatoes because it was hidden completely under the chicken and spinach
FOOD,negative,the turkey burgers are scary
FOOD,negative,pizza was little soggy
FOOD,negative,the food now is inconsistent
FOOD,negative,the mussles were the fishiest things ve ever tasted the seabass was bland the goat cheese salad was missing the goat cheese the penne chicken had bones in it it was disgusting
FOOD,negative,but for each small piece
FOOD,negative,the food was actually aweful
FOOD,negative,the only problem is you really have to warm up the pizza before it edible even when you order ahead
FOOD,negative,my chow fun and chow see was really bland and oily
FOOD,negative,the only things could really taste are the very salty soy sauce even its low sodium the vinegar soaked rice and the scallion on top of the fish
FOOD,negative,believe there were shrimp in the salt encrusted shrimp appetizer
FOOD,negative,my quesadilla tasted like it had been made by three year old with no sense of proportion or flavor
FOOD,negative,dessert pure disaster
FOOD,negative,may not be sushi guru but can tell you that the food here is just okay and that there is not much else to it
FOOD,negative,it just average just shredded no seasoning on it
FOOD,negative,do not get the go go hamburgers no matter what the reviews say
FOOD,negative,the sandwiches are dry tasteless and way overpriced
FOOD,negative,it was totally overpriced fish and chips was about
FOOD,negative,ca remember the last time had such gross food in new york
FOOD,negative,my mom originally introduced me to this place but even she being indian feels the food can be somewhat over the top spicy and far too oily
FOOD,negative,maybe it is good for that one night once in blue moon when the chefs decide to use fish that half way decent
FOOD,negative,anybody who likes this place must be from different planet where greasy dry and tasteless are complimentary
FOOD,negative,have reservations about the all you can eat deal however the choices are fairly limited and you can probably order more food than you can eat for less than by just going off the menu
FOOD,negative,furthermore the rice had no seasoning so the sushi was bland and disgusting
FOOD,negative,would not expect this for dinner
FOOD,negative,unhygienic
FOOD,negative,overpriced and not tasty
FOOD,negative,the pasta was well cooked did have enough sauce though or flavor
FOOD,negative,the food was delicious but do not come here on empty stomach
FOOD,negative,ca argue about that but they are clearly over priced
FOOD,negative,was surprisingly disappointed
FOOD,negative,less than three minutes passed before found myself doubled over the toilet
FOOD,negative,rice is too dry tuna was so fresh either
FOOD,negative,rejected it because in the process of attempting to fix the eggs they broke something else in the dish and was too frustrated to continue
FOOD,negative,they were such rip off for four small meat patties in steamed buns and not worth trying
FOOD,negative,nothing really came across as outstanding
FOOD,negative,honestly the worst sushi my husband and had in our entire lives
FOOD,negative,maggot in the food
FOOD,negative,my only negative comment is that wish the pieces were little bigger
FOOD,negative,was speechless by the horrible food
FOOD,negative,went there for lunch and it was not as good as expected from the reviews read
FOOD,negative,the dosas are skimpy unattractive and drip with grease and personally drink popcorn topping before eat another one of these
FOOD,negative,the soup for the udon was soy sauce and water
FOOD,negative,my wife had barely touched that mess of dish
FOOD,negative,tiny dessert was just plain overpriced for what it is
FOOD,negative,consequently their burgers fell apart in their hands and made such mess that they did nt feel like finishing them
FOOD,negative,the lobster knuckles special of the day were ok but pretty tasteless
FOOD,negative,though one thing realized later on was that the restaurant either used msg or meat tenderizer on the steak
FOOD,negative,the all can eat sushi is definitely in very poor quality
FOOD,negative,the pancakes should be larger at least to justify the expense even with the unique offerings
FOOD,negative,still mad that had to pay for lousy food
FOOD,negative,not one of our meals was edible bland and or made with weird rosemary or orange flavoring
FOOD,negative,also they were each
FOOD,negative,ate here week ago and found most dishes average at best and too expensive
FOOD,negative,the concept of japanese tapas is newly created and clearly does work
FOOD,negative,skip dessert
FOOD,negative,the first time the sushi was outstanding the second time it was little bland
FOOD,negative,we ate at this thai place following the reviews but very unhappy with the foods
FOOD,negative,my and both agreed the food was very mediocre especially considering the price
FOOD,negative,also specify if you like your food spicy its rather bland if you do
FOOD,negative,the food was bland oily
FOOD,negative,which of course is not real kobe but wagyu beef
FOOD,negative,fish was overdone
FOOD,negative,someone else recommended the dessert we also left that
FOOD,negative,it is very overpriced and not very tasty
FOOD,negative,not worth it
FOOD,negative,the hanger steak was like rubber and the tuna was flavorless not to mention it tasted like it had just been thawed
FOOD,negative,their bagels are fine but they are little overcooked and not really special bagel experience
FOOD,negative,the food is very average the thai fusion stuff is bit too sweet every thing they serve is too sweet here
FOOD,negative,large is and toppings are about each
FOOD,negative,the pizza was delivered cold and the cheese was even fully melted
FOOD,negative,eat at your own risk
FOOD,negative,the last two times ordered from here my food was soo spicy that could barely eat it and the spice took away from the flavor of the dish
FOOD,negative,and for plate of bland guacamole
FOOD,negative,the nakgi bokum was horrible
FOOD,negative,my mouth felt very dry afterwards and had that signature msg taste lingering in my throat after left the restaurant
FOOD,negative,took one look at the chicken and was appalled
FOOD,negative,it looked like shredded cheese partly done still in strips
FOOD,negative,they were dry and disgusting did even finish my first piece
FOOD,negative,ordered the smoked salmon and roe appetizer and it was off flavor
FOOD,negative,these are overpriced and you can get better just around the corner
FOOD,negative,the fish was not fresh and the rice tasted old and stale
FOOD,negative,my chicken was inedible as there were so many fatty lumps which had to keep spitting out into my napkin
FOOD,negative,to be honest ve had better frozen pizza
FOOD,negative,but they were too big for the bun
FOOD,negative,we ordered the special grilled branzino that was so infused with bone it was difficult to eat
FOOD,negative,it was served with skin over bed of extremely undercooked spinach and mashed potatoes
FOOD,negative,the food was not fresh the sauces were bland and very oily
FOOD,negative,the stuff tilapia was horrid tasted like cardboard
FOOD,negative,it just was thai
FOOD,negative,but that was the icing on the cake tiramisu that resembled nothing have ever had
FOOD,negative,the sushi was awful
FOOD,negative,had their eggs benedict for brunch which were the worst in my entire life tried removing the hollondaise sauce completely that was how failed it was
FOOD,negative,attended holiday dinner at the restaurant and the food was majorly disappointing
FOOD,negative,chicken teriyaki had tomato or pimentos on top
FOOD,negative,gross food wow
FOOD,negative,too bad had paid an extra for the stone bowl
FOOD,negative,we thought the dessert would be better wrong
FOOD,negative,do not think dinner in manhattan should cost where am not swept off my feet
FOOD,negative,the lemon chicken tasted like sticky sweet donuts and the honey walnut prawns the few they actually give you were not good
FOOD,negative,just not good at all
FOOD,negative,the food was lousy too sweet or too salty and the portions tiny
FOOD,negative,but for dinner for two that did include wine
FOOD,negative,this restaurant is vegetarian there are no meat dishes whatsoever
FOOD,negative,it is thick and slightly soggy
FOOD,negative,it is obvious that no one in the restaurant has any idea about or experience with japanese cuisine
FOOD,negative,food was luke warm
FOOD,negative,dessert is joke dont bother
FOOD,negative,would say that all was fine and tasty but the heaviness on my stomach someting that ca not mention or undermine
FOOD,negative,not impressed with the food
FOOD,negative,too bad the food was of the same heritage
FOOD,negative,was highly disappointed in the food at pagoda
FOOD,negative,was going to share but feel obligated while sitting at the sushi bar dining we watched the chef accidentally drop piece of unagi on the floor and upon retrieving it from the floor proceed to use the piece in the delivery order he was preparing
FOOD,negative,have worked in restaurants and cook lot and there is no way maggot should be able to get into well prepared food
FOOD,negative,for the amount of food we got the prices should have been lower
FOOD,negative,we thought that this place is using too much of msg cooking in the foods
FOOD,negative,if you want good authentic thai this place is not the place to go
FOOD,negative,the food however is what one might expect
FOOD,negative,so switch with my boyfriend again to see if maybe could stomach the meat and spinach again but the spinach was so undercooked that just could not bite through it
FOOD,negative,quite frankly this is some of the worst sushi have ever tried
FOOD,negative,we ordered some beef and noodle soup dishes from the thai section of the menu but nothing we got was thai
FOOD,negative,the dinner was ok nothing would have again
FOOD,negative,know many people have their favorite types of pizza and pizza places but mioposto pizza lacks quality and good taste
FOOD,negative,chintzy portions
FOOD,negative,they smell like they stuff them with old canned vegetables like the spinach mushroom calzone
FOOD,negative,the pasta penne was pretty extra buttery creamy which means big task to diggest tasty at first but would say that was full with slice of pizza and to count penne got little moody afterwards cause was stuffed lol
FOOD,negative,have been here spent tons of money on chef special dinner and it was major dissappointment
FOOD,negative,real dissapointment
FOOD,negative,the bread was stale the salad was overpriced and empty
FOOD,negative,if you are going for the food it will not be worth it
FOOD,negative,some pineapple covered in glaze of some kind and some pear tart thing not impressive at all
FOOD,negative,the fish was adequate but inexpertly sliced
FOOD,negative,the porcini mushroom pasta special was tasteless so was the seafood tagliatelle
FOOD,negative,they should have called it mascarpone with chocolate chips good but far cry from what the name implies
FOOD,negative,the food they serve is not comforting not appetizing and uncooked
FOOD,negative,only complaint is the pricing believe it would be more reasonable to pay dollar less on each item listed on the menu
FOOD,negative,the pizza is overpriced and soggy
FOOD,negative,but the pizza is way to expensive
FOOD,negative,their calzones are horrific bad vomit inducing yuck
FOOD,negative,the rice was poor quality and was cooked so badly it was hard
FOOD,negative,got hair in my food times of then
FOOD,negative,the sauce tasted more like chinese fast food than decent korean
FOOD,negative,the caesar salad ordered had so much lemon could eat it
FOOD,negative,we ordered the chicken casserole but what we got were few small pieces of chicken all dark meat and on the bone
FOOD,negative,also because it is so thin it gets cold very quickly and its not that filling
FOOD,negative,however once received my predictably mediocre order of what dokebi thinks passes as korean fair sometimes you have to settle when it your only option got through about half my kimchee before found piece of random lettuce accompanied by far more disgusting slimy clearly bad piece of fish skin
FOOD,negative,the workers there also absolutely load the bagel with cream cheese gets little messy
FOOD,negative,also personally was fan of the portobello and asparagus mole
FOOD,negative,few tips skip the turnip cake roast pork buns and egg custards
FOOD,negative,took one bite from the salmon and have never in the years have been going to restaurants tasted salmon as fishy as dry and as bland as the one in flatbush farms
FOOD,negative,not picky but it was actually gross
FOOD,negative,so decide to report back to the waitress because it was completely inedible
FOOD,negative,the food here was mediocre at best
FOOD,negative,think the pizza is so overrated and was under cooked
FOOD,negative,expected quite bit more from such an expensive menu
FOOD,negative,two complaints their appetizer selection stinks it would be nice to get some mozzarella sticks on the menu
FOOD,negative,weakness is the chicken in the salads
FOOD,negative,nevertheless finished my plate and that when found maggot in mushroom sauce at the bottom
FOOD,negative,fancy pieces of exotic fish on dollar plate and not one was eatable
FOOD,negative,easily the worst stir fried squid ve ever tasted
FOOD,negative,okay do mind the oily part cause most are cooked that way but it was way too bland
FOOD,negative,the menu is very limited think we counted or entrees
FOOD,negative,you should pass on the calamari
FOOD,negative,we were very disappointed
FOOD,negative,we wo go to this place again for good meal
FOOD,positive,we had pam special fried fish and it was amazing
FOOD,positive,the salads are delicious both refreshing and very spicy
FOOD,positive,this is the best sushi in new york city hands down
FOOD,positive,it to die for
FOOD,positive,my boyfriend had prime rib it was good
FOOD,positive,you must try the shrimp appetizers
FOOD,positive,the food is yummy especially their cooked to perfection mussels in spicy tomato sauce and their shoestring crispy fries
FOOD,positive,the food is authentic italian delicious
FOOD,positive,delicious
FOOD,positive,by far the best salad have had in fast food restaurant
FOOD,positive,good food
FOOD,positive,there is lot of variety even for people who eat vegetarian like me
FOOD,positive,the pizza is delicious they use fresh mozzarella instead of the cheap frozen shredded cheese common to most pizzaria
FOOD,positive,the pizza are thin crust and the menu offers very creative combinations and toppings
FOOD,positive,salads were fantastic
FOOD,positive,am happy did the food was awsome
FOOD,positive,holy hummus
FOOD,positive,when lived upstate for while would buy freeze the bagels and they would still be better than any else
FOOD,positive,finally meal that you will remember for long time
FOOD,positive,the desert was the perfect ending to an almost perfect dinner
FOOD,positive,simply some good tasting chinese food at incredible prices
FOOD,positive,delicious crab cakes too
FOOD,positive,over different choices to create your own
FOOD,positive,get the tuna of gari
FOOD,positive,really recommend the very simple unda egg rolls
FOOD,positive,had the best ravioli ever
FOOD,positive,choose to go with one of the special the braised lamb shank in red wine which was excellent
FOOD,positive,hands down the best pizza on the planet
FOOD,positive,can not imagine better indian food in all of the city
FOOD,positive,the filet mignon dish was superb
FOOD,positive,yummy
FOOD,positive,the hot dogs were juicy and tender inside and had plenty of crunch and snap on the outside
FOOD,positive,the hot dogs are top notch and they re slamwich is amazing
FOOD,positive,had taste of all three items on her plate and they were superb
FOOD,positive,the main entree was also very good
FOOD,positive,love breakfast here
FOOD,positive,the open sesame combo plate is bargain for the heap of food given
FOOD,positive,not only can the selection be innovative but there nice balance of traditional sushi as well
FOOD,positive,the food was good too
FOOD,positive,great meal the fish on the omikase platter was absolutely decadent there was none of the stringiness that sometimes accompanies fair sushi this fish was perfect
FOOD,positive,the food was authentic
FOOD,positive,be sure to try the seasonal and always delicious specials
FOOD,positive,the food is great
FOOD,positive,the bagel was huge
FOOD,positive,mizu is home to creative and unique rolls not to found anywhere else
FOOD,positive,the portions are large and the servers always surprise us with different starter
FOOD,positive,if you like spicy food get the chicken vindaloo
FOOD,positive,stick with the chicken beef and lamb dishes
FOOD,positive,the entree was also very good
FOOD,positive,got the piece dim sum combo every bite of which was great
FOOD,positive,it very reasonably priced esp for the quality of the food
FOOD,positive,pizza the only pizza in nyc that should not have additional toppings the crust tastes like the best freshly baked bread
FOOD,positive,looove their eggplant pizza as well as their pastas
FOOD,positive,two thumbs up
FOOD,positive,save room for scrumptious desserts
FOOD,positive,fresh ingredients and everything is made to order
FOOD,positive,so about the prawns they were fresh and had slight crispiness about the batter soooo good the walnuts were cut in smaller pieces and very crunchy and tasty
FOOD,positive,mussles and calamari were superb saturday evening
FOOD,positive,big thick pepperoni
FOOD,positive,they have delicious banana chocolate dessert as well as great green tea tempura
FOOD,positive,the lox is always fresh too
FOOD,positive,dungeness crabs here
FOOD,positive,the food is all shared so we get to order together and eat together
FOOD,positive,have never had cheescake like this
FOOD,positive,green tea creme brulee is must
FOOD,positive,the yellowtail was particularly good as well
FOOD,positive,the house special roll is really good
FOOD,positive,ve had the jellyfish horse mackerel blue fin tuna and the sake ikura roll among others and they were all good
FOOD,positive,my friend devoured her chicken and mashed potatos
FOOD,positive,consistently good japanese tapas
FOOD,positive,ingredients are organic which is real plus for me
FOOD,positive,no gimmicks here the food speaks for itself in its freshness and preparation
FOOD,positive,the shrimp scampi was excellent and the antipasti were plentiful
FOOD,positive,really like both the scallops and the mahi mahi on saffron risotto yum
FOOD,positive,you are not eating haut cuisine with subtle hints of whatever but cassuolet steake fritte tripe stew etc simple stuff
FOOD,positive,serves really good sushi
FOOD,positive,the spinach is fresh definately not frozen
FOOD,positive,all the various greek and cypriot dishes are excellent but the gyro is the reason to come if you do eat one your trip was wasted
FOOD,positive,we took advanatage of the half price sushi deal on saturday so it was well worth it
FOOD,positive,the food is flavorful plentiful and reasonably priced
FOOD,positive,we went here for lunch couple of weeks ago on saturday and was thoroughly impressed with the food
FOOD,positive,the brocollis were so fresh and tasty
FOOD,positive,even my indian friend could believe how good and tasty everything was
FOOD,positive,their pad penang is delicious and everything else is fantastic
FOOD,positive,the food is excellent
FOOD,positive,did not try the caviar but tried their salmon and crab salad they are all good
FOOD,positive,the large selection of bruschettas paninis tramezzinis keep the palate from stagnating
FOOD,positive,my friend enjoyed the grilled alaskan king salmon with delectable creamed washington russet potatoes and crisp green beans
FOOD,positive,the anti pasta was excellent especially the calamari as were the filling pasta mains
FOOD,positive,you must have the crabmeat lasagna which is out of this world and the chocolate bread pudding for dessert
FOOD,positive,love their chicken pasta cant remember the name but is sooo good
FOOD,positive,the lava cake dessert was incredible and recommend it
FOOD,positive,try the congee and the donut like deep fried dough they call ow ley soh delicious and sweet tasting bread
FOOD,positive,and there is much tasty food all of it fresh and continually refilled
FOOD,positive,had lobster bisque it has oz of maine lobster in it
FOOD,positive,the pizza are not huge and the crust is thin keep that in mind when you re ordering
FOOD,positive,get the pepperoni yum and family style salad
FOOD,positive,best pastrami ever had and great portion without being ridiculous
FOOD,positive,got an excellent piece of cheesecake and we had several other nice pastries
FOOD,positive,had the kafta plate and it was perfect
FOOD,positive,the crust has great bite and good chew the sauce is light with nice acidity to it the salt from the cheese is great really heightens the flavor of all the other components
FOOD,positive,green tea creme brulee gets better each time have it
FOOD,positive,the food as good as ever
FOOD,positive,hands down the best tuna have ever had
FOOD,positive,try sushimi cucumber roll
FOOD,positive,it is also extremely well priced
FOOD,positive,good food my favorite is the seafood spaghetti
FOOD,positive,the veal was incredible last night
FOOD,positive,had the kafta plate and enjoyed it
FOOD,positive,they were served warm and had soft fluffy interior
FOOD,positive,they have authentic indian at amazing prices
FOOD,positive,the pizza are light and scrumptious
FOOD,positive,best drumsticks over rice and sour spicy soup in town
FOOD,positive,love the food
FOOD,positive,authentic taiwanese food that cheap what more could you ask for
FOOD,positive,best honey walnyt prawns that we have every tasted
FOOD,positive,luckily we saved room for the bbq salmon sea bass and crispy duck
FOOD,positive,delicate spices onions eggs and kick ass roti
FOOD,positive,my best friend had the chicken shawarma and she still raves about it being the best anywhere
FOOD,positive,do understand how was stranger to this place for so long the fajita salad the colorado the fajitas everything is delicious
FOOD,positive,great original taste
FOOD,positive,just awsome
FOOD,positive,ray is the place to go for high quality seafood dinners
FOOD,positive,the asparagus truffle oil parmesan bruschetta is winner
FOOD,positive,yum
FOOD,positive,it melted in my little mouth and the perfect consistency not too fishy creamy and slightly buttery
FOOD,positive,what tastly flaky treat
FOOD,positive,try the crunchy tuna it is to die for
FOOD,positive,unique apppetizers
FOOD,positive,their specialty rolls are impressive though ca remember what we had
FOOD,positive,they even scoop it out nice for those on diet not too much not to little
FOOD,positive,peppers onions relish chilli cheeses you name it
FOOD,positive,seafood plus
FOOD,positive,classic
FOOD,positive,cheese plate is varied delight and great bargain at
FOOD,positive,ve had my fair share of modern japanese and this spot delivers
FOOD,positive,have to highly recommend the lobster roll not to much mayo you can tell it was fresh lobster
FOOD,positive,we are very particular about sushi and were both please with every choice which included ceviche mix special crab dumplings assorted sashimi sushi and rolls two types of sake and the banana tempura
FOOD,positive,you won be disappointed by their menu
FOOD,positive,the food here does great service to the name cantonese that is
FOOD,positive,it all about the food
FOOD,positive,try everything for that matter it is all good
FOOD,positive,best crab cakes in town
FOOD,positive,it delicious
FOOD,positive,will be out with friends and all of sudden am hungry and only crave one thing their pizza
FOOD,positive,the onion rings are great
FOOD,positive,the food was great
FOOD,positive,the best dish are the honwy walnut prawns just outstanding
FOOD,positive,do leave the restaurant without it
FOOD,positive,the food was absolutely amazing
FOOD,positive,think have probably tried each item on their menu at least once it is all excellent
FOOD,positive,good eats
FOOD,positive,but the best pork souvlaki ever had is the main thing
FOOD,positive,the dancing white river and millenium rolls are musts
FOOD,positive,fabulous italian food
FOOD,positive,and it all comes at very reasonable price congee noodles and rice dishes are no more than each
FOOD,positive,fish is so very fresh
FOOD,positive,who has room for cheesesticks with the best pizza in nyc
FOOD,positive,the food looked very appetizing and delicious since it came on variety of fancy plates
FOOD,positive,the baked clams octopus we shared as appetizers were the best we ve ever had
FOOD,positive,so delicious
FOOD,positive,dinners have always been excellent in terms of food quality
FOOD,positive,loved the pumpkin ravioli and the goat cheese gnocchi big ones to plate instead of or so little gnocchis and my sister loved her filet mignon on top of spinach and mashed potatoes
FOOD,positive,taking hot dogs to the next level
FOOD,positive,the steak was done to my exact liking medium rare and was nice and juicy
FOOD,positive,the food is good ca lie
FOOD,positive,the food options rule
FOOD,positive,the food was very good filet mignon was probably the best ve ever try
FOOD,positive,recommend the jelly fish drunken chicken and the soupy dumplings certainly the stir fry blue crab
FOOD,positive,mioposto has very creative delicious pizza menu
FOOD,positive,had the duck breast special on my last visit and it was incredible
FOOD,positive,lebanese food yum
FOOD,positive,delicious bagels especially when right out of the oven
FOOD,positive,this is right up there with places in tokyo as far as the freshness is concerned
FOOD,positive,the quantity is also very good you will come out satisfied
FOOD,positive,had the thai style fried sea bass which was very good
FOOD,positive,the pastas are incredible the risottos particularly the sepia are fantastic and the braised rabbit is amazing
FOOD,positive,the sashimi is always fresh and the rolls are innovative and delicious
FOOD,positive,make sure you have the spicy scallop roll
FOOD,positive,delicious creative and fun
FOOD,positive,the spicy tuna roll was unusually good and the rock shrimp tempura was awesome great appetizer to share
FOOD,positive,the prix fixe menu is worth every penny and you get more than enough both in quantity and quality
FOOD,positive,the food is amazing rich pastas and fresh doughy pizza
FOOD,positive,enjoyed the food
FOOD,positive,in about minutes the thing is gone
FOOD,positive,excellent sashimi and the millennium roll is beyond delicious
FOOD,positive,for desert we had the mango ginger creme brulee oh la la yummy
FOOD,positive,look the appetizers were really good
FOOD,positive,the farro salad and the mashed yukon potatoes were also extremely tasty
FOOD,positive,have been eating at this place for over years now and have never had one bad meal
FOOD,positive,the chicken curry and chicken tikka masala are my favorite meat dishes
FOOD,positive,the food is simply unforgettable
FOOD,positive,la rosa waltzes in and think they are doing it the best
FOOD,positive,picked the asparagus which turned out to be incredible and perfectly prepared
FOOD,positive,the food is diamond in rough the food is delicious and homemade with the perfect balance of herbs and tomatoes
FOOD,positive,if you are looking for good quality cheap eats this is the place
FOOD,positive,should have just asked for the check when saw that but their menu was so unique that continued
FOOD,positive,the food is tasty and portion sizes are appropriate
FOOD,positive,but after last night spice grill is the only place eating indian cuisine
FOOD,positive,had never had edamame pureed before but thought it was innovative and tasty could ve used bit more salt
FOOD,positive,the naan was some of the best ve had and really enjoyed the bhartha not too tomatoey
FOOD,positive,not chewy at all
FOOD,positive,it is simply amazing
FOOD,positive,melt in your mouth nigiri and sashmi and very tasty rolls too
FOOD,positive,quacamole at pacifico is yummy as are the wings with chimmichuri
FOOD,positive,food is excellent
FOOD,positive,creative consistent fresh
FOOD,positive,ordered the vitello alla marsala and was pretty impressed
FOOD,positive,they pay such detail to everything from miso soup to complex rolls
FOOD,positive,if you go try the marinara arrabiatta sauce the mozzarella en carozza is mmmmmmmm everything is just delicious
FOOD,positive,be sure to try the oyster roll
FOOD,positive,most importantly we were so excited about the food after seeing the very creative menu
FOOD,positive,fine dining restaurant quality
FOOD,positive,they have huge selection of different cream cheeses and all of their salads are great
FOOD,positive,the pesto pizza was excellent thin crust pizza with nice amount of spicy italian cheese that never heard of before
FOOD,positive,amazing spanish mackeral special appetizer and perfect box sushi that eel with avodcao um um um
FOOD,positive,the food is great and reasonably priced
FOOD,positive,the lunch menu is an awesome deal
FOOD,positive,although we were looking for regular lettuce and some walnuts the salads we got were great
FOOD,positive,this place has the best chinese style bbq ribs in the city
FOOD,positive,try the pad thai or sample anything on the appetizer menu they re all delicious
FOOD,positive,brunch at murphy is to die for my specialty egg white omelet the food is always freshly prepared
FOOD,positive,seabass on lobster risotto was the best
FOOD,positive,taxan delicious
FOOD,positive,cirspy crust margherita pizza
FOOD,positive,how to describe the best sushi in nyc hmmmm delicious amazing fantastic suculent perfect nah all of the above
FOOD,positive,try green curry with vegetables
FOOD,positive,great bagels made the old fashioned way
FOOD,positive,am never disappointed with there food
FOOD,positive,and really large portions
FOOD,positive,amazing food
FOOD,positive,you are with hot date and he she has an urge for sushi then this might be the place
FOOD,positive,their apps are all delicious
FOOD,positive,the tuna and wasabe potatoes are excellent
FOOD,positive,best sushi ever
FOOD,positive,would definitely recommend sea if you like thai cuisine
FOOD,positive,pizza here is consistently good
FOOD,positive,the omlette for brunch is great
FOOD,positive,here the hot dog is elevated to the level of real entree with numerous variations available
FOOD,positive,was here for the pizza so ca comment on that yet but what had was very good
FOOD,positive,what really makes it shine is the food which is aggressively seasoned with cyrpriot spices and all made in house even the gyro meat and sausages and made of much higher quality ingredients that might otherwise be expected
FOOD,positive,eggs pancakes potatoes fresh fruit and yogurt everything they serve is delicious
FOOD,positive,thats big statement considering ve been pulling crab traps and making the cakes myself since was about seven but something about these little devils gets better every time
FOOD,positive,fresh mind blowing flavors
FOOD,positive,beef noodle soup is good as well
FOOD,positive,unbeatable sushi
FOOD,positive,best taiwanese food in ny
FOOD,positive,the cooks have been at the restaurant for years and cook family recipes
FOOD,positive,but once done it not too much dough not too much cheese not too much sauce
FOOD,positive,other guests enjoyed pizza santa fe chopped salad and fish and chips
FOOD,positive,try the chef choice for sushi as the smoked yellowtail was incredible and the rolls were also tasty
FOOD,positive,great sushi experience
FOOD,positive,late night dinning with exeptional food
FOOD,positive,great pizza for lunch place
FOOD,positive,the dishes offered were unique very tasty and fresh from the lamb sausages sardines with biscuits large whole shrimp to the amazing pistachio ice cream the best and freshest ve ever had
FOOD,positive,noodles with shrimp and chicken and coconut juice is the must
FOOD,positive,my father had the flank steak which was very good and my mother had the swordfish
FOOD,positive,indo chinese food pretty good
FOOD,positive,for years they have put out the most tasty most delicious food and kept it that way
FOOD,positive,the rest of the dim sum though pricey by chinatown standards is worth it
FOOD,positive,best indian food in
FOOD,positive,love the enchiladas and chicken soup and be sure to check out their specials
FOOD,positive,the side dishes were passable and did get refill upon request
FOOD,positive,can highly recommend their various saag and paneer and korma
FOOD,positive,if you do like it do know what to tell you
FOOD,positive,also they serve the best hummus in america with drizzle of fragrant olive oil which believe is the traditional way
FOOD,positive,great breakfast
FOOD,positive,and they give good quantity for the price
FOOD,positive,bison was quite excellent however
FOOD,positive,they have wide variety of fish and they even list which oceans they come from atlantic or pacific
FOOD,positive,the portion sizes here are huge and the sushi is good
FOOD,positive,thius is must for anyone who loves shabu shabu
FOOD,positive,we ordered selection of the small plates and the shoe string onions goat cheese pizza grilled asparagus and fried brie with fruit were all very good
FOOD,positive,try their chef specials they are to die for
FOOD,positive,if you re interested in good tasting without the fish taste or smell large portions and creative sushi dishes this is your place
FOOD,positive,this place had all the trimmings and mean all
FOOD,positive,the steak tartare is great bet they fix it for you at the table
FOOD,positive,the chana masala garbanzo beans are also excellent
FOOD,positive,it was divine melts in your mouth
FOOD,positive,fell in love with the egg noodles in the beef broth with shrimp dumplings and slices of bbq roast pork
FOOD,positive,the sushi is as fresh as it comes you think ocean was in their backyard no joke
FOOD,positive,the rolls are creative and have yet to find another sushi place that serves up more inventive yet delicious japanese food
FOOD,positive,yakitori bbq meats is tasty too
FOOD,positive,had many dishes but the best was the lobster ways
FOOD,positive,the specialty here is decadent pancakes but ve been back now four times and ve been wowed every time
FOOD,positive,red dragon roll my favorite thing to eat of any food group hands down
FOOD,positive,the pizza is delicious and the salads are fantastic
FOOD,positive,best sushi in town
FOOD,positive,fresh ingrediants and super tasty
FOOD,positive,felt as though were eating in paris
FOOD,positive,my party of two was feeling particularly ambitious and we splurged on the shilshole sampler beautiful assortment of enormous white gulf prawns smoked albacore tuna ray fantastic manila clams seasoned with dill scallops in tasty soy dressing and tiny pile of dungeness crab atop sublime butter sauce
FOOD,positive,the buffet had nice selection
FOOD,positive,best reuben sandwich ever
FOOD,positive,amazing fresh dogs but best of all endless toppings
FOOD,positive,highly recommend the sophia pizza
FOOD,positive,it was really good pizza
FOOD,positive,and yes dal bukhara is so dam good and so are all the kababs
FOOD,positive,food was good and cheap
FOOD,positive,caution its real food for people who love the best
FOOD,positive,you never feel icky and stuffed after you eat there
FOOD,positive,great food
FOOD,positive,but for the shabu shabu you wo find much better in ny
FOOD,positive,super yummy pizza
FOOD,positive,food was fine with some little tastier than normal salsa
FOOD,positive,come from family of pizzeria owners and almost ashamed to say that the pizza in fornino blows my families receipies away
FOOD,positive,great taste
FOOD,positive,and amazingly cheap
FOOD,positive,the combination of super fresh ingredients in the dishes are unusual but really delicious
FOOD,positive,one of the best hot dogs have ever eaten
FOOD,positive,best indian chinese in the city by far
FOOD,positive,just straight up cheap good food
FOOD,positive,sushi experience was unbelievable with my fiance
FOOD,positive,salads are delicious way to begin the meal
FOOD,positive,ended the meal with the unusual dessert of port and chocolate tasting yummy
FOOD,positive,really enjoyed my meal here
FOOD,positive,love their pizza especially the mushroom pizza
FOOD,positive,first of all dal bukhara rocks
FOOD,positive,it perfect place to have amazing indian food
FOOD,positive,think ve had some the best meals of my life at minnow
FOOD,positive,the food tasted very good
FOOD,positive,their crab eggs benedict is addicting
FOOD,positive,the exotic food is beautifully presented and is delight in delicious combinations
FOOD,positive,we had the scallops as an appetizer and they were delicious and the sauce was wonderful
FOOD,positive,am not vegetarian but almost all the dishes were great
FOOD,positive,the menu has so many fish items and oysters
FOOD,positive,also recommend the rice dishes or the different varieties of congee rice porridge
FOOD,positive,picked the grilled black cod as my entree which absolutely devoured while someone commented that the grilled salmon dish was better
FOOD,positive,personal pans are the perfect size for those hungry nights
FOOD,positive,even the chickpeas which normally find too dry were good
FOOD,positive,the pepperoni cut real thick yum
FOOD,positive,steamed fresh so brought hot hot hot to your table
FOOD,positive,favorite sushi in nyc
FOOD,positive,the food was exceptional
FOOD,positive,found the food to be outstanding particulary the salmon dish had
FOOD,positive,delectable
FOOD,positive,the pizza was great
FOOD,positive,it simply the best meal in nyc
FOOD,positive,the best chuwam mushi have ever had
FOOD,positive,great shabu shabu
FOOD,positive,mmmmm it was delicious
FOOD,positive,the brioche and lollies as party favors is cute and sweet touch to most memorable meal
FOOD,positive,the rice to fish ration was also good they did try to overpack the rice
FOOD,positive,the pizza itself is not exactly the best ve had ever but still pretty good
FOOD,positive,everything on the menu is great
FOOD,positive,caesar salad was superb
FOOD,positive,try the lobster teriyaki and the rose special roll
FOOD,positive,the place is the next best thing to my moms cooking
FOOD,positive,the food is fantastic authentic delicious and very very affordable
FOOD,positive,this place has ruined me for neighborhood sushi
FOOD,positive,mmmmmmmmmmmmmmm so delicious
FOOD,positive,we re ca say enough about their delicious gourmet pizza
FOOD,positive,this small astoria souvlaki spot makes what many consider the best gyros in new york
FOOD,positive,plenty of food trust me
FOOD,positive,everything had was good and eater
FOOD,positive,my friend got the mushroom pizza which tasted better
FOOD,positive,our food was great too
FOOD,positive,the side of potatoes is to die for as is the labne yogurt dip
FOOD,positive,best italian food ever had and being italian that means alot
FOOD,positive,try the pizza ensalata
FOOD,positive,really loved the different and inovated touch that the cheff gives to the food
FOOD,positive,the food was good
FOOD,positive,the lunch buffet is expensive but is deff worth it
FOOD,positive,great hot dogs
FOOD,positive,leave room for dessert
FOOD,positive,he served me an uni hand roll which never had before and let me tell you it was heaven
FOOD,positive,the catering is out of this world and raouls chicken vegetable soup rocks my world
FOOD,positive,thought had died and gone to heaven
FOOD,positive,we had half half pizza mine was eggplant and my friend had the buffalo and it was sooo huge for small size pizza
FOOD,positive,for authentic thai food look no further than toons
FOOD,positive,the potato balls were not dry at all in fact it was buttery
FOOD,positive,best chinese food have tasted in long time
FOOD,positive,had yummy lamb korma saag paneer samosas naan etc
FOOD,positive,the bagels always warm soft on the inside crispy on the outside and enormous in size
FOOD,positive,have eaten here three times and have found the quality and variety of the fish to be excellent
FOOD,positive,we shared the family platter and especially enjoyed the black cod in sake kasu
FOOD,positive,we concluded with tiramisu chocolate cake both were delicious
FOOD,positive,pizza is terrific as is homemade pasta
FOOD,positive,they came in their own nifty take out box and with some homemade frosting very light and not too sweet
FOOD,positive,this is some really good inexpensive sushi
FOOD,positive,everything you want and more very fresh
FOOD,positive,it cuz it so good you need to taste it
FOOD,positive,had fish and my husband had the filet both of which exceeded our expectations
FOOD,positive,while their kitchen food is delicious their sushi is out of this world
FOOD,positive,if you re daring try the balsamic vinegar over icecream it wonderful
FOOD,positive,most importantly food is excellent
FOOD,positive,the pizza was pretty good and huge
FOOD,positive,we started off with delightful sashimi amuse bouche
FOOD,positive,you can do it here
FOOD,positive,personally like the margherita pizza better but they are all good
FOOD,positive,amazing
FOOD,positive,this is an amazing place to try some roti rolls
FOOD,positive,the food is sinful
FOOD,positive,have to say have never had disapointing meal here
FOOD,positive,they have great rolls the triple color and norwegetan rolls are awesome and filling
FOOD,positive,the family seafood entree was very good
FOOD,positive,the presentation of the food was an added bonus it looked just as great as it tasted
FOOD,positive,had the lamb special which was perfect
FOOD,positive,the seafood dynamite is also otherworldly
FOOD,positive,this dish is my favorite and always get it when go there and never get tired of it
FOOD,positive,it is terrific as is the value
FOOD,positive,would normally not finish the brocolli when order these kinds of food but for the first time every piece was as eventful as the first one the scallops and prawns was so fresh and nicely cooked
FOOD,positive,love dungeness crabs and at ray you can get them served in about different ways
FOOD,positive,food was good and appetizing
FOOD,positive,the food is good
FOOD,positive,good creative rolls
FOOD,positive,heard the lobster roll was excellent
FOOD,positive,however our main course was wonderful
FOOD,positive,in an area sadly lacking in decent thai food this is one of the best spots
FOOD,positive,food is great and inexpensive
FOOD,positive,tend to judge sushi restaurant by its sea urchin which was heavenly at sushi rose
FOOD,positive,one special roll and one regular roll is enough to fill you up but save room for dessert
FOOD,positive,it very spicy but not offensive
FOOD,positive,we had the lobster sandwich and it was fantastic
FOOD,positive,the crust was imazingly cooked well and pizza was fully loaded
FOOD,positive,excellent food for great prices
FOOD,positive,love their thai
FOOD,positive,ve been to sapphire twice and both times the food was fine if not good
FOOD,positive,best meal in long time
FOOD,positive,it the only place you can get yummy authentic japanese comfort food
FOOD,positive,hats off to the chef
FOOD,positive,also the sandwiches nearing did come with anything like chips or side
FOOD,positive,authentic pakistani food
FOOD,positive,enjoyed very nice caesar salad while my wife had arugula and goat cheese both very tasty
FOOD,positive,the sushi is amazing
FOOD,positive,the flavors are amazing and the value is phenomenal
FOOD,positive,by far the best pizza in manhattan
FOOD,positive,the appetizer was interesting but the creme brulee was very savory and delicious
FOOD,positive,have frequented ino for several years and the food remains excellent
FOOD,positive,ess bagel either by sty town or midtown is by far the best bagel in ny
FOOD,positive,the sushi here is delicious
FOOD,positive,for my entr eacute completely enjoyed the seared alaskan sea scallops complemented by chard artichoke hearts fennel and pecorino toscano
FOOD,positive,whether it the parmesean porcini souffle or the lamb glazed with balsamic vinegar you will surely be transported to northern italy with one bite
FOOD,positive,they are not greasy or anything
FOOD,positive,the food is delicious from the specials to the regular menu fare the dishes are never disappointment
FOOD,positive,the lamb was tender so full of flavor the dessert was divine
FOOD,positive,my boyfriend had the new england chowder it was good but think the award should go to the lobster bisque
FOOD,positive,the fish was really really fresh
FOOD,positive,also love their caeser salad
FOOD,positive,the cold appetizer dishes taste like the way remember them to taste when was growing up in taiwan
FOOD,positive,their tuna tartar appetizer is to die for
FOOD,positive,my wife and ate here earlier this week and have not stopped ranting and raving about the food
FOOD,positive,food was amazing love indian food and eat it quite regularly but can say this is one of the best ve had
FOOD,positive,the hot dogs are good yes but the reason to get over here is the fantastic pork croquette sandwich perfect on its supermarket squishy bun
FOOD,positive,the duck confit is always amazing and the foie gras terrine with figs was out of this world
FOOD,positive,my wife had the fried shrimp which are huge and loved it
FOOD,positive,tasty dog
FOOD,positive,the appetizers are also delicious
FOOD,positive,the best pad thai ve ever had
FOOD,positive,not even going to bother to describe it it speaks for itself
FOOD,positive,my party had the bbe fixe prix menu which was such wonderful deal since it also came with flight of sake
FOOD,positive,food is great
FOOD,positive,for all you can eat sushi can not be beaten
FOOD,positive,with the great variety on the menu eat here often and never get bored
FOOD,positive,the oz steak came next and it tasted great at least initially
FOOD,positive,we were and got the family size penne la vodka which was tremendously gigantic portion bucket of food literally
FOOD,positive,nothing on the menu is less than amazing
FOOD,positive,the scallops are apparently cooked in black olive butter which really makes them unique not to mention tasty
FOOD,positive,perfect on cold day
FOOD,positive,we could have made meal of the yummy dumplings from the dumpling menu
FOOD,positive,the wife had the risotto which was amazing
FOOD,positive,melt in your mouth
FOOD,positive,try the sea bass
FOOD,positive,have the iced tea
FOOD,positive,have eaten at saul many times the food is always consistently outrageously good
FOOD,positive,reliable fresh sushi
FOOD,positive,the veal and the mushrooms were cooked perfectly
FOOD,positive,the food was average or above including some surprising tasty dishes
FOOD,positive,the best calamari in seattle
FOOD,positive,paid just about for good meal though
FOOD,positive,the only thing moderately enjoyed was their grilled chicken special with edamame puree
FOOD,positive,the sashimi was the freshest and most tender have ever tasted
FOOD,positive,the sushi seemed pretty fresh and was adequately proportioned
FOOD,positive,the lobster sandwich is good and the spaghetti with scallops and shrimp is great
FOOD,positive,oh and the cheese fries are awesome
FOOD,positive,the flavors robust and subtle
FOOD,positive,everything and mean everything on the menu is delectable
FOOD,positive,this place is famous for their breakfast
FOOD,positive,this place has great indian chinese food
FOOD,positive,great indian food
FOOD,positive,the fried dumplings are great
FOOD,positive,awsome pizza especially the margheritta slice
FOOD,positive,highly recommend this place to all that want to try indain food for the first time
FOOD,positive,the spicy tuna roll is huge and probably the best that ve had at this price range
FOOD,positive,dokebi gives williamsburg the right one two punch of classic korean food and fusion twists like pork belly tacos
FOOD,positive,the food was pretty tradional but it was hot and good with large portions
FOOD,positive,should have thought to bring it up but never expected the food to be that mild
FOOD,positive,the food is always fresh
FOOD,positive,the wine list is also really nice
FOOD,positive,we did want bottle of bubbly on weekday so we each got little bottles of korbett it was just enough
FOOD,positive,wonderful strawberry daiquiries as well
FOOD,positive,great beer
FOOD,positive,great sake
FOOD,positive,bottles of wine are cheap and good
FOOD,positive,the sake menu should not be overlooked
FOOD,positive,great wine selection gigondas is worth the price and the house champagne is great value
FOOD,positive,the have great cocktail with citrus vodka and lemon and lime juice and mint leaves that is to die for
FOOD,positive,guaranteed to be tasty experience
FOOD,positive,the martinis are amazing and very fairly priced
FOOD,positive,also ordered the change mojito which was out of this world
FOOD,positive,the sangria was pretty tasty and good on hot muggy day
FOOD,positive,drinks were good
FOOD,positive,the sake complimented the courses very well and is successfully easing me into the sake world
FOOD,positive,wine list is extensive without being over priced
FOOD,positive,my fav was the sassy lassi
FOOD,positive,the drinks are always well made and wine selection is fairly priced
FOOD,positive,the drinks are amazing and half off till pm
FOOD,positive,very good wine choices
FOOD,positive,wine list selection is good and wine by the glass was generously filled to the top
FOOD,positive,the wine list is extensive and impressive
FOOD,positive,also have great margaritas
FOOD,positive,seattle best winelist
FOOD,positive,the coffe is very good too
FOOD,positive,go here for the drinks
FOOD,positive,started out with bombay beer which was big enough for two
FOOD,positive,the bar is very well stocked with interesting beers and well priced wines
FOOD,positive,ray suprisingly has the city best most diverse wine list
FOOD,positive,even the wine by the glass was good
FOOD,positive,as always we had great glass of wine while we waited
FOOD,positive,we waited at the bar and had martinis that were just right
FOOD,positive,good drink
FOOD,positive,the wine list is interesting and has many good values
FOOD,positive,love their drink menu
FOOD,positive,while finishing our meals which included high end bottle of wine our son fiance joined us for glass of wine and dessert
FOOD,positive,good sake selection
FOOD,positive,always ask the bartender for the seasonal beer
FOOD,positive,great bottle of wine
FOOD,positive,one of us actually liked the expresso that it
FOOD,positive,great selection of sakes
FOOD,positive,the wine list is excellent
STAFF,positive,our server was very professional and friendly
STAFF,positive,paul the maitre was totally professional and always on top of things
STAFF,positive,service was very prompt but slightly rushed
STAFF,positive,the takeout is great too since they give high quality tupperware as well
STAFF,positive,but they do
STAFF,positive,all the staff is absolutely professional
STAFF,positive,worst service ever had
STAFF,positive,most of the servers are very attentive friendly and quite attractive
STAFF,positive,the food is prepared quickly and efficiently
STAFF,positive,an excellent service
STAFF,positive,and they packaged everything nicely so it did spill
STAFF,positive,when family came in he gave them apps to test their palets and then ordered for them
STAFF,positive,over the years the host vittorio and his crew have always treated me as family although with all the business this not so little gem does it amazing he even able to remember consistent but not so frequent visitor
STAFF,positive,friendly staff that actually lets you enjoy your meal and the company you re with
STAFF,positive,the only thing the waiters do do for you is wipe your chin when you leave
STAFF,positive,we did have the same waiter the second time so maybe the service is spotty and our luck is good
STAFF,positive,they all know you
STAFF,positive,ve always found the wait staff and if you sit at the bar the cooks very friendly
STAFF,positive,however they do take your cellphone numbers so that you can go hang out somewhere else till they call you up on your cellphone
STAFF,positive,the waiters are very experienced and helpful with pairing your drink choice to your food tastes or vice versa
STAFF,positive,the people that work there are always so friendly you forget you are in new york sometimes
STAFF,positive,first off the food came fast and all together like that hate the pretentiousness of things coming in one after the other
STAFF,positive,the staff offers impeccable service
STAFF,positive,go out to eat and like my courses servers are patient and never rush courses or force another drink
STAFF,positive,can not imagine friendlier staff working in restaurant
STAFF,positive,raymond the bartender rocks
STAFF,positive,we even had visit from the manager who wanted to make sure we were enjoying ourselves
STAFF,positive,but the servers were extremely attentive and very friendly
STAFF,positive,the waiter was attentive
STAFF,positive,people are always friendly
STAFF,positive,the service was excellent friendly and attentive
STAFF,positive,have been coming here for years and have nothing but good things to say about the service and the great staff at la lanterna
STAFF,positive,the staff is no nonsense
STAFF,positive,the hostess was very pleasant
STAFF,positive,and even with it pub atmosphere they were great to my kids too
STAFF,positive,plus am allergic to rice and the waitstaff was unbelievably accomodating did even bat an eye
STAFF,positive,servers are all different greg is my favorite
STAFF,positive,we were greeted promptly by the waiter who was very nice and cordial
STAFF,positive,great survice
STAFF,positive,the service was exceptional sometime there was feeling that we were served by the army of friendly waiters
STAFF,positive,can get busy on fridays for table but once seated the service is so efficient you can be in and out of there quickly
STAFF,positive,my service was stellar
STAFF,positive,that is must but not every restaurant can do
STAFF,positive,the owner truly caters to all your needs
STAFF,positive,the staff is pretty friendly
STAFF,positive,the service is really attentive and charming
STAFF,positive,service was very good prompt attentive and non intrusive
STAFF,positive,at first we were little taken aback as this seemed to present problem although the restaurant looked fairly empty but they hastily put the table together for us
STAFF,positive,the waitstaffs are nice though
STAFF,positive,when my dessert came there was candle in it not because anyone asked for one but because the waiter must have seen me opening my birthday card and gift and said he knew it was special occassion of some sort
STAFF,positive,always busy but they are good at seating you promptly and have quick service
STAFF,positive,service is fast and friendly
STAFF,positive,ask for usha the nicest bartender in manhattan
STAFF,positive,appreciate their delivery too
STAFF,positive,the service was attentive yet discreet
STAFF,positive,service was prompt and courteous
STAFF,positive,great service
STAFF,positive,sometimes tables do understand his sense of humor but it refreshing to have server who has personality professionalism and respects the privacy of your dinner
STAFF,positive,there was small wait but shorter than expected
STAFF,positive,staff is very accomodating
STAFF,positive,our server was very helpful and friendly
STAFF,positive,always great service
STAFF,positive,the service was courteous and attentive
STAFF,positive,the staff was the friendliest that have seen in new york
STAFF,positive,pm on sat before broadway play and we were quickly seated and served
STAFF,positive,when got there the place was packed but they made sure to seat me quickly
STAFF,positive,and the service was simply spendid quite delight
STAFF,positive,the staff there is very attentive and down to earth
STAFF,positive,winnie and her staff are the best crew you can find serving you
STAFF,positive,the staff is very good
STAFF,positive,quick and friendly service
STAFF,positive,we arrived and were seated immediately which made us both happy
STAFF,positive,service was also very good
STAFF,positive,service is top notch
STAFF,positive,it gets really busy so get there on the early side so you can grab seat if you do have to wait its not bad because the service is quick
STAFF,positive,recieved prompt service with smile
STAFF,positive,considering we were the last patrons there and it was after the closing time the waitstaff did not rush us at all and made us feel comfortable and relaxed
STAFF,positive,always busy but fast moving
STAFF,positive,the service was attentive
STAFF,positive,everyone was cheerfully cooperative and helpful
STAFF,positive,everyone was more then happy with his choices
STAFF,positive,waitstaff are very friendly
STAFF,positive,truly the mark of an attentive waiter
STAFF,positive,when we sat we got great and fast service
STAFF,positive,volare virgins or weekly regulars everyone gets treated the same and you ca ask for more than that when the service is this friendly
STAFF,positive,you can order to go if you have to get back to the office too
STAFF,positive,the staff was very nice and courteous and obviously chinese
STAFF,positive,which lets face it at times it good thing
STAFF,positive,to start things off our lovely server brooke was quickly on hand to take my drink order
STAFF,positive,the servers behind the counter are always friendly and helpful
STAFF,positive,the staff was really friendly
STAFF,positive,this is the first place ve been that runner remembers my order hope he likes his job because have half mind to steal him for my restaurant
STAFF,positive,seating is always prompt though the restaurant does fill up in the evening
STAFF,positive,the sommelier is fantastic down to earth extremely knowlegable
STAFF,positive,the service was spectacular as the waiter knew everything about the menu and his recommendations were amazing
STAFF,positive,service was quick
STAFF,positive,every time sixtynine is called the bartender buys everyone drinks
STAFF,positive,the wait staff is very courteous and accomodating
STAFF,positive,have never had problem with service save missing rice once
STAFF,positive,the wait staff is pleasant fun and for the most part gorgeous in the wonderful aesthetic beautification way not in that she way cuter than me that way
STAFF,positive,the nicest waiters in town
STAFF,positive,service was prompt friendly and great
STAFF,positive,the service was quick and friendly
STAFF,positive,we never had to wait more than minutes
STAFF,positive,the server was really cool and served us our food and drinks with smile
STAFF,positive,everyone was smiling so that made me feel welcome
STAFF,positive,we went around on friday and it had died down bit by then so the service was great
STAFF,positive,service friendly and attentive
STAFF,positive,the entire staff was extremely accomodating and tended to my every need
STAFF,positive,the service was impeccable and unobtrusive the staff knows what they are there to do to know their menu present your meal and attend to your needs
STAFF,positive,service was wonderful
STAFF,positive,had huge group for my birthday and we were well taken care of
STAFF,positive,you can get table without reservation if you get there early they do make you by bottles
STAFF,positive,the wait staff is very freindly they make it feel like you re eating in freindly little european town
STAFF,positive,they honored reservation on sunday afternoon very well
STAFF,positive,you need to watch your game they will have it on for you
STAFF,positive,the staff is incredibly helpful and attentive
STAFF,positive,delivery is fast too
STAFF,positive,good fast service
STAFF,positive,the service is amazing ve had different waiters and they were all nice which is rare thing in nyc
STAFF,positive,and it was quick which is very important
STAFF,positive,we were worried we would have trouble getting in but somehow managed to have short wait
STAFF,positive,hurley is like cheers where everyone knows your name and they are actually glad you came
STAFF,positive,great staff
STAFF,positive,kind attentive wait staff
STAFF,positive,the bus boy even spotted that my table was shaking stabilized it for me
STAFF,positive,my wife and always enjoy the young not always well trained but nevertheless friendly staff all of whom have story
FOOD,negative,they serve it in tall skinny hour glass shaped glass to disguise the fact that you getting small juice at the price of half gallon in supermarket
FOOD,negative,slightly above average wines start at with only one selection listed at
FOOD,negative,to start off approximately oz of orange juice will cost you
FOOD,negative,not enough wines by the glass either
FOOD,negative,drinks way over priced
FOOD,negative,mine tasted like the bartender had forgotten to add the tequila
FOOD,negative,we were offered water for the table but were not told the voss bottles of water were piece
FOOD,negative,there was no tap beer that evening which was disappointment
FOOD,negative,would go back for the wine experience alone
FOOD,negative,not much of selection of bottled beer either we went with brahma
FOOD,negative,do get me started on the margaritas either
FOOD,negative,the bar drinks were eh ok to say the least
FOOD,negative,however our drinks were were horrible
