ID	Sentence	Split	AMBIENCE	DRINKS	FOOD	LOCATION	RESTAURANT	SERVICE
train1	ca wait wait for my next visit	train	0	0	0	0	1	0
train2	their sake list was extensive but we were looking for purple haze which was listed but made for us upon request	train	0	1	0	0	0	1
train3	the spicy tuna roll was unusually good and the rock shrimp tempura was awesome great appetizer to share	train	0	0	1	0	0	0
train4	we love th pink pony	train	0	0	0	0	1	0
train5	this place has got to be the best japanese restaurant in the new york area	train	0	0	0	0	1	0
train6	tend to judge sushi restaurant by its sea urchin which was heavenly at sushi rose	train	0	0	1	0	0	0
train7	the prix fixe menu is worth every penny and you get more than enough both in quantity and quality	train	0	0	1	0	0	0
train8	the food here is rather good but only if you like to wait for it	train	0	0	1	0	0	1
train9	also specify if you like your food spicy its rather bland if you do	train	0	0	1	0	0	0
train10	the ambience is pretty and nice for conversation so casual lunch here would probably be best	train	1	0	0	0	1	0
train11	it was horrible	train	0	0	0	0	1	0
train12	have been dozens of times and never failed to enjoy the experience	train	0	0	0	0	1	0
train13	make sure you try this place as often as you can	train	0	0	0	0	1	0
train14	had huge group for my birthday and we were well taken care of	train	0	0	0	0	0	1
train15	get the tuna of gari	train	0	0	1	0	0	0
train16	make sure you have the spicy scallop roll	train	0	0	1	0	0	0
train17	raga is romantic cozy restaurant	train	1	0	0	0	0	0
train18	had great time at jekyll and hyde	train	0	0	0	0	1	0
train19	am bringing my whole family back next time	train	0	0	0	0	1	0
train20	fine dining restaurant quality	train	0	0	1	0	0	0
train21	we will return many times for this oasis in mid town	train	0	0	0	0	1	0
train22	the food options rule	train	0	0	1	0	0	0
train23	my husband and thougt it would be great to go to the jekyll and hyde pub for our anniversary and to our surprise it was fantastic	train	0	0	0	0	1	0
train24	please take my advice go and try this place	train	0	0	0	0	1	0
train25	they were served warm and had soft fluffy interior	train	0	0	1	0	0	0
train26	but they do	train	0	0	0	0	0	1
train27	fresh restaurant was amazing food was delicious and of course fresh	train	0	0	1	0	1	0
train28	hats off to the chef	train	0	0	1	0	0	0
train29	this is some really good inexpensive sushi	train	0	0	1	0	0	0
train30	this place is always very crowded and popular	train	0	0	0	0	1	0
train31	and evaluated on those terms pastis is simply wonderful	train	0	0	0	0	1	0
train32	still mad that had to pay for lousy food	train	0	0	1	0	0	0
train33	the hanger steak was like rubber and the tuna was flavorless not to mention it tasted like it had just been thawed	train	0	0	1	0	0	0
train34	big thumbs up	train	0	0	0	0	1	0
train35	the pizza and wine were excellent the service too but what really made this place was the backyard dining area	train	1	1	1	0	0	1
train36	it is one the nicest outdoor restaurants have ever seen in ny am from italy and this place rivals the ones in my country	train	1	0	0	0	0	0
train37	it is simply amazing	train	0	0	1	0	0	0
train38	beautiful experience	train	0	0	0	0	1	0
train39	the menu is very limited think we counted or entrees	train	0	0	1	0	0	0
train40	we will go back every time we are in the city	train	0	0	0	0	1	0
train41	the characters really make for an enjoyable experience	train	1	0	0	0	0	0
train42	however think jeckll and hydes is one of those places that is fun to do once	train	0	0	0	0	1	0
train43	we had good time	train	0	0	0	0	1	0
train44	little overpriced but worth it once you take bite	train	0	0	1	0	0	0
train45	have lived in japan for years and the taste of the food and the feel of the restaurant is like being back in japan	train	1	0	1	0	0	0
train46	check out the secret back room	train	1	0	0	0	0	0
train47	thank you emilio	train	0	0	0	0	1	0
train48	the food was authentic	train	0	0	1	0	0	0
train49	fantastic	train	0	0	0	0	1	0
train50	but the staff was so horrible to us	train	0	0	0	0	0	1
train51	decor is nice though service can be spotty	train	1	0	0	0	0	1
train52	just awsome	train	0	0	1	0	0	0
train53	had their eggs benedict for brunch which were the worst in my entire life tried removing the hollondaise sauce completely that was how failed it was	train	0	0	1	0	0	0
train54	with the theater blocks away we had delicious meal in beautiful room	train	1	0	1	1	0	0
train55	the service was attentive	train	0	0	0	0	0	1
train56	patroon features nice cigar bar and has great staff	train	1	0	0	0	0	1
train57	lloovve this place	train	0	0	0	0	1	0
train58	the menu is limited but almost all of the dishes are excellent	train	0	0	1	0	0	0
train59	wine list is extensive without being over priced	train	0	1	0	0	0	0
train60	the food was very good great deal and the place its self was great	train	1	0	1	0	0	0
train61	the wait staff is very freindly they make it feel like you re eating in freindly little european town	train	0	0	0	0	0	1
train62	the whole set up is truly unprofessional and wish cafe noir would get some good staff because despite the current one this is great place	train	0	0	0	0	1	1
train63	you should pass on the calamari	train	0	0	1	0	0	0
train64	when asked about how certain dish was prepared in comparison to similar at other thai restaurants he replied this is not mcdonald every place makes things differently	train	0	0	0	0	0	1
train65	everything was wonderful food drinks staff mileau	train	1	1	1	0	1	1
train66	would highly recommend this place	train	0	0	0	0	1	0
train67	fresh ingredients and everything is made to order	train	0	0	1	0	0	0
train68	friendly staff that actually lets you enjoy your meal and the company you re with	train	0	0	0	0	0	1
train69	will definitely be going back	train	0	0	0	0	1	0
train70	great choice at any cost and great deal	train	0	0	0	0	1	0
train71	thalia is beautiful restaurant with beautiful people serving you but the food does quite match up	train	1	0	1	0	0	1
train72	ordered the smoked salmon and roe appetizer and it was off flavor	train	0	0	1	0	0	0
train73	the food is good especially their more basic dishes and the drinks are delicious	train	0	1	1	0	0	0
train74	the big complaint no toasting available	train	0	0	0	0	0	1
train75	ve been many time and have never been disappointed	train	0	0	0	0	1	0
train76	the turkey burgers are scary	train	0	0	1	0	0	0
train77	for authentic thai food look no further than toons	train	0	0	1	0	0	0
train78	try the pad thai or sample anything on the appetizer menu they re all delicious	train	0	0	1	0	0	0
train79	service was good and food is wonderful	train	0	0	1	0	0	1
train80	it is definitely good spot for snacks and chat	train	0	0	0	0	1	0
train81	do not get the go go hamburgers no matter what the reviews say	train	0	0	1	0	0	0
train82	steamed fresh so brought hot hot hot to your table	train	0	0	1	0	0	0
train83	small servings for main entree had salmon wasnt impressed girlfriend had chicken it was good	train	0	0	1	0	0	0
train84	cute and decorative	train	1	0	0	0	0	0
train85	excellent spot for holiday get togethers with co workers or friends that you have seen in while	train	0	0	0	0	1	0
train86	what great place	train	0	0	0	0	1	0
train87	not the typical nyc gimmick theme restaurant	train	1	0	0	0	0	0
train88	service was very prompt but slightly rushed	train	0	0	0	0	0	1
train89	really liked this place	train	0	0	0	0	1	0
train90	everything had was good and eater	train	0	0	1	0	0	0
train91	also recommend the rice dishes or the different varieties of congee rice porridge	train	0	0	1	0	0	0
train92	recently tried suan and thought that it was great	train	0	0	0	0	1	0
train93	have been several times and it never dissapoints	train	0	0	0	0	1	0
train94	this place is great bargain	train	0	0	0	0	1	0
train95	people are always friendly	train	0	0	0	0	0	1
train96	the best pad thai ve ever had	train	0	0	1	0	0	0
train97	would recomend it for dinner	train	0	0	0	0	1	0
train98	ask for usha the nicest bartender in manhattan	train	0	0	0	0	0	1
train99	the food as good as ever	train	0	0	1	0	0	0
train100	best drumsticks over rice and sour spicy soup in town	train	0	0	1	0	0	0
train101	for those that go once and do enjoy it all can say is that they just do get it	train	0	0	0	0	1	0
train102	not worth it	train	0	0	1	0	0	0
train103	this dish is my favorite and always get it when go there and never get tired of it	train	0	0	1	0	0	0
train104	big wong is great place to eat and fill your stomach	train	0	0	0	0	1	0
train105	the food is okay and the prices here are mediocre	train	0	0	1	0	1	0
train106	me and my girls will definitely go back	train	0	0	0	0	1	0
train107	the food is great	train	0	0	1	0	0	0
train108	la rosa waltzes in and think they are doing it the best	train	0	0	1	0	0	0
train109	interesting selection good wines service fine fun decor	train	1	1	1	0	0	1
train110	the food here was mediocre at best	train	0	0	1	0	0	0
train111	the cypriot restaurant has lot going for it	train	0	0	0	0	1	0
train112	will comeback for sure wish they have it here in la	train	0	0	0	0	1	0
train113	the space kind of feels like an alice in wonderland setting without it trying to be that	train	1	0	0	0	0	0
train114	paid just about for good meal though	train	0	0	1	0	0	0
train115	love it	train	0	0	0	0	1	0
train116	the place is bit hidden away but once you get there it all worth it	train	0	0	0	1	0	0
train117	love their chicken pasta cant remember the name but is sooo good	train	0	0	1	0	0	0
train118	way below average	train	0	0	0	0	1	0
train119	think the pizza is so overrated and was under cooked	train	0	0	1	0	0	0
train120	love this place	train	0	0	0	0	1	0
train121	the service was quick and friendly	train	0	0	0	0	0	1
train122	thought the restaurant was nice and clean	train	1	0	0	0	1	0
train123	chicken teriyaki had tomato or pimentos on top	train	0	0	1	0	0	0
train124	the waitress was not attentive at all	train	0	0	0	0	0	1
train125	just go to yamato and order the red dragon roll	train	0	0	1	0	1	0
train126	favorite sushi in nyc	train	0	0	1	0	0	0
train127	the rolls are creative and have yet to find another sushi place that serves up more inventive yet delicious japanese food	train	0	0	1	0	0	0
train128	my quesadilla tasted like it had been made by three year old with no sense of proportion or flavor	train	0	0	1	0	0	0
train129	save your money and your time and go somewhere else	train	0	0	0	0	1	0
train130	the spinach is fresh definately not frozen	train	0	0	1	0	0	0
train131	decor needs to be upgraded but the food is amazing	train	1	0	1	0	0	0
train132	my daughter wedding reception at water edge received the highest compliments from our guests	train	0	0	0	0	1	0
train133	the high prices you re going to pay is for the view not for the food	train	0	0	1	1	1	0
train134	not what would expect for the price and prestige of this location	train	0	0	0	0	1	1
train135	the food was ok and fair nothing to go crazy	train	0	0	1	0	0	0
train136	impressed	train	0	0	0	0	1	0
train137	subtle food and service	train	0	0	1	0	0	1
train138	food took some time to prepare all worth waiting for	train	0	0	1	0	0	1
train139	great find in the west village	train	0	0	0	0	1	0
train140	when the bill came nothing was comped so told the manager very politely that we were willing to pay for the wine but did think should have to pay for food with maggot in it	train	0	0	0	0	0	1
train141	amazing food	train	0	0	1	0	0	0
train142	rather than preparing vegetarian dish the chef presented me with plate of steamed vegetables minus sauce seasoning or any form or aesthetic presentation	train	0	0	1	0	0	1
train143	the only thing that strikes you is the decor not very pleasant	train	1	0	0	0	0	0
train144	the martinis are amazing and very fairly priced	train	0	1	0	0	0	0
train145	wanted to go there to see if it was worth it and sadly curiousity got the best of me and paid dearly for it	train	0	0	0	0	1	0
train146	the environment is very upscale and you will see lot of rich guys with trophy wives or just highly paid escorts	train	1	0	0	0	1	0
train147	however our drinks were were horrible	train	0	1	0	0	0	0
train148	once we finally got table despite indicating we wanted an alla carte menu we were pushed into table that was only price fixed	train	0	0	0	0	0	1
train149	do appreciate places or people that try to drive up the bill without the patron knowledge so that was huge turnoff more than the price	train	0	0	0	0	1	1
train150	eat at your own risk	train	0	0	1	0	0	0
train151	the service was spectacular as the waiter knew everything about the menu and his recommendations were amazing	train	0	0	0	0	0	1
train152	the sake complimented the courses very well and is successfully easing me into the sake world	train	0	1	0	0	0	0
train153	maybe it was the great company had friends visiting from philly yes it was not date this time or the super reasonable price point but just can say enough good things about this brasserie	train	0	0	0	0	1	0
train154	tried couple other dishes but was too impressed	train	0	0	1	0	0	0
train155	the family seafood entree was very good	train	0	0	1	0	0	0
train156	the food they serve is not comforting not appetizing and uncooked	train	0	0	1	0	0	0
train157	supercilious scorn is in	train	0	0	0	0	0	1
train158	single worst restaurant in manhattan	train	0	0	0	0	1	0
train159	it is quite spectacular scene ll give them that	train	1	0	0	0	0	0
train160	how this place survives the competitive west village market in this economy or any other for that matter is beyond me	train	0	0	0	0	1	0
train161	though it been crowded most times ve gone here bark always delivers on their food	train	0	0	1	0	1	0
train162	but nonetheless great spot great food	train	0	0	1	0	1	0
train163	the food and service were fine however the maitre was incredibly unwelcoming and arrogant	train	0	0	1	0	0	1
train164	word to the wise you ca dine here and disturb the maitre sense of table turnover as whacked as it is or else	train	0	0	0	0	0	1
train165	had the lamb special which was perfect	train	0	0	1	0	0	0
train166	do go to this place	train	0	0	0	0	1	0
train167	when the main course finally arrived another mins half of our order was missing	train	0	0	0	0	0	1
train168	when we threatened to leave we were offered meager discount even though half the order was missing	train	0	0	0	0	0	1
train169	the bread was stale the salad was overpriced and empty	train	0	0	1	0	0	0
train170	shame on this place for the horrible rude staff and non existent customer service	train	0	0	0	0	0	1
train171	the food is good	train	0	0	1	0	0	0
dev1	yum	dev	0	0	1	0	0	0
dev2	serves really good sushi	dev	0	0	1	0	0	0
dev3	not the biggest portions but adequate	dev	0	0	1	0	0	0
dev4	green tea creme brulee is must	dev	0	0	1	0	0	0
dev5	it has great sushi and even better service	dev	0	0	1	0	0	1
dev6	the entire staff was extremely accomodating and tended to my every need	dev	0	0	0	0	0	1
dev7	ve been to this restaurant over dozen times with no complaints to date	dev	0	0	0	0	1	0
dev8	the owner is belligerent to guests that have complaint	dev	0	0	0	0	0	1
dev9	good food	dev	0	0	1	0	0	0
dev10	this is great place to get delicious meal	dev	0	0	1	0	1	0
dev11	the staff is pretty friendly	dev	0	0	0	0	0	1
dev12	the onion rings are great	dev	0	0	1	0	0	0
dev13	the lemon chicken tasted like sticky sweet donuts and the honey walnut prawns the few they actually give you were not good	dev	0	0	1	0	0	0
dev14	nice ambience but highly overrated place	dev	1	0	0	0	1	0
dev15	worst service ever had	dev	0	0	0	0	0	1
dev16	everyone that sat in the back outside agreed that it was the worst service we had ever received	dev	0	0	0	0	0	1
dev17	our waiter was non existent and after our food finally arrived over an hour after we ordered we were not given any water or utensils	dev	0	0	0	0	0	1
dev18	complained to the manager but he was not even apologetic	dev	0	0	0	0	0	1
dev19	fabulous italian food	dev	0	0	1	0	0	0
dev20	highly recommend mioposto	dev	0	0	0	0	1	0
dev21	am so happy to have wonderful italian restaurant in my neighborhood	dev	0	0	0	0	1	0
dev22	the wine list is wonderful and the food reminds me of my recent trip to italy	dev	0	1	1	0	0	0
dev23	love this restaurant	dev	0	0	0	0	1	0
dev24	will never forget the amazing meal service and ambiance experience at this restaurant	dev	1	0	1	0	0	1
dev25	the wine list is incredible and extensive and diverse the food is all incredible and the staff was all very nice good at their jobs and cultured	dev	0	1	1	0	0	1
dev26	have not bad thing to say about this place	dev	0	0	0	0	1	0
dev27	the food was great	dev	0	0	1	0	0	0
dev28	it very reasonably priced esp for the quality of the food	dev	0	0	1	0	0	0
dev29	had the kafta plate and it was perfect	dev	0	0	1	0	0	0
dev30	in age of incremental cost cutting in restaurants its nice to see place that bucks that trend and just plain delivers high quality food and good service period	dev	0	0	1	0	0	1
dev31	this is the place to relax and enjoy the finest quality food the industry can offer	dev	1	0	1	0	0	0
dev32	caution its real food for people who love the best	dev	0	0	1	0	0	0
dev33	liked the atmosphere very much but the food was not worth the price	dev	1	0	1	0	0	0
dev34	may not be sushi guru but can tell you that the food here is just okay and that there is not much else to it	dev	0	0	1	0	0	0
dev35	rice is too dry tuna was so fresh either	dev	0	0	1	0	0	0
dev36	have eaten here three times and have found the quality and variety of the fish to be excellent	dev	0	0	1	0	0	0
dev37	however the value and service are both severely lacking	dev	0	0	0	0	1	1
dev38	furthermore while the fish is unquestionably fresh rolls tend to be inexplicably bland	dev	0	0	1	0	0	0
dev39	the service ranges from mediocre to offensive	dev	0	0	0	0	0	1
dev40	on recent trip our waiter was extremely dismissive while no less than three staff members waited hand and foot on pair of japanese girls seated nearby	dev	0	0	0	0	0	1
dev41	freshest sushi love this restaurant	dev	0	0	1	0	1	0
dev42	they pay such detail to everything from miso soup to complex rolls	dev	0	0	1	0	0	0
dev43	the sashimi was the freshest and most tender have ever tasted	dev	0	0	1	0	0	0
dev44	their apps are all delicious	dev	0	0	1	0	0	0
dev45	the only drawback is that this place is really expensive and the portions are on the small side	dev	0	0	1	0	1	0
dev46	but the space is small and lovely and the service is helpful	dev	1	0	0	0	0	1
dev47	the food was not great the waiters were rude	dev	0	0	1	0	0	1
dev48	great service	dev	0	0	0	0	0	1
dev49	my service was stellar	dev	0	0	0	0	0	1
dev50	the bus boy even spotted that my table was shaking stabilized it for me	dev	0	0	0	0	0	1
dev51	food was fine with some little tastier than normal salsa	dev	0	0	1	0	0	0
dev52	the food was great the margaritas too but the waitress was too busy being nice to her other larger party than to take better care of my friend and me	dev	0	0	1	0	0	1
dev53	mama mia live in the neighborhood and feel lucky to live by such great pizza place	dev	0	0	0	0	1	0
dev54	the only problem is you really have to warm up the pizza before it edible even when you order ahead	dev	0	0	1	0	0	0
dev55	but once done it not too much dough not too much cheese not too much sauce	dev	0	0	1	0	0	0
dev56	best sushi in town	dev	0	0	1	0	0	0
dev57	the best calamari in seattle	dev	0	0	1	0	0	0
dev58	and the best summertime deck experience they will even bring you blanket if you get cold in the seattle evening weather	dev	1	0	0	0	0	1
dev59	perfect place to take out of town guests any time of the year	dev	0	0	0	0	1	0
dev60	endless fun awesome music great staff	dev	1	0	0	0	1	1
dev61	by far the best bar in the east village	dev	0	0	0	0	1	0
dev62	great draft and bottle selection and the pizza rocks	dev	0	1	1	0	0	0
dev63	definitely has one of the best jukebox ve seen in long long time	dev	1	0	0	0	0	0
dev64	the food is great the bartenders go that extra mile	dev	0	0	1	0	0	1
dev65	the owners are great fun and the beer selection is worth staying for	dev	0	1	0	0	0	1
dev66	and the upstairs is great place to hang out	dev	1	0	0	0	0	0
dev67	not alot of smoking places left in new york but have found my favorite smoking balconey in the city	dev	0	0	0	0	1	0
dev68	the sushi here is delicious	dev	0	0	1	0	0	0
dev69	they have wide variety of fish and they even list which oceans they come from atlantic or pacific	dev	0	0	1	0	0	0
dev70	ve had the jellyfish horse mackerel blue fin tuna and the sake ikura roll among others and they were all good	dev	0	0	1	0	0	0
dev71	my only negative comment is that wish the pieces were little bigger	dev	0	0	1	0	0	0
dev72	the decor is rustic traditional japanese	dev	1	0	0	0	0	0
dev73	the crowd is mixed yuppies young and old	dev	0	0	0	0	1	0
dev74	the service was courteous and attentive	dev	0	0	0	0	0	1
dev75	mediocre food	dev	0	0	1	0	0	0
dev76	the outside patio area has an abbreviated menu	dev	0	0	1	0	0	0
dev77	my and both agreed the food was very mediocre especially considering the price	dev	0	0	1	0	0	0
dev78	we are locals and get the feeling the only way this place survives with such average food is because most customers are probably one time customer tourists	dev	0	0	1	0	1	0
dev79	service was decent	dev	0	0	0	0	0	1
dev80	drinks were good	dev	0	1	0	0	0	0
dev81	excellent food nice ambience fairly expensive	dev	1	0	1	0	1	0
dev82	loved the pumpkin ravioli and the goat cheese gnocchi big ones to plate instead of or so little gnocchis and my sister loved her filet mignon on top of spinach and mashed potatoes	dev	0	0	1	0	0	0
dev83	the ambiance was peaceful and relaxing break amongst all the kids running around in downtown disney	dev	1	0	0	0	0	0
dev84	best indian food in	dev	0	0	1	0	0	0
dev85	the chicken curry and chicken tikka masala are my favorite meat dishes	dev	0	0	1	0	0	0
dev86	the chana masala garbanzo beans are also excellent	dev	0	0	1	0	0	0
dev87	it located in strip mall near the beverly center not the greatest location but the food keeps me coming back for more	dev	0	0	1	1	0	0
dev88	never too crowded and always great service	dev	0	0	0	0	1	1
dev89	think have probably tried each item on their menu at least once it is all excellent	dev	0	0	1	0	0	0
dev90	can highly recommend their various saag and paneer and korma	dev	0	0	1	0	0	0
dev91	appreciate their delivery too	dev	0	0	0	0	0	1
dev92	nice food but no spice	dev	0	0	1	0	0	0
dev93	really enjoyed my meal here	dev	0	0	1	0	0	0
dev94	had yummy lamb korma saag paneer samosas naan etc	dev	0	0	1	0	0	0
dev95	the food was all good but it was way too mild	dev	0	0	1	0	0	0
dev96	the naan was some of the best ve had and really enjoyed the bhartha not too tomatoey	dev	0	0	1	0	0	0
dev97	even the chickpeas which normally find too dry were good	dev	0	0	1	0	0	0
dev98	do understand how was stranger to this place for so long the fajita salad the colorado the fajitas everything is delicious	dev	0	0	1	0	0	0
dev99	love the warm cosy environment	dev	1	0	0	0	0	0
dev100	just found out that you can have the place to yourself on nights and weekends for private party ca wait to celebrate my next birthday there	dev	0	0	0	0	1	0
dev101	best restaurant in the world great decor great customer service friendly manager	dev	1	0	0	0	1	1
dev102	am never disappointed with there food	dev	0	0	1	0	0	0
dev103	the atmosphere is great	dev	1	0	0	0	0	0
dev104	great lunch spot	dev	0	0	0	0	1	0
dev105	great financial district mexican spot	dev	0	0	0	0	1	0
dev106	always busy but they are good at seating you promptly and have quick service	dev	0	0	0	0	0	1
dev107	everything ve had here is good taco salads burritos enchiladas love this place	dev	0	0	1	0	1	0
dev108	also have great margaritas	dev	0	1	0	0	0	0
dev109	the food is simply unforgettable	dev	0	0	1	0	0	0
dev110	the presentation of the food was an added bonus it looked just as great as it tasted	dev	0	0	1	0	0	0
dev111	my best friend had the chicken shawarma and she still raves about it being the best anywhere	dev	0	0	1	0	0	0
dev112	the staff are friendly and the decor was ethic and colorful	dev	1	0	0	0	0	1
dev113	go to open sesame	dev	0	0	0	0	1	0
dev114	holy hummus	dev	0	0	1	0	0	0
dev115	the food is here is incredible though the quality is inconsistent during lunch	dev	0	0	1	0	0	0
dev116	dinners have always been excellent in terms of food quality	dev	0	0	1	0	0	0
dev117	the open sesame combo plate is bargain for the heap of food given	dev	0	0	1	0	0	0
dev118	the side of potatoes is to die for as is the labne yogurt dip	dev	0	0	1	0	0	0
dev119	also they serve the best hummus in america with drizzle of fragrant olive oil which believe is the traditional way	dev	0	0	1	0	0	0
dev120	the only drawback is the crowded seating and the slow service	dev	0	0	0	0	1	1
dev121	however this place is gem and wo stop going back	dev	0	0	0	0	1	0
dev122	great beer	dev	0	1	0	0	0	0
dev123	my first time to dine at this restaurant was with my son and it was absolutely horrible	dev	0	0	0	0	1	0
dev124	swore never to return for warm beer and mediocre meal	dev	0	1	1	0	0	0
dev125	the band was very good and the service was attentive	dev	1	0	0	0	0	1
dev126	we ordered selection of the small plates and the shoe string onions goat cheese pizza grilled asparagus and fried brie with fruit were all very good	dev	0	0	1	0	0	0
dev127	seattle best winelist	dev	0	1	0	0	0	0
dev128	ray suprisingly has the city best most diverse wine list	dev	0	1	0	0	0	0
dev129	the sommelier is fantastic down to earth extremely knowlegable	dev	0	0	0	0	0	1
dev130	would go back for the wine experience alone	dev	0	1	0	0	0	0
dev131	not the place it once was	dev	0	0	0	0	1	0
dev132	perhaps now scooner or later falls into the dive category	dev	0	0	0	0	1	0
dev133	it is sad to see place that was once the place to meet and eat for bfast or lunch now be the place that is big dont bother	dev	0	0	0	0	1	0
dev134	the food is not what it once was potions have seriously seen downsizing prices have gone up and the service is the worst have experienced anywhere including mainland europe	dev	0	0	1	0	0	1
dev135	what may be interesting to most is the worst sevice attitude comes from the owners of this establishment	dev	0	0	0	0	0	1
dev136	this establishment really made marked decline after and this is recurring story the airing of food televisions diners drive ins and dives hosted by guy fieri in which schooner or later was subject of	dev	0	0	0	0	1	0
dev137	open cool place with the best pizza and coffee	dev	1	0	1	0	0	0
dev138	mioposto has very creative delicious pizza menu	dev	0	0	1	0	0	0
dev139	the coffe is very good too	dev	0	1	0	0	0	0
dev140	great open and friendly ambience	dev	1	0	0	0	0	0
dev141	this place is charming and relaxing	dev	1	0	0	0	0	0
dev142	the servers behind the counter are always friendly and helpful	dev	0	0	0	0	0	1
dev143	it great place to enjoy food and meet friends	dev	0	0	1	0	1	0
dev144	great food spectacular location and friendly service keep us coming back year after year	dev	0	0	1	1	0	1
dev145	enjoyed the food	dev	0	0	1	0	0	0
dev146	food was good and cheap	dev	0	0	1	0	0	0
dev147	had the kafta plate and enjoyed it	dev	0	0	1	0	0	0
dev148	atmosphere was nice	dev	1	0	0	0	0	0
dev149	service was kind of slow our waitress took forever to give us our check even though it was that busy	dev	0	0	0	0	0	1
dev150	still would recommend this place	dev	0	0	0	0	1	0
dev151	what else can you say nice people amazing food wow	dev	0	0	1	0	1	1
dev152	great food with an awesome atmosphere	dev	1	0	1	0	0	0
dev153	eggs pancakes potatoes fresh fruit and yogurt everything they serve is delicious	dev	0	0	1	0	0	0
dev154	the best place for leisure sunday breakfast amidst yachts then take stroll through the nearby farmer market	dev	0	0	0	0	1	0
dev155	great meal the fish on the omikase platter was absolutely decadent there was none of the stringiness that sometimes accompanies fair sushi this fish was perfect	dev	0	0	1	0	0	0
dev156	plus am allergic to rice and the waitstaff was unbelievably accomodating did even bat an eye	dev	0	0	0	0	0	1
dev157	and the waiter suggested perfect sake	dev	0	1	0	0	0	1
dev158	unbeatable sushi	dev	0	0	1	0	0	0
dev159	melt in your mouth nigiri and sashmi and very tasty rolls too	dev	0	0	1	0	0	0
dev160	be sure to try the oyster roll	dev	0	0	1	0	0	0
dev161	how to describe the best sushi in nyc hmmmm delicious amazing fantastic suculent perfect nah all of the above	dev	0	0	1	0	0	0
dev162	ca saybenough good things about this restaurant and ca wait for my next several visits	dev	0	0	0	0	1	0
dev163	the best chuwam mushi have ever had	dev	0	0	1	0	0	0
dev164	good sushi high price	dev	0	0	1	0	0	0
dev165	one of the best sushi place in town	dev	0	0	0	0	1	0
dev166	the house special roll is really good	dev	0	0	1	0	0	0
dev167	brunch at murphy is to die for my specialty egg white omelet the food is always freshly prepared	dev	0	0	1	0	0	0
dev168	it the perfect spot for romantic date for or secret rendezvous	dev	1	0	0	0	1	0
dev169	save room for scrumptious desserts	dev	0	0	1	0	0	0
dev170	the restaurant offers an extensive wine list and an ambiance you wo forget	dev	1	1	0	0	0	0
dev171	best mexican place for lunch in the financial district	dev	0	0	0	0	1	0
dev172	love the enchiladas and chicken soup and be sure to check out their specials	dev	0	0	1	0	0	0
dev173	the cooks have been at the restaurant for years and cook family recipes	dev	0	0	1	0	0	0
dev174	can get busy on fridays for table but once seated the service is so efficient you can be in and out of there quickly	dev	0	0	0	0	0	1
dev175	the sushi was excellent and the wait staff was quick	dev	0	0	1	0	0	1
dev176	the atmosphere was just okay	dev	1	0	0	0	0	0
dev177	space was limited but the food made up for it	dev	0	0	1	0	1	0
dev178	we stood there for minutes while employees walked back and forth ignoring us	dev	0	0	0	0	0	1
dev179	finally my wife stood face to face in front of one of the staff and she asked are you waiting for table	dev	0	0	0	0	0	1
dev180	the caesar salad ordered had so much lemon could eat it	dev	0	0	1	0	0	0
dev181	great food better margaritas	dev	0	1	1	0	0	0
dev182	this is one of my top lunch spots huge portions fast service and amazing margaritas	dev	0	1	1	0	1	1
dev183	it gets really busy so get there on the early side so you can grab seat if you do have to wait its not bad because the service is quick	dev	0	0	0	0	0	1
dev184	check out the art on the walls very colorful	dev	1	0	0	0	0	0
dev186	have been eating at this place for over years now and have never had one bad meal	dev	0	0	1	0	0	0
dev187	highly recommend this place to all that want to try indain food for the first time	dev	0	0	1	0	0	0
dev188	the lunch menu is an awesome deal	dev	0	0	1	0	0	0
dev189	plenty of food trust me	dev	0	0	1	0	0	0
dev190	fresh ingrediants and super tasty	dev	0	0	1	0	0	0
dev191	best food phenominal service	dev	0	0	1	0	0	1
dev192	for the finicky sushi eater and those who have sampled the best nyc has to offer the fish is the freshest and the service is superb	dev	0	0	1	0	0	1
dev193	not only can the selection be innovative but there nice balance of traditional sushi as well	dev	0	0	1	0	0	0
dev194	the nicest waiters in town	dev	0	0	0	0	0	1
dev195	this place is unbelievably over rated	dev	0	0	0	0	1	0
dev196	if want to stand in line on sunday for an hour to get average brunch food then would put murphy at the top of the list	dev	0	0	1	0	0	1
dev197	the regular menu here is slightly above average that is not worth the snotty attitude that you receive	dev	0	0	1	0	0	1
dev198	your sushi fan you love expertly cut fish great sake killer soho location and of course salmon tuna fluke yellow tail cod mackeral jellyfish sea urchin shrimp lobster sea bream trout milk fish blue fin tuna eel crab sardine monk fish roe scallop oysters and varity of toro	dev	0	1	1	1	0	0
dev199	there is only one place on the east coast that has it all plus lot more	dev	0	0	0	0	1	0
dev200	bring your cell phone cause you may have to wait to get into the best sushi restaurant in the world blue ribbon sushi	dev	0	0	0	0	1	0
dev201	hands down the best tuna have ever had	dev	0	0	1	0	0	0
dev202	blue ribbon lives up to it fantastic reputation	dev	0	0	0	0	1	0
dev203	great value sushi with high quality nice setting	dev	1	0	1	0	0	0
dev204	try the chef choice for sushi as the smoked yellowtail was incredible and the rolls were also tasty	dev	0	0	1	0	0	0
dev205	poor customer service poor pizza	dev	0	0	1	0	0	1
dev206	as with most restaurants in seattle mioposto service was bad and the food was overpriced	dev	0	0	1	0	0	1
dev207	know many people have their favorite types of pizza and pizza places but mioposto pizza lacks quality and good taste	dev	0	0	1	0	0	0
dev208	to be honest ve had better frozen pizza	dev	0	0	1	0	0	0
dev209	the only positive thing about mioposto is the nice location	dev	0	0	0	1	1	0
dev210	was frankly shocked when read the bad reviews this place is fantastic it has not let us down in any way and we ve eaten here more than times	dev	0	0	0	0	1	0
dev211	the food is fantastic and the waiting staff has been perfect every single time we ve been there	dev	0	0	1	0	0	1
dev212	the only problem would be the wait but we usually just have drink in the front while waiting	dev	0	0	0	0	0	1
dev213	seabass on lobster risotto was the best	dev	0	0	1	0	0	0
dev214	caesar salad was superb	dev	0	0	1	0	0	0
dev215	great bottle of wine	dev	0	1	0	0	0	0
dev216	leave room for dessert	dev	0	0	1	0	0	0
dev217	waited for minutes for service ordered beer was never served again	dev	0	0	0	0	0	1
dev218	the food was ok but the service was so poor that the food was cold buy the time everyone in my party was served	dev	0	0	1	0	0	1
dev219	avoid the place	dev	0	0	0	0	1	0
dev220	when got there sat up stairs where the atmosphere was cozy the service was horrible	dev	1	0	0	0	0	1
dev221	we left without ever getting service	dev	0	0	0	0	0	1
dev222	best crab cakes in town	dev	0	0	1	0	0	0
dev223	thats big statement considering ve been pulling crab traps and making the cakes myself since was about seven but something about these little devils gets better every time	dev	0	0	1	0	0	0
dev224	if you can come to this place by boat and make it whole evening	dev	0	0	0	0	1	0
dev225	great seasonal fish and seafood with classy waterfront setting	dev	1	0	1	0	0	0
dev226	great pizza poor service	dev	0	0	1	0	0	1
dev227	love their pizza especially the mushroom pizza	dev	0	0	1	0	0	0
dev228	also love their caeser salad	dev	0	0	1	0	0	0
dev229	prefer to order it and pick it up though because do like the servers one young woman in particular	dev	0	0	0	0	0	1
dev230	this place is famous for their breakfast	dev	0	0	1	0	0	0
dev231	many people talk about the great pizza and poor service so it ca just be the rantings of few dissatisfied customers	dev	0	0	1	0	0	1
dev232	it great little place with tons of potential to be neighborhood joint if the service were so impersonal and corporate like	dev	0	0	0	0	1	1
dev233	great breakfast	dev	0	0	1	0	0	0
dev234	the food is great and they make mean bloody mary	dev	0	1	1	0	0	0
dev235	love breakfast here	dev	0	0	1	0	0	0
dev236	their crab eggs benedict is addicting	dev	0	0	1	0	0	0
dev237	all their menu items are hit and they serve mimosas	dev	0	1	1	0	0	0
dev238	best chinese food have tasted in long time	dev	0	0	1	0	0	0
dev239	the ambiance of the restaurant was nice and good for fine dinning	dev	1	0	0	0	0	0
dev240	the staff was very nice and courteous and obviously chinese	dev	0	0	0	0	0	1
dev241	so about the prawns they were fresh and had slight crispiness about the batter soooo good the walnuts were cut in smaller pieces and very crunchy and tasty	dev	0	0	1	0	0	0
dev242	best honey walnyt prawns that we have every tasted	dev	0	0	1	0	0	0
dev243	the brocollis were so fresh and tasty	dev	0	0	1	0	0	0
dev244	would normally not finish the brocolli when order these kinds of food but for the first time every piece was as eventful as the first one the scallops and prawns was so fresh and nicely cooked	dev	0	0	1	0	0	0
dev245	chintzy portions	dev	0	0	1	0	0	0
dev246	the sushi here is perfectly good but for piece either the slices of fish should be larger or there should be no pretense that this is moderately priced restaurant even for nyc	dev	0	0	1	0	1	0
dev247	terrible service food ok pricey	dev	0	0	1	0	1	1
dev248	food wise its ok but bit pricey for what you get considering the restaurant is fancy place	dev	1	0	1	0	0	0
dev249	if needed to name some they would include the location to the beach or golden gate park	dev	0	0	0	1	0	0
dev250	another plus is the open feel of the restaurant with glass walls on all sides	dev	1	0	0	0	0	0
dev251	amazing spanish mackeral special appetizer and perfect box sushi that eel with avodcao um um um	dev	0	0	1	0	0	0
dev252	as usual the omikase did disappoint in freshness although it scored low on creativity and selection	dev	0	0	1	0	0	0
dev253	their specialty rolls are impressive though ca remember what we had	dev	0	0	1	0	0	0
dev254	green tea creme brulee gets better each time have it	dev	0	0	1	0	0	0
dev255	great selection of sakes	dev	0	1	0	0	0	0
dev256	it is the cheapest sushi but has been worth it every time	dev	0	0	1	0	0	0
dev257	very poor customer service	dev	0	0	0	0	0	1
dev258	schooner or later charming location along the marina in long beach and average food does not unfortunately compensate for its very poor customer service	dev	0	0	1	1	0	1
dev259	while this diner had reasonably good food the restaurant staff seemed completely indifferent to our presence and this attitude was reflected in the lack of service	dev	0	0	1	0	0	1
dev260	the fish was fresh though it was cut very thin	dev	0	0	1	0	0	0
dev262	good sake selection	dev	0	1	0	0	0	0
dev263	dungeness crabs here	dev	0	0	1	0	0	0
dev264	ray is the place to go for high quality seafood dinners	dev	0	0	1	0	0	0
dev265	love dungeness crabs and at ray you can get them served in about different ways	dev	0	0	1	0	0	0
dev266	we shared the family platter and especially enjoyed the black cod in sake kasu	dev	0	0	1	0	0	0
dev267	ended the meal with the unusual dessert of port and chocolate tasting yummy	dev	0	0	1	0	0	0
dev268	and the service was simply spendid quite delight	dev	0	0	0	0	0	1
dev269	great drinks corn beef hash coffee fast burritos gluten free menu	dev	0	1	1	0	0	0
dev270	the service is fantastic at this fun place	dev	0	0	0	0	1	1
dev271	if there is line very day of the week for the entire time place is open you know it is great	dev	0	0	0	0	1	0
dev272	best neighborhood standby	dev	0	0	0	0	1	0
dev273	in grammercy union square east village this is my neighbors and my favorite spot	dev	0	0	0	0	1	0
dev274	the music is great no night better or worse the bar tenders are generous with the pouring and the lighthearted atmosphere will lifts you spirits	dev	1	1	0	0	0	0
dev275	oh and the cheese fries are awesome	dev	0	0	1	0	0	0
dev276	good food great service average prices for the strip	dev	0	0	1	0	1	1
dev277	when walked in was taken aback by their incredible wood decor	dev	1	0	0	0	0	0
dev278	the music playing was very hip something pop music but the subwoofer to the sound system was located under my seat which became annoying midway through dinner	dev	1	0	0	0	0	0
dev279	got the shellfish and shrimp appetizer and it was alright	dev	0	0	1	0	0	0
dev280	it was the freshest seafood ever but the taste and presentation was ok	dev	0	0	1	0	0	0
dev281	picked the asparagus which turned out to be incredible and perfectly prepared	dev	0	0	1	0	0	0
dev282	the oz steak came next and it tasted great at least initially	dev	0	0	1	0	0	0
dev283	the steak was done to my exact liking medium rare and was nice and juicy	dev	0	0	1	0	0	0
dev284	it served with either peppercorn sauce or red wine reduction though both were in taste	dev	0	0	1	0	0	0
dev285	though one thing realized later on was that the restaurant either used msg or meat tenderizer on the steak	dev	0	0	1	0	0	0
dev286	the desert was the perfect ending to an almost perfect dinner	dev	0	0	1	0	0	0
dev287	overall would go back and eat at the restaurant again	dev	0	0	0	0	1	0
dev288	but the servers were extremely attentive and very friendly	dev	0	0	0	0	0	1
dev289	good sake good food honestly do know much about japanese food at all	dev	0	1	1	0	0	0
dev290	server made several sake suggestions which were very good	dev	0	1	0	0	0	1
dev291	had many dishes but the best was the lobster ways	dev	0	0	1	0	0	0
dev292	the waiter was bit unfriendly and the feel of the restaurant was crowded	dev	1	0	0	0	0	1
dev293	also there was only one bathroom stall probably need more for such big crowds	dev	0	0	0	0	1	0
dev294	most importantly we were so excited about the food after seeing the very creative menu	dev	0	0	1	0	0	0
dev295	at best the food was good and definately overpriced	dev	0	0	1	0	0	0
dev296	for the amount of food we got the prices should have been lower	dev	0	0	1	0	0	0
dev297	my favortie pizza joint in seattle	dev	0	0	0	0	1	0
dev298	this is my must bring out of town guests to restaurant and they always enjoy and rave about it	dev	0	0	0	0	1	0
dev299	the pizza is delicious and the salads are fantastic	dev	0	0	1	0	0	0
dev300	ve always found the wait staff and if you sit at the bar the cooks very friendly	dev	0	0	0	0	0	1
dev301	also really enjoy the simplicity of the decor and intimate feeling of small restaurant	dev	1	0	0	0	0	0
dev302	my husband and love eating at mioposto cafe	dev	0	0	0	0	1	0
dev303	we re ca say enough about their delicious gourmet pizza	dev	0	0	1	0	0	0
dev304	you won be disappointed by their menu	dev	0	0	1	0	0	0
dev305	the pizza are thin crust and the menu offers very creative combinations and toppings	dev	0	0	1	0	0	0
dev306	try the pizza ensalata	dev	0	0	1	0	0	0
dev307	the pizza are not huge and the crust is thin keep that in mind when you re ordering	dev	0	0	1	0	0	0
dev308	the food is sinful	dev	0	0	1	0	0	0
dev309	the staff was really friendly	dev	0	0	0	0	0	1
dev310	the atmosphere was great	dev	1	0	0	0	0	0
dev311	the specialty here is decadent pancakes but ve been back now four times and ve been wowed every time	dev	0	0	1	0	0	0
dev312	nothing on the menu is less than amazing	dev	0	0	1	0	0	0
dev313	good eats	dev	0	0	1	0	0	0
dev314	have been to this place folks and it is bad	dev	0	0	0	0	1	0
dev315	maybe it is good for that one night once in blue moon when the chefs decide to use fish that half way decent	dev	0	0	1	0	0	0
dev316	have been here spent tons of money on chef special dinner and it was major dissappointment	dev	0	0	1	0	0	0
dev317	the atmosphere is great for any special occasion you might want to celebrate	dev	1	0	0	0	0	0
dev318	the best dish are the honwy walnut prawns just outstanding	dev	0	0	1	0	0	0
dev319	fancy pieces of exotic fish on dollar plate and not one was eatable	dev	0	0	1	0	0	0
dev320	the service is really attentive and charming	dev	0	0	0	0	0	1
dev321	the service was excellent the coffee was good even by starbucks standards and the food was outstanding	dev	0	1	1	0	0	1
dev322	recently had the pleasure of dining as this delightful restaurant on nd street and wow what great evening we had	dev	0	0	0	0	1	0
dev323	the food is fantastic authentic delicious and very very affordable	dev	0	0	1	0	0	0
dev324	the decor was beautiful and unique	dev	1	0	0	0	0	0
dev325	there was really nice vibe about the place good music atmosphere and happy looking people	dev	1	0	0	0	1	0
dev326	our server was very professional and friendly	dev	0	0	0	0	0	1
dev327	to the owners of open sesame bravo ca wait to come back to dine at your restaurant	dev	0	0	0	0	1	0
dev328	it tiny place so if you get there before pm on weekend thurs sun you will find it easier to get table or seat at the sushi bar	dev	0	0	0	0	1	0
dev329	everything and mean everything on the menu is delectable	dev	0	0	1	0	0	0
dev330	the waiters are very experienced and helpful with pairing your drink choice to your food tastes or vice versa	dev	0	0	0	0	0	1
dev331	the sushi is as fresh as it comes you think ocean was in their backyard no joke	dev	0	0	1	0	0	0
dev332	if you re interested in good tasting without the fish taste or smell large portions and creative sushi dishes this is your place	dev	0	0	1	0	0	0
dev333	big thick pepperoni	dev	0	0	1	0	0	0
dev334	the pepperoni cut real thick yum	dev	0	0	1	0	0	0
dev335	the pizza itself is not exactly the best ve had ever but still pretty good	dev	0	0	1	0	0	0
dev336	food was good and appetizing	dev	0	0	1	0	0	0
dev337	portions was just enough for me but may not be for big eater	dev	0	0	1	0	0	0
dev338	fair menu selection	dev	0	0	1	0	0	0
dev339	the appetizer was interesting but the creme brulee was very savory and delicious	dev	0	0	1	0	0	0
dev340	indoor ambience was modern	dev	1	0	0	0	0	0
dev341	if it nice outside request for table in the balcony	dev	1	0	0	0	0	0
dev342	it great place to people watch	dev	0	0	0	0	1	0
dev343	late night dinning with exeptional food	dev	0	0	1	0	0	0
dev344	we were seated right away the table was private and nice	dev	1	0	0	0	0	1
dev345	the service was exceptional sometime there was feeling that we were served by the army of friendly waiters	dev	0	0	0	0	0	1
dev346	the food was very good filet mignon was probably the best ve ever try	dev	0	0	1	0	0	0
dev347	the portions are big though so do not order too much	dev	0	0	1	0	0	0
dev348	groovy music made the dinner casual	dev	1	0	0	0	0	0
dev349	have but here there was bathroom attendant in the restroom which was odd	dev	0	0	0	0	1	0
dev350	the bathroom itself is very small with two toilets and only one sink the girl was staying totally on the way hanging out paper towels from the dispenser	dev	0	0	0	0	1	0
dev351	mercedes restaurant is so tasty the service is undeniably awesome	dev	0	0	1	0	0	1
dev352	the catering is out of this world and raouls chicken vegetable soup rocks my world	dev	0	0	1	0	0	0
dev353	drinks are suberb and feel like am in third world country when walk in the door	dev	1	1	0	0	0	0
dev354	the presentation of snooze is excellent and it is one of those places that you feel more sophisticated just for being there but peel back the layers and you have an overpriced ihop with high brow menu	dev	1	0	1	0	1	0
dev355	to start off approximately oz of orange juice will cost you	dev	0	1	0	0	0	0
dev356	they serve it in tall skinny hour glass shaped glass to disguise the fact that you getting small juice at the price of half gallon in supermarket	dev	0	1	0	0	0	0
dev357	should have just asked for the check when saw that but their menu was so unique that continued	dev	0	0	1	0	0	0
dev358	the pancakes were certainly inventive but for pancakes one of them was more like in the pancake flight sample of different pancakes is well over priced	dev	0	0	1	0	0	0
dev359	the pancakes should be larger at least to justify the expense even with the unique offerings	dev	0	0	1	0	0	0
dev360	on my meal had to send back my eggs for simple request of breaking the yokes before cooking and would have had to send them back again if had rejected the meal all together	dev	0	0	1	0	0	0
dev361	rejected it because in the process of attempting to fix the eggs they broke something else in the dish and was too frustrated to continue	dev	0	0	1	0	0	0
dev362	in the end our check came to for small pancakes breakfast burrito an orange juice and an iced tea had water	dev	0	1	1	0	0	0
dev363	much more than just great view	dev	0	0	0	1	1	0
dev364	am exceedingly pleased to report that my dinner at ray boathouse last friday completely exceeded my expectations	dev	0	0	0	0	1	0
dev365	ray is something of seattle institution but given its gorgeous sound views had suspected that the accolades were more due to the scenery than to the food and service	dev	0	0	0	1	0	0
dev366	imagine my happy surprise upon finding that the views are only the third best thing about ray	dev	0	0	0	1	1	0
dev367	to start things off our lovely server brooke was quickly on hand to take my drink order	dev	0	0	0	0	0	1
dev368	my party of two was feeling particularly ambitious and we splurged on the shilshole sampler beautiful assortment of enormous white gulf prawns smoked albacore tuna ray fantastic manila clams seasoned with dill scallops in tasty soy dressing and tiny pile of dungeness crab atop sublime butter sauce	dev	0	0	1	0	0	0
dev369	for my entr eacute completely enjoyed the seared alaskan sea scallops complemented by chard artichoke hearts fennel and pecorino toscano	dev	0	0	1	0	0	0
dev370	the scallops are apparently cooked in black olive butter which really makes them unique not to mention tasty	dev	0	0	1	0	0	0
dev371	my friend enjoyed the grilled alaskan king salmon with delectable creamed washington russet potatoes and crisp green beans	dev	0	0	1	0	0	0
dev372	had taste of all three items on her plate and they were superb	dev	0	0	1	0	0	0
dev373	our server continued to be attentive throughout the night but did remain puzzled by one issue who thinks that ray is an appropriate place to take young children for dinner	dev	0	0	0	0	1	1
dev374	while could have done without the youth who shared the evening with us our wonderful server and food made the experience very positive one	dev	0	0	1	0	1	1
dev375	oh yeah the view was good too	dev	0	0	0	1	0	0
dev377	do leave the restaurant without it	dev	0	0	1	0	0	0
dev378	no comparison	dev	0	0	0	0	1	0
dev379	ca say enough about this place	dev	0	0	0	0	1	0
dev380	snotty attitude	dev	0	0	0	0	0	1
dev381	we were treated very rudely here one time for breakfast	dev	0	0	0	0	0	1
dev382	we never had to wait more than minutes	dev	0	0	0	0	0	1
dev383	they are not greasy or anything	dev	0	0	1	0	0	0
dev384	overrated	dev	0	0	0	0	1	0
dev385	was highly disappointed in the food at pagoda	dev	0	0	1	0	0	0
dev386	will not go back	dev	0	0	0	0	1	0
dev387	will never return again	dev	0	0	0	0	1	0
dev388	it was absolutely amazing	dev	0	0	0	0	1	0
dev389	amazing	dev	0	0	0	0	1	0
dev390	can not wait to go back again this coming weekend	dev	0	0	0	0	1	0
dev391	mmm good	dev	0	0	0	0	1	0
dev392	we re going back	dev	0	0	0	0	1	0
dev393	finally meal that you will remember for long time	dev	0	0	1	0	0	0
dev394	very disappointing	dev	0	0	0	0	1	0
dev395	took my parents here for their anniversary very very disappointed	dev	0	0	0	0	1	0
dev396	nothing really came across as outstanding	dev	0	0	1	0	0	0
dev397	very disappointed	dev	0	0	0	0	1	0
dev398	we were then charged for their most expensive sake per serving when we in fact drank sake of less than half that price	dev	0	0	0	0	0	1
dev399	you are bound to have very charming time	dev	0	0	0	0	1	0
dev400	not recommanded	dev	0	0	0	0	1	0
dev401	it is not worth going at all and spend your money there	dev	0	0	0	0	1	0
dev402	pretty cheap for sit down mexican and downtown	dev	0	0	0	1	1	0
dev403	if you re in the area you should be disappointed	dev	0	0	0	0	1	0
dev404	ok maybe went in on someone bad day	dev	0	0	0	0	1	0
dev405	took forever to get our order taken water refills were too much to ask for and the only time she was fast was when we asked for our bill when we could get her attention	dev	0	0	0	0	0	1
dev406	do know if ll be back	dev	0	0	0	0	1	0
dev407	everything you want and more very fresh	dev	0	0	1	0	0	0
dev408	its worth the wait especially since they ll give you call when the table is ready	dev	0	0	0	0	1	1
dev409	went there with some friends one night to play bingo and watch the sox game and it was blast	dev	0	0	0	0	1	0
dev410	every time sixtynine is called the bartender buys everyone drinks	dev	0	0	0	0	0	1
dev411	been there lots since and its always good time	dev	0	0	0	0	1	0
dev412	found new home on second avenue	dev	0	0	0	0	1	0
dev413	just go there and see for yourself	dev	0	0	0	0	1	0
dev414	you need to watch your game they will have it on for you	dev	0	0	0	0	0	1
dev415	kudos to these guys	dev	0	0	0	0	1	0
dev416	found new home and just moved with long lease	dev	0	0	0	0	1	0
dev417	unless you are just stopping in for few drinks would recommend going here	dev	0	1	0	0	1	0
dev418	you are likely to be disappointed	dev	0	0	0	0	1	0
dev419	it was romantic and even nice even with my sister reminded me of italy and had artwork and music that kept up the feeling of being in mediterrean villa	dev	1	0	0	0	0	0
dev420	recommend it for night when you want to splurge it was bit expensive	dev	0	0	0	0	1	0
dev421	the best thing is the prices are also quite reasonable	dev	0	0	0	0	1	0
dev422	hidden little jem	dev	0	0	0	0	1	0
dev423	tucked away over by the beverly center	dev	0	0	0	1	0	0
dev424	you routinely see indian families and friends dining there which is always good sign	dev	0	0	0	0	1	0
dev425	normally places ask how hot you want it but they did	dev	0	0	0	0	0	1
dev426	should have thought to bring it up but never expected the food to be that mild	dev	0	0	1	0	0	0
dev427	and they packaged everything nicely so it did spill	dev	0	0	0	0	0	1
dev428	awesome find	dev	0	0	0	0	1	0
dev429	you can order to go if you have to get back to the office too	dev	0	0	0	0	0	1
dev430	lebanese food yum	dev	0	0	1	0	0	0
dev431	ve been to open sesame only once but still reeling from the experience	dev	0	0	0	0	1	0
dev432	what tastly flaky treat	dev	0	0	1	0	0	0
dev433	there have been several occasions when we ve just not gotten some side dishes we ve ordered	dev	0	0	0	0	0	1
dev434	we waited over minutes for our drinks and over hours for our food	dev	0	0	0	0	0	1
dev435	however one sunday afternoon my husband and did go although with my loud protests and were pleasantly surprised	dev	0	0	0	0	1	0
dev436	it was like dining at completely different restaurant	dev	0	0	0	0	1	0
dev437	we have since returned and also had great experience sampling more small plates and variety of the beer cold and good	dev	0	1	0	0	1	0
dev438	we did have the same waiter the second time so maybe the service is spotty and our luck is good	dev	0	0	0	0	0	1
dev439	sunday afternoons there is band playing and it is lots of fun	dev	1	0	0	0	0	0
dev440	nice job	dev	0	0	0	0	1	0
dev441	this is sad for what once was one of the best places you could ever eat	dev	0	0	0	0	1	0
dev442	hope one day scooner or later returns to what it once was	dev	0	0	0	0	1	0
dev443	untill this happens my advice is to stay away	dev	0	0	0	0	1	0
dev444	old reliable	dev	0	0	0	0	1	0
dev445	after years in seattle ray rates as the place we always go back to	dev	0	0	0	0	1	0
dev446	liked it	dev	0	0	0	0	1	0
dev447	it was so much though that could barely finish but did since it was delicious	dev	0	0	1	0	0	0
dev448	wow	dev	0	0	0	0	1	0
dev449	it cant get any better	dev	0	0	0	0	1	0
dev450	absolutely fabulous	dev	0	0	0	0	1	0
dev451	two thumbs up	dev	0	0	1	0	0	0
dev452	this is right up there with places in tokyo as far as the freshness is concerned	dev	0	0	1	0	0	0
dev453	splendid	dev	0	0	0	0	1	0
dev454	perfect on cold day	dev	0	0	1	0	0	0
dev455	with tip	dev	0	0	0	0	1	0
dev456	perfection	dev	0	0	0	0	1	0
dev457	on weekends you might have to wait for couple hours	dev	0	0	0	0	0	1
dev458	however they do take your cellphone numbers so that you can go hang out somewhere else till they call you up on your cellphone	dev	0	0	0	0	0	1
dev459	that huge compliment especially in the fickled restaurant business enough already	dev	0	0	0	0	1	0
dev460	guarantee you wo be disappointed there also valet parking	dev	0	0	0	0	1	0
dev461	cozy spot for	dev	1	0	0	0	0	0
dev462	ca believe murphy has been around for over years amazing	dev	0	0	0	0	1	0
dev463	addicting	dev	0	0	0	0	1	0
dev464	went there with friend from out of town and we were both very impressed	dev	0	0	0	0	1	0
dev465	the price was right too	dev	0	0	0	0	1	0
dev466	go back there in heartbeat	dev	0	0	0	0	1	0
dev467	well guess it hard to be seated when one is invisible to the staff	dev	0	0	0	0	0	1
dev468	once seated it took about minutes to finally get the meal	dev	0	0	0	0	0	1
dev469	the prior reviews said kid friendly give me break with two young children that is light years	dev	0	0	0	0	1	0
dev470	it was decent but nothing exceptional	dev	0	0	1	0	0	0
dev471	the place is the next best thing to my moms cooking	dev	0	0	1	0	0	0
dev472	way over rated	dev	0	0	0	0	1	0
dev473		dev	0	0	0	0	1	0
dev474	cut to the chase this is amazing	dev	0	0	0	0	1	0
dev475	it unpretentious and underground	dev	1	0	0	0	0	0
dev476	it fresh welcoming delicious and relaxing	dev	1	0	1	0	0	0
dev477	went here on recommendation and will surely return time and time again	dev	0	0	0	0	1	0
dev478	what find	dev	0	0	0	0	1	0
dev479	well worth it	dev	0	0	0	0	1	0
dev480	good for late night dining last minute planning without reservations	dev	0	0	0	0	1	0
dev481	love it every time	dev	0	0	0	0	1	0
dev482	never had one single problem there	dev	0	0	0	0	1	0
dev483	seafood plus	dev	0	0	1	0	0	0
dev484	this was great dining experience	dev	0	0	0	0	1	0
dev485	if you re going to see danny gans or just staying at the mirage do miss this one	dev	0	0	0	0	1	0
dev486	completely over rated	dev	0	0	0	0	1	0
dev487	even then the order was not correct and we were still waiting for couple items	dev	0	0	0	0	0	1
dev488	we had very hard time getting the waitress attention and finally had to get up and go inside to speak to manager	dev	0	0	0	0	0	1
dev489	as it turns out the owner was seated right next to us and when he came over to check on our problems was very dismissive and offered token discount on our bill	dev	0	0	0	0	0	1
dev490	when the bill came he only took the discount off the food and not the drinks	dev	0	0	0	0	0	1
dev491	it was clear he didn really care	dev	0	0	0	0	0	1
dev492	save yourself the waste of time do not visit	dev	0	0	0	0	1	0
dev493	after sitting there with my empty glass for over minutes left	dev	0	0	0	0	0	1
dev494	went home looked them up online again where discovered there is link for give away that does work so emailed the restaurant about the non existent service deceptive link	dev	0	0	0	0	1	0
dev495	never heard back from anyone more than month ago	dev	0	0	0	0	1	0
dev496	after sitting at the bar for over minutes the bar keep had made only drinks kept telling us she be right with us	dev	0	0	0	0	0	1
dev497	as of writing this just tried their give away link again it still does work	dev	0	0	0	0	1	0
dev498	always winner	dev	0	0	0	0	1	0
dev499	she does make you feel welcome and treats you like an annoyance	dev	0	0	0	0	0	1
dev500	but she is very friendly with certain people making it even more annoying	dev	0	0	0	0	0	1
dev501	management should really take notice and train their waitstaff and teach them some proper manners	dev	0	0	0	0	0	1
dev502	they have been featured on the food network and they deserve it	dev	0	0	0	0	1	0
dev503	does get any better than that	dev	0	0	0	0	1	0
dev504	you can easily hear him though so it was pleasant sound and not overbearing	dev	1	0	0	0	0	0
dev505	not too fine thought that you feel uncomfortable and have to dress up	dev	1	0	0	0	0	0
dev506	first off the food came fast and all together like that hate the pretentiousness of things coming in one after the other	dev	0	0	0	0	0	1
dev507	yummy	dev	0	0	1	0	0	0
dev508	not chewy at all	dev	0	0	1	0	0	0
dev509	for desert we had the mango ginger creme brulee oh la la yummy	dev	0	0	1	0	0	0
dev510	melt in your mouth	dev	0	0	1	0	0	0
dev511	we are for sure coming back to this restaurant	dev	0	0	0	0	1	0
dev512	it is sad there is not many people who frequent eating at places like these that look pricey because they are at the hotel but they are definitely one you dont want to miss esp if your in downtown san jose	dev	0	0	0	0	1	0
dev513	we easily spent more than per person not including alcohol and were still hungry	dev	0	0	1	0	1	0
dev514	astonished that this restaurant is categorized as rather than	dev	0	0	0	0	1	0
dev515	we put out name down and although there were open tables we were told that it be minute wait	dev	0	0	0	0	0	1
dev516	we went back to the restaurant and low and behold we were seated at one of the tables that was available minutes ago	dev	0	0	0	0	0	1
dev517	none that can think of	dev	0	0	0	0	1	0
dev518	we put in our order and although we ordered appetizers the food did arrive until minutes later with our main course	dev	0	0	0	0	0	1
dev519	um so now what are appetizers for	dev	0	0	0	0	0	1
dev520	oh forgot to mention that they do have bread service	dev	0	0	0	0	0	1
dev521	my wife also ordered teapot of hot water she had sore throat and guess that since it was only water it was priority for them to actually bring it	dev	0	0	0	0	0	1
dev522	in other words if they are making off of you then you do rate high on their service scale	dev	0	0	0	0	0	1
dev523	its great if you spent the day there and did want to drive to eat	dev	0	0	0	1	0	0
dev524	parking is reasonably good they have their own lot and you can park in the park nearby	dev	0	0	0	0	1	0
dev525	always good	dev	0	0	0	0	1	0
dev526	pm on sat before broadway play and we were quickly seated and served	dev	0	0	0	0	0	1
dev527	as part of small party of four our food was dropped off without comment	dev	0	0	0	0	0	1
dev528	any further needs we may have had could not have been met since no one stopped by the table	dev	0	0	0	0	0	1
dev529	when we finally were able to flag someone down it was someone entirely different from the person who had dropped off the food who was also not the same person who had taken our order	dev	0	0	0	0	0	1
dev530	brief conversation with the manager at the end of the meal was the greatest disappointment to say we had been blown off would be an understatement	dev	0	0	0	0	0	1
dev531	the manager continually interrupted with is there anything else can do for you strange comment because she had hardly listened let alone responded to our expression of disappointment at our experience	dev	0	0	0	0	0	1
dev532	she promised to speak to the waitress who had flown off in rage but we could hardly take her promise seriously seeing as she had bothered to get the waitresses name	dev	0	0	0	0	0	1
dev533	in short schooner or later could have cared less about our being at their establishment	dev	0	0	0	0	0	1
dev534	you are with hot date and he she has an urge for sushi then this might be the place	dev	0	0	1	0	0	0
dev535	and they give good quantity for the price	dev	0	0	1	0	0	0
dev536	we were only in seattle for one night and so glad we picked rays for dinner	dev	0	0	0	0	1	0
dev537	this is the case at this gem	dev	0	0	0	0	1	0
dev538	you ca go wrong here	dev	0	0	0	0	1	0
dev539	seriously you ca go wrong if it is unpretentious local fun you seek	dev	1	0	0	0	0	0
dev540	my mouth felt very dry afterwards and had that signature msg taste lingering in my throat after left the restaurant	dev	0	0	1	0	0	0
dev541	they came in their own nifty take out box and with some homemade frosting very light and not too sweet	dev	0	0	1	0	0	0
dev542	the dinner only took us about an hour and the prices were alright for the strip almost pp after tax and tip about average	dev	0	0	0	0	1	1
dev543	just remember to dress little urban chic so you don look too far out of place	dev	0	0	0	0	1	0
dev544	very good	dev	0	0	0	0	1	0
dev545	overpriced	dev	0	0	0	0	1	0
dev546	waited minutes for table for which was ok for such big crowd	dev	0	0	0	0	0	1
dev547	not sure if would go back	dev	0	0	0	0	1	0
dev548	in fact many want to return second time during their visit	dev	0	0	0	0	1	0
dev549	they are the most talkative but everytime ve been there they have been very busy which probably accounts for the lack of conversation	dev	0	0	0	0	0	1
dev550	it just the right size for the menu	dev	0	0	0	0	1	0
dev551	excellent	dev	0	0	0	0	1	0
dev552	you never feel icky and stuffed after you eat there	dev	0	0	1	0	0	0
dev553	the pizza are light and scrumptious	dev	0	0	1	0	0	0
dev554	worth the wait	dev	0	0	0	0	1	0
dev555	had to wait thirty minutes to get in the door on tuesday morning but it was so worth it	dev	0	0	0	0	1	0
dev556	go with some friends wait the half hour or so with cup of joe and enjoy more than your average breakfast	dev	0	0	1	0	1	0
dev557	do know why anyone would want to write great review about this place	dev	0	0	0	0	1	0
dev558	donot go	dev	0	0	0	0	1	0
dev559	delicious	dev	0	0	1	0	0	0
dev560	we waited for an hour to be seated	dev	0	0	0	0	0	1
dev561	it was worth the wait	dev	0	0	0	0	1	0
dev562	plan on waiting minutes	dev	0	0	0	0	0	1
dev563	will definitely be back	dev	0	0	0	0	1	0
dev565	delectable	dev	0	0	1	0	0	0
dev566	once you re inside the real experience begins	dev	0	0	0	0	1	0
dev567	probably would go back though cuz do know if it worth it	dev	0	0	0	0	1	0
dev568	maybe ll go back once more many years from now when ve forgotten went there already	dev	0	0	0	0	1	0
dev569	sit in the balcony	dev	1	0	0	0	0	0
dev570	not bad	dev	0	0	0	0	1	0
dev571	although the service could be improved considering the money you put in	dev	0	0	0	0	1	1
dev572	our drinks kept coming but our server came by couple times	dev	0	0	0	0	0	1
dev573	should check up on us more frequently do you think	dev	0	0	0	0	0	1
dev574	the most pleasant surprise was the check that did not exceed my expectations as it always happens in most of the places	dev	0	0	0	0	1	0
dev575	felt ackward and next time went to the casino bathroom	dev	0	0	0	0	1	0
dev576	this place rocks	dev	0	0	0	0	1	0
dev577	the chips and salsa are so yummy and the prices are fabulous	dev	0	0	1	0	1	0
dev578	the atmosphere is aspiring and the decor is festive and amazing	dev	1	0	0	0	0	0
dev579	insultingly overpriced	dev	0	0	0	0	1	0
dev580	mediocre service quality	dev	0	0	0	0	0	1
dev581	to their credit they removed the dish from the check but no manager stopped by to ask what the problem was	dev	0	0	0	0	0	1
dev582	two rascally kids were seated near us for the first part of our dinner they were replaced by delightful preteen who pretended to gag every time seafood was mentioned at her table	dev	0	0	0	0	1	0
dev583	all considered have to say that ray boathouse is deserving of its title as seattle institution	dev	0	0	0	0	1	0
test1	judging from previous posts this used to be good place but not any longer	test	0	0	0	0	1	0
test2	we there were four of us arrived at noon the place was empty and the staff acted like we were imposing on them and they were very rude	test	0	0	0	0	0	1
test3	they never brought us complimentary noodles ignored repeated requests for sugar and threw our dishes on the table	test	0	0	0	0	0	1
test4	the food was lousy too sweet or too salty and the portions tiny	test	0	0	1	0	0	0
test5	after all that they complained to me about the small tip	test	0	0	0	0	0	1
test6	avoid this place	test	0	0	0	0	1	0
test7	have eaten at saul many times the food is always consistently outrageously good	test	0	0	1	0	0	0
test8	saul is the best restaurant on smith street and in brooklyn	test	0	0	0	0	1	0
test9	the duck confit is always amazing and the foie gras terrine with figs was out of this world	test	0	0	1	0	0	0
test10	the wine list is interesting and has many good values	test	0	1	0	0	0	0
test11	for the price you can not eat this well in manhattan	test	0	0	1	0	1	0
test12	was very disappointed with this restaurant	test	0	0	0	0	1	0
test13	ive asked cart attendant for lotus leaf wrapped rice and she replied back rice and just walked away	test	0	0	0	0	0	1
test14	had to ask her three times before she finally came back with the dish ive requested	test	0	0	0	0	0	1
test15	food was okay nothing great	test	0	0	1	0	0	0
test16	chow fun was dry pork shu mai was more than usually greasy and had to share table with loud and rude family	test	1	0	1	0	0	0
test17	we will never go back to this place again	test	0	0	0	0	1	0
test18	went on day oyster binge with fish bringing up the closing and am so glad this was the place it trip ended because it was so great	test	0	0	0	0	1	0
test19	service was devine oysters where sensual as they come and the price ca be beat	test	0	0	1	0	1	1
test21	every time in new york make it point to visit restaurant saul on smith street	test	0	0	0	0	1	0
test22	everything is always cooked to perfection the service is excellent the decor cool and understated	test	1	0	1	0	0	1
test23	had the duck breast special on my last visit and it was incredible	test	0	0	1	0	0	0
test24	and hate to say this but doubt ll ever go back	test	0	0	0	0	1	0
test25	the food is very average the thai fusion stuff is bit too sweet every thing they serve is too sweet here	test	0	0	1	0	0	0
test26	the only thing moderately enjoyed was their grilled chicken special with edamame puree	test	0	0	1	0	0	0
test27	had never had edamame pureed before but thought it was innovative and tasty could ve used bit more salt	test	0	0	1	0	0	0
test28	the decor is night tho but they really need to clean that vent in the ceiling its quite un appetizing and kills your effort to make this place look sleek and modern	test	1	0	0	0	0	0
test29	we went around on friday and it had died down bit by then so the service was great	test	0	0	0	0	0	1
test30	the perfect spot	test	0	0	0	0	1	0
test31	food awesome	test	0	0	1	0	0	0
test32	service friendly and attentive	test	0	0	0	0	0	1
test33	ambiance relaxed and stylish	test	1	0	0	0	0	0
test34	do judge this place prima facie you have to try it to believe it home away from home for the literate heart	test	0	0	0	0	1	0
test35	the food is decent	test	0	0	1	0	0	0
test36	however it the service that leaves bad taste in my mouth	test	0	0	0	0	0	1
test37	happen to have policy that goes along with little bit of self respect which includes not letting waiter intimidate me make me feel bad asking for trivialities like water or the check	test	0	0	0	0	0	1
test38	know you were too busy showing off your vintage tee shirt and looking bored but my agenda is here to eat and enjoy the company of friends seeking pleasant experience	test	0	0	0	0	0	1
test39	well did find it there and trust have told everyone can think of about my experience	test	0	0	0	0	1	0
test40	the last time walked by it looked pretty empty hmmm	test	0	0	0	0	1	0
test41	had great experience	test	0	0	0	0	1	0
test42	food is great	test	0	0	1	0	0	0
test43	service is top notch	test	0	0	0	0	0	1
test44	have been going back again and again	test	0	0	0	0	1	0
test45	it melted in my little mouth and the perfect consistency not too fishy creamy and slightly buttery	test	0	0	1	0	0	0
test46	the sushi seemed pretty fresh and was adequately proportioned	test	0	0	1	0	0	0
test47	the rice to fish ration was also good they did try to overpack the rice	test	0	0	1	0	0	0
test48	we took advanatage of the half price sushi deal on saturday so it was well worth it	test	0	0	1	0	0	0
test49	surprisingly nothing could be further from the truth	test	0	0	0	0	1	0
test50	in the evening this place attracted well dressed with it ny crowd	test	0	0	0	0	1	0
test51	the food was well prepared and the service impecable	test	0	0	1	0	0	1
test52	going back	test	0	0	0	0	1	0
test53	quite simply it like stepping out of manhattan and into haven of tranquility	test	1	0	0	0	0	0
test54	will be going back and heartily recommend it	test	0	0	0	0	1	0
test55	it is terrific as is the value	test	0	0	1	0	0	0
test56	and there is much tasty food all of it fresh and continually refilled	test	0	0	1	0	0	0
test57	am not vegetarian but almost all the dishes were great	test	0	0	1	0	0	0
test58	go hungry and enjoy	test	0	0	0	0	1	0
test59	like the somosas chai and the chole but the dhosas and dhal were kinda disappointing	test	0	0	1	0	0	0
test60	the service varys from day to day sometimes they re very nice and sometimes not	test	0	0	0	0	0	1
test61	the kitchen however is almost always slow	test	0	0	0	0	0	1
test62	if you ve ever been along the river in weehawken you have an idea of the top of view the chart house has to offer	test	0	0	0	1	0	0
test63	add to that great service and great food at reasonable price and you have yourself the beginning of great evening	test	0	0	1	0	0	1
test64	the lava cake dessert was incredible and recommend it	test	0	0	1	0	0	0
test65	once you step into cosette you re miraculously in small off the beaten path parisian bistro	test	1	0	0	0	0	0
test66	this tiny restaurant is as cozy as it gets with that certain parisian flair	test	1	0	0	0	0	0
test67	the food was average to above average the french onion soup filling yet not overly impressive and the desserts not brilliant in any way	test	0	0	1	0	0	0
test68	however go for the ambience and consider the food just companion for trip across the world	test	1	0	1	0	0	0
test69	the pizza was delivered cold and the cheese was even fully melted	test	0	0	1	0	0	0
test70	it looked like shredded cheese partly done still in strips	test	0	0	1	0	0	0
test71	this has got to be one of the most overrated restaurants in brooklyn	test	0	0	0	0	1	0
test72	the pizza is overpriced and soggy	test	0	0	1	0	0	0
test73	yes they use fancy ingredients but even fancy ingredients do make for good pizza unless someone knows how to get the crust right	test	0	0	1	0	0	0
test74	big disappointment all around	test	0	0	0	0	1	0
test75	think ve had some the best meals of my life at minnow	test	0	0	1	0	0	0
test76	the seafood is amazing there good wine list and the ever changing menu always offers some great surprises	test	0	1	1	0	0	0
test77	the combination of super fresh ingredients in the dishes are unusual but really delicious	test	0	0	1	0	0	0
test78	worth the trip from manhattan	test	0	0	0	0	1	0
test79	best pastrami ever had and great portion without being ridiculous	test	0	0	1	0	0	0
test80	my wife had the fried shrimp which are huge and loved it	test	0	0	1	0	0	0
test81	as japanese native ve lived in the tristate area for over years but was just so amazed at this place	test	0	0	0	0	1	0
test82	this place is the most japanese it can ever get	test	0	0	0	0	1	0
test83	the signs the specials menus food and even all the waitstaff are all totally japanese	test	0	0	1	0	1	1
test84	this place is worth an one hour drive	test	0	0	0	0	1	0
test85	am so coming back here again as much as can	test	0	0	0	0	1	0
test86	leon is an east village gem casual but hip with well prepared basic french bistro fare good specials warm and lively atmosphere	test	1	0	1	0	1	0
test87	my wife and always enjoy the young not always well trained but nevertheless friendly staff all of whom have story	test	0	0	0	0	0	1
test88	decent wine at reasonable prices	test	0	1	0	0	0	0
test89	our teenage kids love it too	test	0	0	0	0	1	0
test90	everytime decide to try another place on the ues get angry that did just go to zucchero pomodori	test	0	0	0	0	1	0
test91	this is by far my favorite place in the neighborhood	test	0	0	0	0	1	0
test92	the service is excellent the decor is great and the food is delicious and comes in large portions	test	1	0	1	0	0	1
test93	partial to the gnocchi	test	0	0	0	0	1	0
test94	this place is incredibly tiny	test	1	0	0	0	0	0
test95	they refuse to seat parties of or more on weekends	test	0	0	0	0	0	1
test96	the hostess is rude to the point of being offensive	test	0	0	0	0	0	1
test97	the food was bland oily	test	0	0	1	0	0	0
test98	just do understand all the hype	test	0	0	0	0	1	0
test99	we have been to this place many times and always have great food wine and service	test	0	1	1	0	0	1
test100	we were worried we would have trouble getting in but somehow managed to have short wait	test	0	0	0	0	0	1
test101	as always we had great glass of wine while we waited	test	0	1	0	0	0	0
test102	when we sat we got great and fast service	test	0	0	0	0	0	1
test103	the people that work there are always so friendly you forget you are in new york sometimes	test	0	0	0	0	0	1
test104	this is fun restaurant to go to	test	0	0	0	0	1	0
test105	the pizza is yummy and like the atmoshpere	test	1	0	1	0	0	0
test106	but the pizza is way to expensive	test	0	0	1	0	0	0
test107	large is and toppings are about each	test	0	0	1	0	0	0
test108	went there for lunch and it was not as good as expected from the reviews read	test	0	0	1	0	0	0
test109	sauce was watery and the food did have much flavor	test	0	0	1	0	0	0
test110	do think would go again	test	0	0	0	0	1	0
test111	this place is great	test	0	0	0	0	1	0
test112	the waitress was very patient with us and the food is phenomenal	test	0	0	1	0	0	1
test113	service was prompt friendly and great	test	0	0	0	0	0	1
test114	slightly on the pricey side but worth it	test	0	0	0	0	1	0
test115	great pizza and fantastic service	test	0	0	1	0	0	1
test116	there was small wait but shorter than expected	test	0	0	0	0	0	1
test117	located at the end of magnificent block	test	0	0	0	1	0	0
test118	very cozy and warm inside	test	1	0	0	0	0	0
test119	will be back	test	0	0	0	0	1	0
test120	this is the best sushi in new york city hands down	test	0	0	1	0	0	0
test121	the place is small and cramped but the food is fantastic	test	1	0	1	0	0	0
test122	planet thailand has always been hit with me go there usually for the sushi which is great the thai food is excellent too	test	0	0	1	0	1	0
test123	with the great variety on the menu eat here often and never get bored	test	0	0	1	0	0	0
test124	the atmosphere is the greatest but suppose that how they keep the prices down	test	1	0	0	0	1	0
test125	it all about the food	test	0	0	1	0	0	0
test126	first it took us long time to find the place	test	0	0	0	0	1	0
test127	but when we looked at the menu there were lot of choices most of them were dumplings in the appetizer section	test	0	0	1	0	0	0
test128	those rolls were big but not good and sashimi was fresh	test	0	0	1	0	0	0
test129	they were dry and disgusting did even finish my first piece	test	0	0	1	0	0	0
test130	hurley is like cheers where everyone knows your name and they are actually glad you came	test	0	0	0	0	0	1
test131	try the crunchy tuna it is to die for	test	0	0	1	0	0	0
test132	try everything for that matter it is all good	test	0	0	1	0	0	0
test133	have been going there since it opened and ca get enough	test	0	0	0	0	1	0
test134	first went here to enjoy their garden terrace	test	1	0	0	0	0	0
test135	the food was amazing and the service was prompt and helpful but not over bearing or rushed	test	0	0	1	0	0	1
test136	the steak tartare is great bet they fix it for you at the table	test	0	0	1	0	0	0
test137	admittedly some nights inside the restaurant were rather warm but the open kitchen is part of the charm	test	1	0	0	0	0	0
test138	great wine selection gigondas is worth the price and the house champagne is great value	test	0	1	0	0	0	0
test139	it may be bit packed on weekends but the vibe is good and it is the best french food you will find in the area	test	1	0	1	0	0	0
test140	have recommended the place to friends always gets good response	test	0	0	0	0	1	0
test141	pizza the only pizza in nyc that should not have additional toppings the crust tastes like the best freshly baked bread	test	0	0	1	0	0	0
test142	take all my nyc guests to vt	test	0	0	0	0	1	0
test143	not sure where the previous reviewer lonk dined but saul is in great neighborhood and has great food	test	0	0	1	1	0	0
test144	ve been there three times and have always had wonderful experiences	test	0	0	0	0	1	0
test145	highly recommend it for special occasion it provides and intimate setting and nice service	test	1	0	0	0	1	1
test146	not sure where the other reviewers ate but it seems as if we visited two different restaurants because my friends and all enjoy mizu very much and we re repeat customers	test	0	0	0	0	1	0
test147	even after they overcharged me the last time was there	test	0	0	0	0	0	1
test148	it delicious	test	0	0	1	0	0	0
test149	moules were excellent lobster ravioli was very salty	test	0	0	1	0	0	0
test150	took my mom for mother day and the maitre was pretty rude	test	0	0	0	0	0	1
test151	told us to sit anywhere and when we sat he said the table was reserved	test	0	0	0	0	0	1
test152	stepped on my foot on the second time he reached over me to adjust lighting	test	0	0	0	0	0	1
test153	tiny dessert was just plain overpriced for what it is	test	0	0	1	0	0	0
test154	the drinks are always well made and wine selection is fairly priced	test	0	1	0	0	0	0
test155	try their chef specials they are to die for	test	0	0	1	0	0	0
test156	service is not exactly five star but thats not really big deal	test	0	0	0	0	0	1
test157	downstairs lounge is always good attraction	test	1	0	0	0	0	0
test158	the exotic food is beautifully presented and is delight in delicious combinations	test	0	0	1	0	0	0
test159	it is also extremely well priced	test	0	0	1	0	0	0
test160	the staff is incredibly helpful and attentive	test	0	0	0	0	0	1
test161	the bar is very well stocked with interesting beers and well priced wines	test	0	1	0	0	0	0
test162	this is one of my favorite restaurants and it is not to be missed	test	0	0	0	0	1	0
test163	your friends will thank you for introducing them to this gem	test	0	0	0	0	1	0
test164	when we stumbled on leon we thought that we had found quite the gem but we were certainly wrong	test	0	0	0	0	1	0
test165	the waitress moved our table practically into the bathroom and when we asked to cancel our dinner orders because we did not want to eat sitting on the toilet we were told no	test	0	0	0	0	0	1
test166	then to top things off she dropped used silverware on my boyfriend jacket and did not stop to apologize or clean the mess that was left on clothes	test	0	0	0	0	0	1
test167	such disappointment	test	0	0	0	0	0	1
test168	rude service medicore food there are tons of restaurants in ny stay away from this one	test	0	0	1	0	1	1
test169	loved everythig about it especially the shows and actors	test	1	0	0	0	1	0
test170	our server was very helpful and friendly	test	0	0	0	0	0	1
test171	the food was good too	test	0	0	1	0	0	0
test172	the tuna and wasabe potatoes are excellent	test	0	0	1	0	0	0
test173	the outdoor atmosphere of sitting on the sidewalk watching the world go by feet away on th avenue on cool evening was wonderful	test	0	0	0	1	0	0
test174	inside is little cramped but to be expected	test	1	0	0	0	0	0
test175	service was prompt and courteous	test	0	0	0	0	0	1
test176	this was repeat visit and we ll definitely be back again	test	0	0	0	0	1	0
test177	great service great food	test	0	0	1	0	0	1
test178	prices are in line	test	0	0	0	0	1	0
test179	but too far east	test	0	0	0	1	0	0
test180	the pizza is delicious they use fresh mozzarella instead of the cheap frozen shredded cheese common to most pizzaria	test	0	0	1	0	0	0
test181	two complaints their appetizer selection stinks it would be nice to get some mozzarella sticks on the menu	test	0	0	1	0	0	0
test182	also because it is so thin it gets cold very quickly and its not that filling	test	0	0	1	0	0	0
test183	wait staff is blantently unappreciative of your business but its the best pie on the uws	test	0	0	1	0	0	1
test184	by far the best salad have had in fast food restaurant	test	0	0	1	0	0	0
test185	over different choices to create your own	test	0	0	1	0	0	0
test186	must try	test	0	0	0	0	1	0
test187	on recent sunday afternoon friend and accidently found this great restaurant on our way to see the pulitzer prize winning play doubt	test	0	0	0	0	1	0
test188	this was the perfect quiet relaxing and delicious accompaniment to our afternoon of theater	test	1	0	1	0	0	0
test189	the chicken pot pie is exceptional the cheeseburger huge and delictable and the service professional wan warm	test	0	0	1	0	0	1
test190	with so many poor experiences to be had in the theater district is truly an excellent find	test	0	0	0	0	1	0
test191	the staff is no nonsense	test	0	0	0	0	0	1
test192	when lived upstate for while would buy freeze the bagels and they would still be better than any else	test	0	0	1	0	0	0
test193	worth visiting the st ave spot because it is the original store	test	0	0	0	0	1	0
test194	he served me an uni hand roll which never had before and let me tell you it was heaven	test	0	0	1	0	0	0
test195	the sake menu should not be overlooked	test	0	1	0	0	0	0
test196	all in all this midtown gem instantly became one of my favorite sushi restaurants in the city	test	0	0	0	0	1	0
test197	try the lobster teriyaki and the rose special roll	test	0	0	1	0	0	0
test198	service was very good prompt attentive and non intrusive	test	0	0	0	0	0	1
test199	food was very good as well considering that we tried the budget selection though wish the pork belly that ordered was roasted bit longer so that fat was more of melt in your mouth experience	test	0	0	1	0	0	0
test200	wine list selection is good and wine by the glass was generously filled to the top	test	0	1	0	0	0	0
test201	traditional french decour was pleasant though the hall was rather noisy the restaurant was full and we had to raise our voices to be able to maintain conversation	test	1	0	0	0	0	0
test202	ve been to at cafe spice probably times it is probably still the best indian restaurant around union square	test	0	0	0	0	1	0
test203	to sum it up service varies from good to mediorce depending on which waiter you get generally it is just average ok	test	0	0	0	0	0	1
test204	seating is always prompt though the restaurant does fill up in the evening	test	0	0	0	0	0	1
test205	food is usually very good though ocasionally wondered about freshmess of raw vegatables in side orders	test	0	0	1	0	0	0
test206	as many other reviewers noticed your order is often slow to arrive this is particularly true in the evening but is not problem during lunch time	test	0	0	0	0	0	1
test207	the decor is vibrant and eye pleasing with several semi private boths on the right side of the dining hall which are great for date	test	1	0	0	0	0	0
test208	have never been disappointed in the red eye	test	0	0	0	0	1	0
test209	the first time went and was completely taken by the live jazz band and atmosphere ordered the lobster cobb salad	test	1	0	0	0	0	0
test210	it simply the best meal in nyc	test	0	0	1	0	0	0
test211	you can not go wrong at the red eye grill	test	0	0	0	0	1	0
test212	if we were to move from the upper east side we would genuinely miss this restaurant	test	0	0	0	0	1	0
test213	the restaurant is cute but not upscale	test	0	0	0	0	1	0
test214	the food is diamond in rough the food is delicious and homemade with the perfect balance of herbs and tomatoes	test	0	0	1	0	0	0
test215	would highly recommend it	test	0	0	0	0	1	0
test216	it one of our favorite places to eat in ny	test	0	0	0	0	1	0
test217	we had great time at the jekyll and hyde pub last night	test	0	0	0	0	1	0
test218	after really enjoying ourselves at the bar we sat down at table and had dinner	test	0	0	0	0	1	0
test219	the server was really cool and served us our food and drinks with smile	test	0	0	0	0	0	1
test220	the place decor and hidden bathrooms made for good laugh	test	1	0	0	0	0	0
test221	highly recommend visiting this restaurant and having dinner and drinks	test	0	0	0	0	1	0
test222	if you are the type of person who likes being scared and entertained this is great place to go and eat	test	0	0	0	0	1	0
test223	the have over different beers to offer thier guest so that made my husband very happy and the food was delicious if must recommend dish it must be the pumkin tortelini	test	0	1	1	0	0	0
test224	the entertainment was great they have shows that go on through out the dinner	test	1	0	0	0	0	0
test225	you will not be disapointed at all	test	0	0	0	0	1	0
test226	we were not dissappointed in the least bit by this little gem	test	0	0	0	0	1	0
test227	the bagel was huge	test	0	0	1	0	0	0
test228	the workers there also absolutely load the bagel with cream cheese gets little messy	test	0	0	1	0	0	0
test229	loved it and would highly recommend	test	0	0	0	0	1	0
test230	this was my frist time at cafe st bart and must say how delicious the food and the service was	test	0	0	1	0	0	1
test231	have to highly recommend the lobster roll not to much mayo you can tell it was fresh lobster	test	0	0	1	0	0	0
test232	other guests enjoyed pizza santa fe chopped salad and fish and chips	test	0	0	1	0	0	0
test233	highly recommend cafe st bart for their food the ambience and wonderful service	test	1	0	1	0	0	1
test234	all the staff is absolutely professional	test	0	0	0	0	0	1
test235	that is must but not every restaurant can do	test	0	0	0	0	0	1
test236	there nice and quiet small but enough for or more	test	1	0	0	0	0	0
test237	this restaurant was way overhyped	test	0	0	0	0	1	0
test238	my chow fun and chow see was really bland and oily	test	0	0	1	0	0	0
test239	okay do mind the oily part cause most are cooked that way but it was way too bland	test	0	0	1	0	0	0
test240	the scallion pancakes and fried dumplings were nothing out of the ordinary	test	0	0	1	0	0	0
test241	the service was the only thing good about this restaurant	test	0	0	0	0	1	1
test242	it boring on the inside and our sushi was pretty below average the tuna was soggy and the other rolls had no flavor	test	1	0	1	0	0	0
test243	definitely would go back	test	0	0	0	0	1	0
test244	their pad penang is delicious and everything else is fantastic	test	0	0	1	0	0	0
test245	the price is reasonable although the service is poor	test	0	0	0	0	1	1
test246	great for romantic evening or fun evening with friends	test	1	0	0	0	1	0
test247	will be going back very soon	test	0	0	0	0	1	0
test248	keep up the good work	test	0	0	0	0	1	0
test249	it was wonderful	test	0	0	0	0	1	0
test250	the salads are delicious both refreshing and very spicy	test	0	0	1	0	0	0
test251	we had pam special fried fish and it was amazing	test	0	0	1	0	0	0
test252	too large for just two people but nothing was left	test	0	0	1	0	0	0
test253	great vibe lots of people	test	1	0	0	0	0	0
test254	my husbands was perfect my was well done and dry	test	0	0	1	0	0	0
test255	did complain liked the atmosphere so much	test	1	0	0	0	0	0
test256	on hot day it was fabulous to stop in and enjoy lunch	test	0	0	0	0	1	0
test257	ambience is so cute and quaint good for business although we were there on vacation	test	1	0	0	0	1	0
test258	salads were fantastic	test	0	0	1	0	0	0
test259	although we were looking for regular lettuce and some walnuts the salads we got were great	test	0	0	1	0	0	0
test260	ingredients are organic which is real plus for me	test	0	0	1	0	0	0
test261	we will be back	test	0	0	0	0	1	0
test262	the spicy tuna roll is huge and probably the best that ve had at this price range	test	0	0	1	0	0	0
test263	the yellowtail was particularly good as well	test	0	0	1	0	0	0
test264	have reservations about the all you can eat deal however the choices are fairly limited and you can probably order more food than you can eat for less than by just going off the menu	test	0	0	1	0	0	0
test265	in any event this is place ll be sure to stop by again when in this part of town	test	0	0	0	0	1	0
test266	big wong gets big ups for fine establishment	test	0	0	0	0	1	0
test267	they have it all great price food and service	test	0	0	1	0	1	1
test268	the atmosphere is noisy and the waiters are literally walking around doing things as fast as they can	test	1	0	0	0	0	1
test269	the food is prepared quickly and efficiently	test	0	0	0	0	0	1
test270	and it all comes at very reasonable price congee noodles and rice dishes are no more than each	test	0	0	1	0	0	0
test271	the takeout is great too since they give high quality tupperware as well	test	0	0	0	0	0	1
test272	enjoyed very nice caesar salad while my wife had arugula and goat cheese both very tasty	test	0	0	1	0	0	0
test273	we both opted for pasta dish and they were served timely and fresh	test	0	0	1	0	0	1
test274	we concluded with tiramisu chocolate cake both were delicious	test	0	0	1	0	0	0
test275	we go back again	test	0	0	0	0	1	0
test276	recently went to this restaurant with some co workers for lunch and had an amazing time	test	0	0	0	0	1	0
test277	the staff was accomodating the food was absolutely delicious and the place is lovely	test	1	0	1	0	0	1
test278	we even had visit from the manager who wanted to make sure we were enjoying ourselves	test	0	0	0	0	0	1
test279	yes the prices are high but felt it was worth it	test	0	0	0	0	1	0
test280	we all felt it was worth it	test	0	0	0	0	1	0
test281	sometimes get good food and ok service	test	0	0	1	0	0	1
test282	sometimes get bad food and bad service sometimes get good good and bad service	test	0	0	1	0	0	1
test283	it is not consistent	test	0	0	0	0	1	0
test284	the place is bistro which means simple dishes and wine served efficiently in bustling atmosphere	test	1	0	1	0	0	1
test285	and where does patis go wrong no where	test	0	0	0	0	1	0
test286	you are not eating haut cuisine with subtle hints of whatever but cassuolet steake fritte tripe stew etc simple stuff	test	0	0	1	0	0	0
test287	right off the in brooklyn this is nice cozy place with good pizza	test	1	0	1	0	0	0
test288	mine was little burnt but still delicious with goat cheese and panchetta raddichio was kind of bitter though	test	0	0	1	0	0	0
test289	my friend got the mushroom pizza which tasted better	test	0	0	1	0	0	0
test290	the sangria was pretty tasty and good on hot muggy day	test	0	1	0	0	0	0
test291	kind of small place but guess if they are not too busy might be able to fit group or kids	test	0	0	0	0	1	0
test292	overall would recommend it and go back again	test	0	0	0	0	1	0
test293	started out with bombay beer which was big enough for two	test	0	1	0	0	0	0
test294	mmmmm it was delicious	test	0	0	1	0	0	0
test295	service was slow but the people were friendly	test	0	0	0	0	0	1
test296	it nice place to relax and have conversation	test	1	0	0	0	0	0
test297	ca wait to go back	test	0	0	0	0	1	0
test298	the food is authentic italian delicious	test	0	0	1	0	0	0
test299	pizza is terrific as is homemade pasta	test	0	0	1	0	0	0
test300	ambience is delightful service impeccable	test	1	0	0	0	0	1
test301	service was also horrible and the ambience is not that great	test	1	0	0	0	0	1
test302	do not try unless you re just going there to hang out like the rest of the hipsters who apparently have no sense of taste	test	0	0	0	0	1	0
test303	go and eat out at many different restaurants and this is one place you have go and try	test	0	0	0	0	1	0
test304	this is my first time writing review for restaurant because the food and service was excellent	test	0	0	1	0	0	1
test305	the filet mignon dish was superb	test	0	0	1	0	0	0
test306	would defiantly come back here again as one of my top choices	test	0	0	0	0	1	0
test307	it small cute restaurant	test	0	0	0	0	1	0
test308	absolutely love this place	test	0	0	0	0	1	0
test309	like the ambience it very dark and original	test	1	0	0	0	0	0
test310	the sushi is amazing	test	0	0	1	0	0	0
test311	and amazingly cheap	test	0	0	1	0	0	0
test312	very affordable and excellent ambient	test	1	0	0	0	1	0
test313	we ordered some beef and noodle soup dishes from the thai section of the menu but nothing we got was thai	test	0	0	1	0	0	0
test314	we were very disappointed	test	0	0	1	0	0	0
test315	we wo go to this place again for good meal	test	0	0	1	0	0	0
test316	however think this place is good hang out spot	test	1	0	0	0	0	0
test317	my girlfriend and stumbled onto this hopping place the other night and had great time	test	0	0	0	0	1	0
test318	they tell me they are going to cover the garden in glass for the winter so looking forward to going there on snowy night to enjoy it	test	0	0	0	0	1	0
test319	check this place out	test	0	0	0	0	1	0
test320	highly recommended	test	0	0	0	0	1	0
test321	first of all this place is not romantic as claimed by citysearch editorial review	test	1	0	0	0	0	0
test322	either that or the editor idea of romance must be sharing conversation with the next table while trying to speak louder than the traffic on th	test	1	0	0	0	0	0
test323	the tables are crammed way too close the menu is typical of any italian restaurant and the wine list is simply overpriced	test	1	1	1	0	0	0
test324	slightly above average wines start at with only one selection listed at	test	0	1	0	0	0	0
test325	service is not what one would expect from joint in this price category	test	0	0	0	0	0	1
test326	for instance plates were just dumped on the table was handed the wine list upside down etc	test	0	0	0	0	0	1
test327	somehow working the italian charm with constant mille grazie does not constitute proper service	test	0	0	0	0	0	1
test328	to be completely fair the only redeeming factor was the food which was above average but could make up for all the other deficiencies of teodora	test	0	0	1	0	1	0
test329	not one of our meals was edible bland and or made with weird rosemary or orange flavoring	test	0	0	1	0	0	0
test330	fish was overdone	test	0	0	1	0	0	0
test331	cute place nice wait staff but would never go there again	test	1	0	0	0	1	1
test332	someone else recommended the dessert we also left that	test	0	0	1	0	0	0
test333	one of us actually liked the expresso that it	test	0	1	0	0	0	0
test334	skip this restaurant it big disappointment	test	0	0	0	0	1	0
test335	myagi is one of my favorite restaurants in the city the place the negative reviews describe sound like they were somewhere else	test	0	0	0	0	1	0
test336	ve never had bad service and the fish is fresh and delicious	test	0	0	1	0	0	1
test337	their tuna tartar appetizer is to die for	test	0	0	1	0	0	0
test338	come from family of pizzeria owners and almost ashamed to say that the pizza in fornino blows my families receipies away	test	0	0	1	0	0	0
test339	the place is so cool and the service is prompt and curtious	test	1	0	0	0	0	1
test340	highly recommend to anyone to give this place try	test	0	0	0	0	1	0
test341	you will find yourself returning quite often	test	0	0	0	0	1	0
test342	restaurant that does try to do anything except serve great food with great service in pleasant atmosphere	test	1	0	1	0	0	1
test343	no gimmicks here the food speaks for itself in its freshness and preparation	test	0	0	1	0	0	0
test344	the dining room is quietly elegant with no music to shout over how refreshing	test	1	0	0	0	0	0
test345	the service was impeccable and unobtrusive the staff knows what they are there to do to know their menu present your meal and attend to your needs	test	0	0	0	0	0	1
test346	looking around saw room full of new yorkers enjoying real meal in real restaurant not clubhouse of the fabulous trying to be seen	test	1	0	1	0	0	0
test347	the view is breathtaking the service is top notch the ambiance is wonderful	test	1	0	0	1	0	1
test348	the staff offers impeccable service	test	0	0	0	0	0	1
test349	had lobster bisque it has oz of maine lobster in it	test	0	0	1	0	0	0
test350	my boyfriend had the new england chowder it was good but think the award should go to the lobster bisque	test	0	0	1	0	0	0
test351	it was divine melts in your mouth	test	0	0	1	0	0	0
test352	my boyfriend had prime rib it was good	test	0	0	1	0	0	0
test353	we did want bottle of bubbly on weekday so we each got little bottles of korbett it was just enough	test	0	1	0	0	0	0
test354	it cuz it so good you need to taste it	test	0	0	1	0	0	0
test355	all in all we re already coming up with excuses to go ahead really soon in the next few wks	test	0	0	0	0	1	0
test356	my wife and ate here earlier this week and have not stopped ranting and raving about the food	test	0	0	1	0	0	0
test357	if you like spicy food get the chicken vindaloo	test	0	0	1	0	0	0
test358	it very spicy but not offensive	test	0	0	1	0	0	0
test359	we will definitely go back	test	0	0	0	0	1	0
test360	go to volare for st class service and terrific food	test	0	0	1	0	0	1
test361	the portions are large and the servers always surprise us with different starter	test	0	0	1	0	0	0
test362	the wine list is excellent	test	0	1	0	0	0	0
test363	the food is amazing especially if you get the chef tasting menu and your favourite bottle or two of wine from an extensive selection of wines	test	0	1	1	0	0	0
test364	the place is small and intimate and you may feel little crowded but the service is excellent and it great for friends out romantic date or special occassion	test	1	0	0	0	1	1
test365	the food can get pricey but the prixe fixe tasting menu is the greatest food for good price and they cater the food to any food allergies or food you do like	test	0	0	1	0	0	1
test366	please be aware that it cash or amex only	test	0	0	0	0	1	0
test367	with the exception of our lemon salad that had so much pepper on it that our eyes started watering the food here was decent not great	test	0	0	1	0	0	0
test368	we ordered the special grilled branzino that was so infused with bone it was difficult to eat	test	0	0	1	0	0	0
test369	the decor in this place is very diner ish and the kind of place you expect in the east village not romantic just simple small and sparse	test	1	0	0	0	0	0
test370	problem is nothing at prune is particularly memorable	test	0	0	0	0	1	0
test371	no plans to return anytime soon	test	0	0	0	0	1	0
test372	this place is so much fun	test	1	0	0	0	0	0
test373	our family never expected such incredible entertainment in restaurant	test	1	0	0	0	0	0
test374	our food was great too	test	0	0	1	0	0	0
test375	and really large portions	test	0	0	1	0	0	0
test376	the staff was the friendliest that have seen in new york	test	0	0	0	0	0	1
test377	if you want something really different than try jekyll and hyde	test	0	0	0	0	1	0
test378	it is lot of fun with live entertainment and all kinds of disney type special effects	test	1	0	0	0	0	0
test379	the food was pretty tradional but it was hot and good with large portions	test	0	0	1	0	0	0
test380	highly recommend it	test	0	0	0	0	1	0
test381	the place is lot of fun	test	1	0	0	0	0	0
test382	my six year old loved it	test	0	0	0	0	1	0
test383	the food however is what one might expect	test	0	0	1	0	0	0
test384	it is very overpriced and not very tasty	test	0	0	1	0	0	0
test385	went there with my wife and we had to wait for table even though you could see there many that were empty with not reservation sigh on them	test	0	0	0	0	0	1
test386	service was slow had to wait to order and get food although not crowded	test	0	0	0	0	0	1
test387	drinks way over priced	test	0	1	0	0	0	0
test388	food was good not great not worth the wait or another visit	test	0	0	1	0	1	0
test389	great pizza for lunch place	test	0	0	1	0	0	0
test390	service was quick	test	0	0	0	0	0	1
test391	the pizza was great	test	0	0	1	0	0	0
test392	and it was quick which is very important	test	0	0	0	0	0	1
test393	have the iced tea	test	0	0	1	0	0	0
test394	whenever you need sushi fix mizu will be there with quality fish and great service	test	0	0	1	0	0	1
test395	delivery is fast too	test	0	0	0	0	0	1
test396	great friendly service fast seating fast delivery excellent sushi	test	0	0	1	0	0	1
test397	ess bagel either by sty town or midtown is by far the best bagel in ny	test	0	0	1	0	0	0
test398	the bagels always warm soft on the inside crispy on the outside and enormous in size	test	0	0	1	0	0	0
test399	they have huge selection of different cream cheeses and all of their salads are great	test	0	0	1	0	0	0
test400	the lox is always fresh too	test	0	0	1	0	0	0
test401	highly recommended to all	test	0	0	0	0	1	0
test402	not impressed with the food	test	0	0	1	0	0	0
test403	prices too high for this cramped and unappealing resturant	test	1	0	0	0	1	0
test404	zero ambiance to boot	test	1	0	0	0	0	0
test405	thought this place was totally overrated	test	0	0	0	0	1	0
test406	everything we had was good or ok but definitely nothing great	test	0	0	1	0	0	0
test407	the ambience was nice but service was so great	test	1	0	0	0	0	1
test408	when you add it all together it just does seem worth it to me especially considering the prices	test	0	0	0	0	1	0
test409	this is the best shabu shabu restaurant in the try state area	test	0	0	0	0	1	0
test410	thius is must for anyone who loves shabu shabu	test	0	0	1	0	0	0
test411	the atmosphere is nothing special but it feels like sushi establishment in tokyo	test	1	0	0	0	0	0
test412	the owner and staff are all japanese as well and that adds to the entire ambiance	test	1	0	0	0	1	0
test413	despite slightly limited menu everything prepared is done to perfection ultra fresh and work of food art	test	0	0	1	0	0	0
test414	must give it yon out of yon stars	test	0	0	0	0	1	0
test415	taxan delicious	test	0	0	1	0	0	0
test416	this restaurant was recommended by local as matter of fact he made the reservation for us and said we would not be disappointed	test	0	0	0	0	1	0
test417	we were	test	0	0	0	0	1	0
test418	the prices were cheap compared to the quality of service and food	test	0	0	1	0	1	1
test419	we liked it so much that we will always make it point to dine here when we visit new york	test	0	0	0	0	1	0
test420	the location and ambience is ok but the food is what makes up for it	test	1	0	1	1	0	0
test421	there is lot of variety even for people who eat vegetarian like me	test	0	0	1	0	0	0
test422	try green curry with vegetables	test	0	0	1	0	0	0
test423	the quantity is also very good you will come out satisfied	test	0	0	1	0	0	0
test424	the service is ok some of the people did get what they asked for	test	0	0	0	0	0	1
test425	was there on sat for my birthday and we had an excellent time	test	0	0	0	0	1	0
test426	had the best ravioli ever	test	0	0	1	0	0	0
test427	the wine the service was very good too	test	0	1	0	0	0	1
test428	moderate prices	test	0	0	0	0	1	0
test429	little noise but think that was because of our party	test	1	0	0	0	0	0
test430	this quaint and romantic trattoria is at the top of my manhattan restaurant list	test	1	0	0	0	1	0
test431	the food is delicious from the specials to the regular menu fare the dishes are never disappointment	test	0	0	1	0	0	0
test432	whether it the parmesean porcini souffle or the lamb glazed with balsamic vinegar you will surely be transported to northern italy with one bite	test	0	0	1	0	0	0
test433	although the tables may be closely situated the candle light food quality and service overcompensate	test	1	0	1	0	0	1
test434	guaranteeed delight	test	0	0	0	0	1	0
test435	have known about this secret for the last years emilio the godfather has continued to serve food and wine for the gods at mortal prices	test	0	1	1	0	0	0
test436	if you go try the marinara arrabiatta sauce the mozzarella en carozza is mmmmmmmm everything is just delicious	test	0	0	1	0	0	0
test437	pray it stays open forever	test	0	0	0	0	1	0
test438	found the food service and value exceptional everytime have been there	test	0	0	1	0	1	1
test439	felt as though were eating in paris	test	0	0	1	0	0	0
test440	the service was excellent friendly and attentive	test	0	0	0	0	0	1
test441	the prices are wonderfully low	test	0	0	0	0	1	0
test442	very good wine choices	test	0	1	0	0	0	0
test443	who has room for cheesesticks with the best pizza in nyc	test	0	0	1	0	0	0
test444	get the pepperoni yum and family style salad	test	0	0	1	0	0	0
test445	great staff	test	0	0	0	0	0	1
test446	always great service	test	0	0	0	0	0	1
test447	go twice month	test	0	0	0	0	1	0
test448	the food is good ca lie	test	0	0	1	0	0	0
test449	the hostess and the waitress were incredibly rude and did everything they could to rush us out	test	0	0	0	0	0	1
test450	we were planning to get dessert but the waitress basically through the bill at us before we had chance to order	test	0	0	0	0	0	1
test451	this place is pricey and yes the food is worth it but the service makes you feel like you should be paying quater of the price	test	0	0	1	0	1	1
test452	save yourself the time and trouble and skip this one	test	0	0	0	0	1	0
test453	amma is nothing special	test	0	0	0	0	1	0
test454	ate here week ago and found most dishes average at best and too expensive	test	0	0	1	0	0	0
test455	will not be back	test	0	0	0	0	1	0
test456	do dine at tamarind for the vegetarian dishes they are simply not up to par with the non veg selections	test	0	0	1	0	0	0
test457	this place is always packed	test	1	0	0	0	0	0
test458	most importantly food is excellent	test	0	0	1	0	0	0
test459	try the sea bass	test	0	0	1	0	0	0
test461	first of all dal bukhara rocks	test	0	0	1	0	0	0
test462	am happy did the food was awsome	test	0	0	1	0	0	0
test463	and yes dal bukhara is so dam good and so are all the kababs	test	0	0	1	0	0	0
test464	but overall give it	test	0	0	0	0	1	0
test466	haru on park is simply disgusting	test	0	0	0	0	1	0
test467	the fish was not fresh and the rice tasted old and stale	test	0	0	1	0	0	0
test468	quite frankly this is some of the worst sushi have ever tried	test	0	0	1	0	0	0
test469	will never be back	test	0	0	0	0	1	0
test470	honestly the worst sushi my husband and had in our entire lives	test	0	0	1	0	0	0
test471	not sure why this restaurant would be rated that highly	test	0	0	0	0	1	0
test472	the all can eat sushi is definitely in very poor quality	test	0	0	1	0	0	0
test473	wont come back again for sure	test	0	0	0	0	1	0
test474	the only things could really taste are the very salty soy sauce even its low sodium the vinegar soaked rice and the scallion on top of the fish	test	0	0	1	0	0	0
test475	the waitstaffs are nice though	test	0	0	0	0	0	1
test476	have been to roth twice and both times were very disappointing	test	0	0	0	0	1	0
test477	both times was extremely dissappointed by the service which was boarderline rude	test	0	0	0	0	0	1
test478	they wouldnt even let me finish my glass of wine before offering another	test	0	0	0	0	0	1
test479	much of the time it seems like they do not care about you	test	0	0	0	0	0	1
test480	the dinner was ok nothing would have again	test	0	0	1	0	0	0
test481	this was great surprise	test	0	0	0	0	1	0
test482	look forward to eating here again	test	0	0	0	0	1	0
test483	planet thai is great	test	0	0	0	0	1	0
test484	we love the food drinks and atmosphere	test	1	1	1	0	0	0
test485	the svc can be bit rude at times esp if you have big group but overall the restaurant is must	test	0	0	0	0	1	1
test486	try the pad thai it fabulous and their prices are so cheap	test	0	0	1	0	1	0
test487	just because it cheap does not mean the portions are small or the food is nasty it is great	test	0	0	1	0	1	0
test488	they forgot sandwich did include plastic forks and did include pita with the hummus platter	test	0	0	0	0	0	1
test489	also the sandwiches nearing did come with anything like chips or side	test	0	0	1	0	0	0
test490	overall not worth the money	test	0	0	0	0	1	0
test491	eating in the atmosphere saves it but at your desk it very disappointing experience	test	1	0	0	0	1	0
test492	chennai garden is my favorite indian restaurant in the city	test	0	0	0	0	1	0
test493	they have authentic indian at amazing prices	test	0	0	1	0	0	0
test494	this restaurant is vegetarian there are no meat dishes whatsoever	test	0	0	1	0	0	0
test495	the seats are uncomfortable if you are sitting against the wall on wooden benches	test	1	0	0	0	0	0
test496	it rather cramped and busy restaurant and it closes early	test	1	0	0	0	1	0
test497	the food is tasty and portion sizes are appropriate	test	0	0	1	0	0	0
test498	this is nice restaurant if you are looking for good place to host an intimate dinner meeting with business associates	test	0	0	0	0	1	0
test499	not great place for family or general dining	test	0	0	0	0	1	0
test500	food is excellent	test	0	0	1	0	0	0
test501	fish is so very fresh	test	0	0	1	0	0	0
test502	waitstaff are very friendly	test	0	0	0	0	0	1
test503	love yuka	test	0	0	0	0	1	0
test504	mermaid inn is an overall good restaurant with really good seafood	test	0	0	1	0	1	0
test505	the lobster sandwich is good and the spaghetti with scallops and shrimp is great	test	0	0	1	0	0	0
test506	the service is good and ambience is good for date or group outing	test	1	0	0	0	0	1
test507	the only fallback on this restaurant is the prices	test	0	0	0	0	1	0
test508	even though its good seafood the prices are too high	test	0	0	1	0	1	0
test509	the lobster sandwich is and although it was good it was not nearly enough to warrant that price	test	0	0	1	0	0	0
test510	we were very pleasantly surprised	test	0	0	0	0	1	0
test511	the food was delicious had halibut special my husband had steak and the service was top notch	test	0	0	1	0	0	1
test512	when my dessert came there was candle in it not because anyone asked for one but because the waiter must have seen me opening my birthday card and gift and said he knew it was special occassion of some sort	test	0	0	0	0	0	1
test513	truly the mark of an attentive waiter	test	0	0	0	0	0	1
test514	highly recommend the restaurant based on our experience last night	test	0	0	0	0	1	0
test515	we ate at this thai place following the reviews but very unhappy with the foods	test	0	0	1	0	0	0
test516	we thought that this place is using too much of msg cooking in the foods	test	0	0	1	0	0	0
test517	they do concern much of customer health just want to make money	test	0	0	0	0	1	0
test518	please do fool us	test	0	0	0	0	1	0
test519	recommend the jelly fish drunken chicken and the soupy dumplings certainly the stir fry blue crab	test	0	0	1	0	0	0
test520	the food is so cheap and the waiters are nice	test	0	0	1	0	0	1
test521	of course it is crowded but who cares	test	1	0	0	0	0	0
test522	authentic shanghai style and can not recommend better shanghai place in new york	test	0	0	0	0	1	0
test523	have frequented ino for several years and the food remains excellent	test	0	0	1	0	0	0
test524	cheese plate is varied delight and great bargain at	test	0	0	1	0	0	0
test525	the large selection of bruschettas paninis tramezzinis keep the palate from stagnating	test	0	0	1	0	0	0
test526	the asparagus truffle oil parmesan bruschetta is winner	test	0	0	1	0	0	0
test527	be sure to try the seasonal and always delicious specials	test	0	0	1	0	0	0
test528	definitely neighborhood favorite	test	0	0	0	0	1	0
test529	loved this place	test	0	0	0	0	1	0
test530	almost hesititate to write review because the atmosphere was so great and would hate for it too become to crowded	test	1	0	0	0	0	0
test531	like cafe noir dont get me wrong it is jsut that the people who work there are evil and incompetent	test	0	0	0	0	1	1
test532	the service was terrible we had to wait for everything and ask several of different people for the same thing before we were allowed to be served	test	0	0	0	0	0	1
test533	the waitress seems to be more concerned of looking good than actually waitressing	test	0	0	0	0	0	1
test534	after dinner the manager grabbed my boyfriend asked him where are you from maybe you dont know how things work in america and in the end stormed away almost teareyed yelling that tips are the only thing they survive on	test	0	0	0	0	0	1
test535	we did tip guess the model waitress just wanted more and complained to the manager	test	0	0	0	0	0	1
test536	pizza here is consistently good	test	0	0	1	0	0	0
test537	salads are delicious way to begin the meal	test	0	0	1	0	0	0
test538	it is thick and slightly soggy	test	0	0	1	0	0	0
test539	decor is charming	test	1	0	0	0	0	0
test540	service is average	test	0	0	0	0	0	1
test542	the ambience was so fun and the prices were great on top of the fact that the food was really tasty	test	1	0	1	0	1	0
test543	was thrilled to have to wait on line for thirty minutes but guess that the price you pay for popular place	test	0	0	0	0	0	1
test544	would definitely recommend sea if you like thai cuisine	test	0	0	1	0	0	0
test545	was here few weeks back and we had the worst customer service experience at restaurant ever	test	0	0	0	0	0	1
test546	gentleman maybe the manager came to our table and without so much as smile or greeting asked for our order	test	0	0	0	0	0	1
test547	while it is understandable that every place is indeed different there was not need to be uncourteous to customers and downright rude	test	0	0	0	0	0	1
test548	never again	test	0	0	0	0	1	0
test549	absolutely loved this place	test	0	0	0	0	1	0
test550	excellent atmosphere delicious dishes good and friendly service	test	1	0	1	0	0	1
test551	this is can became on of the ny italian food fare institutions	test	0	0	0	0	1	0
test552	think that it is absolutely brilliant and well runned business operation	test	0	0	0	0	1	0
test553	the wine list is also really nice	test	0	1	0	0	0	0
test554	have been to casimir over times and have always had great time there	test	0	0	0	0	1	0
test555	the food is great and reasonably priced	test	0	0	1	0	0	0
test556	have tried to make reservations but both times the hostess did have my name	test	0	0	0	0	0	1
test557	if the weather is nice try to snag an outside table	test	1	0	0	0	0	0
test558	the staff has been nice but they seemed really stressed and the unisex bathroom needs to be cleaned more often	test	1	0	0	0	0	1
test559	my boyfriend and went there to celebrate my birthday the other night and all can say is that it was magnificent	test	0	0	0	0	1	0
test560	from the spectacular caviar to the hospitable waitstaff felt like royalty and enjoyed every second of it	test	0	0	1	0	0	1
test561	considering we were the last patrons there and it was after the closing time the waitstaff did not rush us at all and made us feel comfortable and relaxed	test	0	0	0	0	0	1
test562	highly recommend caviar russe to anyone who wants delicious top grade caviar and fantastic service	test	0	0	1	0	0	1
test563	nice family owned traditional restaurant	test	0	0	0	0	1	0
test564	was pleasantly surprised to find this gem in hoboken	test	0	0	0	0	1	0
test565	found the food to be outstanding particulary the salmon dish had	test	0	0	1	0	0	0
test566	also ordered the change mojito which was out of this world	test	0	1	0	0	0	0
test567	my friends settled for rice dishes but we came back the following day to try the dim sum which was good not outstanding but good	test	0	0	1	0	0	0
test568	we ate out in the back patio which is worth it as it cool and the music is hear well there	test	1	0	0	0	0	0
test569	overall excellent restaurant	test	0	0	0	0	1	0
test570	the food was good	test	0	0	1	0	0	0
test571	the place was nice and calm	test	1	0	0	0	0	0
test572	but the service was bit slow	test	0	0	0	0	0	1
test573	the buffet had nice selection	test	0	0	1	0	0	0
test574	the food was average or above including some surprising tasty dishes	test	0	0	1	0	0	0
test575	service was also very good	test	0	0	0	0	0	1
test576	would go back	test	0	0	0	0	1	0
test577	got an excellent piece of cheesecake and we had several other nice pastries	test	0	0	1	0	0	0
test578	would recommend roxy for that but not for their food	test	0	0	1	0	0	0
test579	my son and his girlfriend both wanted cheeseburgers and they were huge	test	0	0	1	0	0	0
test580	but they were too big for the bun	test	0	0	1	0	0	0
test581	consequently their burgers fell apart in their hands and made such mess that they did nt feel like finishing them	test	0	0	1	0	0	0
test582	also they were each	test	0	0	1	0	0	0
test583	had huge pastrami sandwich on roll	test	0	0	1	0	0	0
test584	it was not really bad for pound of pastrami but it did have much taste ve had better for less elsewhere	test	0	0	1	0	0	0
test585	this place is really trendi but they have forgotten about the most important part of restaurant the food	test	1	0	1	0	0	0
test586	the last two times ordered from here my food was soo spicy that could barely eat it and the spice took away from the flavor of the dish	test	0	0	1	0	0	0
test587	and the tom kha soup was pathetic	test	0	0	1	0	0	0
test588	if you want good authentic thai this place is not the place to go	test	0	0	1	0	0	0
test589	we went here for lunch couple of weeks ago on saturday and was thoroughly impressed with the food	test	0	0	1	0	0	0
test590	the pesto pizza was excellent thin crust pizza with nice amount of spicy italian cheese that never heard of before	test	0	0	1	0	0	0
test591	conveniently located too being right on bedford ave	test	0	0	0	1	0	0
test592	the back garden sitting area is very pleasant where you can see their personal herb garden	test	1	0	0	0	0	0
test593	we had the lobster sandwich and it was fantastic	test	0	0	1	0	0	0
test594	my husband said he could ve eaten several more the portion was fine for me he even exclaimed that the french fries were the best he has had	test	0	0	1	0	0	0
test595	we had the scallops as an appetizer and they were delicious and the sauce was wonderful	test	0	0	1	0	0	0
test596	we waited at the bar and had martinis that were just right	test	0	1	0	0	0	0
test597	love the food	test	0	0	1	0	0	0
test598	it the only place you can get yummy authentic japanese comfort food	test	0	0	1	0	0	0
test599	and you ca beat the prices	test	0	0	0	0	1	0
test600	ve lived in ny for years and this place has it all	test	0	0	0	0	1	0
test601	great food good size menu great service and an unpretensious setting	test	1	0	1	0	0	1
test602	the dishes offered were unique very tasty and fresh from the lamb sausages sardines with biscuits large whole shrimp to the amazing pistachio ice cream the best and freshest ve ever had	test	0	0	1	0	0	0
test603	glad was introduced to this place and this is rare gem in ny	test	0	0	0	0	1	0
test604	the freshest best variety and the fastest delivery	test	0	0	1	0	0	1
test605	also very inexpensive	test	0	0	0	0	1	0
test606	the service was excellent and the food was delicious	test	0	0	1	0	0	1
test607	we are very particular about sushi and were both please with every choice which included ceviche mix special crab dumplings assorted sashimi sushi and rolls two types of sake and the banana tempura	test	0	0	1	0	0	0
test608	definitely great spot for nice occasion or date	test	0	0	0	0	1	0
test609	average to good thai food but terrible delivery	test	0	0	1	0	0	1
test610	ve waited over one hour for food	test	0	0	0	0	0	1
test611	they were very abrupt with me when called and actually claimed the food was late because they were out of rice	test	0	0	0	0	0	1
test612	thai restaurant out of rice during dinner	test	0	0	0	0	1	0
test613	the food arrived minutes after called cold and soggy	test	0	0	1	0	0	1
test614	this is wonderful place on all stand points especially value ofr money	test	0	0	0	0	1	0
test615	an excellent service	test	0	0	0	0	0	1
test616	we were greeted promptly by the waiter who was very nice and cordial	test	0	0	0	0	0	1
test617	she was very helpful in suggesting us drinks and helped us in ordering lot of good dishes since we knew nothing about indian food	test	0	0	1	0	0	1
test618	the food looked very appetizing and delicious since it came on variety of fancy plates	test	0	0	1	0	0	0
test619	we ended our great experience by having gulab jamun dessert recommended by the waiter	test	0	0	1	0	1	0
test620	thanked my friend who recommended me this restaurant and will certainly recommend it to others	test	0	0	0	0	1	0
test621	service here was great food was fantastic	test	0	0	1	0	0	1
test622	guacamole shrimp appetizer was really great we both had the filet very good did much like the frites that came with but the filet was so good neither of us cared	test	0	0	1	0	0	0
test623	will absolutely visit again	test	0	0	0	0	1	0
test624	you can not go wrong with this place	test	0	0	0	0	1	0
test625	the food is outstanding and the service is quick friendly and very professional	test	0	0	1	0	0	1
test626	always nice crowd but never loud	test	1	0	0	0	1	0
test627	go here	test	0	0	0	0	1	0
test628	good for dates or with friends	test	0	0	0	0	1	0
test629	am reluctant to write because would not want my jem of pizza place to become overcrowded	test	0	0	0	0	1	0
test630	however it is jus too good to not praise it	test	0	0	0	0	1	0
test631	by far the best pizza in manhattan	test	0	0	1	0	0	0
test632	the crust is thin the ingredients are fresh and the staff is friendly	test	0	0	1	0	0	1
test633	the menu has so many fish items and oysters	test	0	0	1	0	0	0
test634	the fish was really really fresh	test	0	0	1	0	0	0
test635	we all agreed that mare is one of the best seafood restaurants in new york	test	0	0	0	0	1	0
test636	stumbled upon this great pizzeria as explored my new neighborhood	test	0	0	0	0	1	0
test637	all of the pizzas are terrific and the price is even better	test	0	0	1	0	1	0
test638	highly recommend the sophia pizza	test	0	0	1	0	0	0
test639	it to die for	test	0	0	1	0	0	0
test640	the food was mediocre at best but it was the horrible service that made me vow never to go back	test	0	0	1	0	0	1
test641	immediately after we paid the waiter took the money and said okay you guys are outta here	test	0	0	0	0	0	1
test642	so rushing us out was absolutely unnecessary	test	0	0	0	0	0	1
test643	for the people who want great food plus great service roxy is place to avoid	test	0	0	1	0	0	1
test644	the first time the sushi was outstanding the second time it was little bland	test	0	0	1	0	0	0
test645	sure ll return for final judgement tho	test	0	0	0	0	1	0
test646	the blond wood decor is very soothing the premium sake is excellent and the service is great	test	1	1	0	0	0	1
test647	mizu is the japenese find in grammercy	test	0	0	0	0	1	0
test648	while their kitchen food is delicious their sushi is out of this world	test	0	0	1	0	0	0
test649	mizu is home to creative and unique rolls not to found anywhere else	test	0	0	1	0	0	0
test650	not only is the cuisine the best around the service has always been attentive and charming	test	0	0	1	0	0	1
test651	warning you may find it difficult to dine at other japanese restaurants after visit to mizu	test	0	0	0	0	1	0
test652	the entree was bland and small dessert was not inspired	test	0	0	1	0	0	0
test653	expected quite bit more from such an expensive menu	test	0	0	1	0	0	0
test654	the view is spectacular and the food is great	test	0	0	1	1	0	0
test655	wonderful strawberry daiquiries as well	test	0	1	0	0	0	0
test656	definitely worth the trip to battery park city	test	0	0	0	0	1	0
test657	one of my favorite places in manhattan	test	0	0	0	0	1	0
test658	authentic taiwanese food that cheap what more could you ask for	test	0	0	1	0	0	0
test659	besides that there should be more restaurants like it around the city	test	0	0	0	0	1	0
test660	the cold appetizer dishes taste like the way remember them to taste when was growing up in taiwan	test	0	0	1	0	0	0
test661	delicious simple food in nice outdoor atmosphere	test	1	0	1	0	0	0
test662	kind attentive wait staff	test	0	0	0	0	0	1
test663	really like both the scallops and the mahi mahi on saffron risotto yum	test	0	0	1	0	0	0
test664	my friend devoured her chicken and mashed potatos	test	0	0	1	0	0	0
test665	delicious crab cakes too	test	0	0	1	0	0	0
test666	even if the food was this good the garden is great place to sit outside and relax	test	1	0	1	0	0	0
test667	great neighborhood joint	test	0	0	0	0	1	0
test668	this is nice pizza place with good selection of thin crust pizza including the basil slice	test	0	0	1	0	1	0
test669	their calzones are horrific bad vomit inducing yuck	test	0	0	1	0	0	0
test670	they smell like they stuff them with old canned vegetables like the spinach mushroom calzone	test	0	0	1	0	0	0
test671	the counter service is bad	test	0	0	0	0	0	1
test672	they charge different prices all the time	test	0	0	0	0	0	1
test673	they re rude at times and not very friendly	test	0	0	0	0	0	1
test674	no pizza for me	test	0	0	0	0	1	0
test675	anybody who likes this place must be from different planet where greasy dry and tasteless are complimentary	test	0	0	1	0	0	0
test676	the dosas are skimpy unattractive and drip with grease and personally drink popcorn topping before eat another one of these	test	0	0	1	0	0	0
test677	the sandwiches are dry tasteless and way overpriced	test	0	0	1	0	0	0
test678	calling the place hampton chutney co does warn you that these folks offer more style than substance but in this unattractive room with unhelpful clerks there was dearth of the former too	test	1	0	0	0	1	1
test679	seriously this place kicks ass	test	0	0	0	0	1	0
test680	the atmosphere is unheralded the service impecible and the food magnificant	test	1	0	1	0	0	1
test681	best italian food ever had and being italian that means alot	test	0	0	1	0	0	0
test682	it is nearly impossible to get table so if you ever have the chance to go here for dinner do not pass it up	test	0	0	0	0	1	0
test683	this is such lovely peaceful place to eat outside	test	1	0	0	0	0	0
test684	the restaurant looks out over beautiful green lawns to the hudson river and the statue of liberty	test	0	0	0	1	0	0
test685	it is set far from the small street it on and there is no traffic noise	test	0	0	0	1	0	0
test686	this is great place to take out of towners and perfect for watching the sunset	test	0	0	0	1	0	0
test687	great sushi experience	test	0	0	1	0	0	0
test688	nice value	test	0	0	0	0	1	0
test689	unique apppetizers	test	0	0	1	0	0	0
test690	try sushimi cucumber roll	test	0	0	1	0	0	0
test691	good spreads great beverage selections and bagels really tasty	test	0	1	1	0	0	0
test692	murray wo do it	test	0	0	0	0	0	1
test693	but who says murray is anything about service	test	0	0	0	0	0	1
test694	so close but not good enough	test	0	0	0	0	1	0
test695	do be fooled by crowds of people	test	0	0	0	0	1	0
test696	the service is awful	test	0	0	0	0	0	1
test697	this place is not worth the prices	test	0	0	0	0	1	0
test698	also do plan on asking for your favorite roll if it not on the menu you ca have it	test	0	0	0	0	0	1
test699	love pizza	test	0	0	0	0	1	0
test700	will be out with friends and all of sudden am hungry and only crave one thing their pizza	test	0	0	1	0	0	0
test701	it hits the spot every time	test	0	0	0	0	1	0
test702	this tiny williamsburg spot is always pleasantly surprising	test	0	0	0	0	1	0
test703	the pizza is delicious and the proprietor is one of the nicest in nyc	test	0	0	1	0	0	1
test704	they even scoop it out nice for those on diet not too much not to little	test	0	0	1	0	0	0
test705	the cream cheeses are out of this world and love that coffee	test	0	1	1	0	0	0
test706	little crowded but they move that line really fast	test	0	0	0	0	1	1
test707	little pricey but it really hits the spot on sunday morning	test	0	0	0	0	1	0
test708	bagels are ok but be sure not to make any special requests	test	0	0	1	0	0	1
test709	asked for an open faced cheese sandwich and the manager basically told me to take my business elsewhere	test	0	0	0	0	0	1
test710	be sure not to get anything other than bagels	test	0	0	1	0	0	0
test711	the worst excuse for japanese food ve ever encountered	test	0	0	0	0	1	0
test712	the soup for the udon was soy sauce and water	test	0	0	1	0	0	0
test713	the sushi was awful	test	0	0	1	0	0	0
test714	the rice was poor quality and was cooked so badly it was hard	test	0	0	1	0	0	0
test715	furthermore the rice had no seasoning so the sushi was bland and disgusting	test	0	0	1	0	0	0
test716	the fish was adequate but inexpertly sliced	test	0	0	1	0	0	0
test717	it is obvious that no one in the restaurant has any idea about or experience with japanese cuisine	test	0	0	1	0	0	0
test718	good fast service	test	0	0	0	0	0	1
test719	would highly recommend	test	0	0	0	0	1	0
test720	food is great and inexpensive	test	0	0	1	0	0	0
test721	the location is perfect	test	0	0	0	1	0	0
test722	give it try and enjoy	test	0	0	0	0	1	0
test723	well this place is so ghetto its not even funny	test	1	0	0	0	0	0
test724	if you like your music blasted and the system isnt that great and if you want to pay at least dollar bottle minimun then you ll love it here	test	1	1	0	0	0	0
test725	would never go back there	test	0	0	0	0	1	0
test726	awsome pizza especially the margheritta slice	test	0	0	1	0	0	0
test727	always busy but fast moving	test	0	0	0	0	0	1
test728	great atmoshere and worth every bit	test	1	0	0	0	1	0
test729	open late well as late as ever got there and night person	test	0	0	0	0	1	0
test730	winnie and her staff are the best crew you can find serving you	test	0	0	0	0	0	1
test731	the food is reliable and the price is moderate	test	0	0	1	0	1	0
test732	what more can you ask for	test	0	0	0	0	1	0
test733	everything about this restaurant was special	test	0	0	0	0	1	0
test734	the service was attentive yet discreet	test	0	0	0	0	0	1
test735	the flavors robust and subtle	test	0	0	1	0	0	0
test736	the brioche and lollies as party favors is cute and sweet touch to most memorable meal	test	0	0	1	0	0	0
test737	saving up for my next visit	test	0	0	0	0	1	0
test738	the place was quiet and delightful	test	1	0	0	0	0	0
test739	did not try the caviar but tried their salmon and crab salad they are all good	test	0	0	1	0	0	0
test740	as retired hipster can say with some degree of certainty that for the last year lucky strike has been the best laid back late night in the city	test	0	0	0	0	1	0
test741	the wait staff is pleasant fun and for the most part gorgeous in the wonderful aesthetic beautification way not in that she way cuter than me that way	test	0	0	0	0	0	1
test742	the food is yummy especially their cooked to perfection mussels in spicy tomato sauce and their shoestring crispy fries	test	0	0	1	0	0	0
test743	but the best part about ls is the late night atmosphere delightfully free of the bts	test	1	0	0	0	0	0
test744	you can get completely delish martini in glass that about drinks for recommend the vanilla shanty mmmm in great homey setting with great music	test	1	1	0	0	0	0
test745	the in house lady dj on saturday nights has outrageously good taste in music and moreover takes requests	test	1	0	0	0	0	0
test746	you ca go wrong with this place	test	0	0	0	0	1	0
test747	suan is great place that often take my friends classmates too	test	0	0	0	0	1	0
test748	its location is good and the fact that hutner college is near and their prices are very reasonable makes students go back to suan again and again	test	0	0	0	1	1	0
test749	love their thai	test	0	0	1	0	0	0
test750	noodles with shrimp and chicken and coconut juice is the must	test	0	0	1	0	0	0
test751	will go back to suan soon	test	0	0	0	0	1	0
test752	in summer eat outside on terrace another great feature of suan	test	1	0	0	0	0	0
test753	can not imagine friendlier staff working in restaurant	test	0	0	0	0	0	1
test754	can not imagine better indian food in all of the city	test	0	0	1	0	0	0
test755	can not imagine you not rushing out to eat there	test	0	0	0	0	1	0
test756	during the course of the past months the chef and staff changed and it was not for the better	test	0	0	1	0	0	1
test757	wish they would change back to what it was before	test	0	0	0	0	1	0
test758	the food now is inconsistent	test	0	0	1	0	0	0
test759	this is the kind of place you like to take all your friends to and still keep secret	test	0	0	0	0	1	0
test760	the setting is casual and romantic	test	1	0	0	0	0	0
test761	prices are very good	test	0	0	0	0	1	0
test762	the food is excellent	test	0	0	1	0	0	0
test763	if you re daring try the balsamic vinegar over icecream it wonderful	test	0	0	1	0	0	0
test764	they were such rip off for four small meat patties in steamed buns and not worth trying	test	0	0	1	0	0	0
test765	the rest of the dim sum though pricey by chinatown standards is worth it	test	0	0	1	0	0	0
test766	the wait here is long for dim sum but if you do like sharing tables or if the typical raucous dim sum atmosphere is not your gig this is sleek for chinatown alternative	test	1	0	0	0	1	1
test767	few tips skip the turnip cake roast pork buns and egg custards	test	0	0	1	0	0	0
test768	these are overpriced and you can get better just around the corner	test	0	0	1	0	0	0
test769	was pleasantly suprised	test	0	0	0	0	1	0
test770	the food was exceptional	test	0	0	1	0	0	0
test771	choose to go with one of the special the braised lamb shank in red wine which was excellent	test	0	0	1	0	0	0
test772	the service was friendly and the atmosphere was casual	test	1	0	0	0	0	1
test773	the restaurant is bit noisy but that is something that can be overlooked once you sit down and enjoy great meal	test	1	0	1	0	0	0
test774	this little place has cute interior decor and affordable city prices	test	1	0	0	0	1	0
test775	the pad se ew chicken was delicious however the pad thai was far too oily	test	0	0	1	0	0	0
test776	have eaten at ginger house several times and it always good	test	0	0	0	0	1	0
test777	the fried dumplings are great	test	0	0	1	0	0	0
test778	finally reliable chinese restaurant	test	0	0	0	0	1	0
test779	this place would be so much better served by being run by group that actually understands customer service	test	0	0	0	0	0	1
test780	the only thing you can do here is walk in and eat but planning an event especially small intimate one forget about it	test	0	0	0	0	1	0
test781	they are not helpful in the least and will give you the grand run around so by the time the event date rolls around you will not only regret chosing this place but also become hostile	test	0	0	0	0	0	1
test782	nobody at this restaurant will give firm answers about anything and in the end not one person takes responsibility for anything	test	0	0	0	0	0	1
test783	terrible terrible management deserves to be shut down	test	0	0	0	0	1	1
test784	never fails to please	test	0	0	0	0	1	0
test785	delicious bagels especially when right out of the oven	test	0	0	1	0	0	0
test786	spreads and toppings are great though bit pricey	test	0	0	1	0	0	0
test787	service is fast and friendly	test	0	0	0	0	0	1
test788	only drawback they wo toast your bagel and they do make eggs for the bagel	test	0	0	0	0	0	1
test789	but that is highly forgivable	test	0	0	0	0	1	0
test790	been there done that and new york it not that big deal	test	0	0	0	0	1	0
test791	the food is decent at best and the ambience well it matter of opinion some may consider it to be sweet thing thought it was just annoying	test	1	0	1	0	0	0
test792	if celebrities make you sweat then your in for ride but if your like most around these parts then you ll just yawn and wonder whats with all the hype	test	0	0	0	0	1	0
test793	rao is good restaurant but it nothing special	test	0	0	0	0	1	0
test794	but after last night spice grill is the only place eating indian cuisine	test	0	0	1	0	0	0
test795	you must try the shrimp appetizers	test	0	0	1	0	0	0
test796	even my indian friend could believe how good and tasty everything was	test	0	0	1	0	0	0
test797	this place has the the correct ambience and an excellent staff to make you feel like guest and friend at the same time	test	1	0	0	0	0	1
test798	great food great prices great service	test	0	0	1	0	1	1
test799	if you are looking for good quality cheap eats this is the place	test	0	0	1	0	0	0
test800	it perfect place to have amazing indian food	test	0	0	1	0	0	0
test801	really loved the different and inovated touch that the cheff gives to the food	test	0	0	1	0	0	0
test802	also it great to have dinner in very romantic and comfortable place the service it just perfect they re so frendly that we never want to live the place	test	1	0	0	0	0	1
test803	their bagels are fine but they are little overcooked and not really special bagel experience	test	0	0	1	0	0	0
test804	great bagels made the old fashioned way	test	0	0	1	0	0	0
test805	drawbacks service is slow and they do toast	test	0	0	0	0	0	1
test806	the food was absolutely amazing	test	0	0	1	0	0	0
test807	the baked clams octopus we shared as appetizers were the best we ve ever had	test	0	0	1	0	0	0
test808	the lamb was tender so full of flavor the dessert was divine	test	0	0	1	0	0	0
test809	the waiter was attentive	test	0	0	0	0	0	1
test810	the place itself is beautiful the bar scene seems to be happening	test	1	0	0	0	0	0
test811	downtown dinner prixe fix appetizers were ok waiter gave me poor suggestion try the potato stuff kanish best one	test	0	0	1	0	0	1
test812	dessert is joke dont bother	test	0	0	1	0	0	0
test813	volare virgins or weekly regulars everyone gets treated the same and you ca ask for more than that when the service is this friendly	test	0	0	0	0	0	1
test814	the restaurant has family feel not least with regard to the portions which are enormous the veal alone could have single handedly solved third world famine	test	1	0	1	0	0	0
test815	the anti pasta was excellent especially the calamari as were the filling pasta mains	test	0	0	1	0	0	0
test816	the wine list is extensive and can easily hike up an otherwise reasonably priced meal	test	0	1	1	0	0	0
test817	still any quibbles about the bill were off set by the pour your own measures of liquers which were courtesey of the house	test	0	1	0	0	1	0
test818	fantastic place	test	0	0	0	0	1	0
test819	pleasant surprise	test	0	0	0	0	1	0
test820	go there to relax and feel like your somewhere else	test	1	0	0	0	0	0
test821	lucky strike is great casual place to just grab bite to eat	test	0	0	0	0	1	0
test822	great food great decor great service	test	1	0	1	0	0	1
test823	recommend it	test	0	0	0	0	1	0
test824	this is the perfect spot for meeting friends having lunch dinner pre theatre or after theatre drinks	test	0	0	0	0	1	0
test825	always ask the bartender for the seasonal beer	test	0	1	0	0	0	0
test826	guaranteed to be tasty experience	test	0	1	0	0	0	0
test827	have been doing all of the above at the heartland brewery for over years now and have never been disappointed	test	0	0	0	0	1	0
test828	all the people that bring there go back on their own and bring their friends	test	0	0	0	0	1	0
test829	go there once and oh yes you will go back you will	test	0	0	0	0	1	0
test830	cool bar with great food and tons of excellent beer	test	1	1	1	0	0	0
test831	and even with it pub atmosphere they were great to my kids too	test	0	0	0	0	0	1
test832	loved it	test	0	0	0	0	1	0
test833	the shrimp scampi was excellent and the antipasti were plentiful	test	0	0	1	0	0	0
test834	it is expensive but well worth the money	test	0	0	0	0	1	0
test835	if you venture off the island of manhattan and ca seem to find great italian restaurant drive to corona	test	0	0	0	0	1	0
test836	the only thing more wonderful than the food which is exceptional is the service	test	0	0	1	0	0	1
test837	the only thing the waiters do do for you is wipe your chin when you leave	test	0	0	0	0	0	1
test838	wonderful at holiday time	test	0	0	0	0	1	0
test839	cozy romantic atomosphere with only around tables at most	test	1	0	0	0	0	0
test840	food was very good but not what would consider out of this world	test	0	0	1	0	0	0
test841	go here for romantic dinner but not for an all out wow dining experience	test	1	0	0	0	1	0
test842	my friend from milan and myself were pleasantly surprised when we arrived and everyone spoke italian	test	0	0	0	0	1	0
test843	too bad the food was of the same heritage	test	0	0	1	0	0	0
test844	the porcini mushroom pasta special was tasteless so was the seafood tagliatelle	test	0	0	1	0	0	0
test845	real dissapointment	test	0	0	1	0	0	0
test846	but that was the icing on the cake tiramisu that resembled nothing have ever had	test	0	0	1	0	0	0
test847	they should have called it mascarpone with chocolate chips good but far cry from what the name implies	test	0	0	1	0	0	0
test848	priced at upper intermediate range	test	0	0	0	0	1	0
test849	it was pretty inexpensive too	test	0	0	0	0	1	0
test850	this place has the best chinese style bbq ribs in the city	test	0	0	1	0	0	0
test851	it great to go for quick lunch either alone or with friend	test	0	0	0	0	1	0
test852	it definately not place to go if you want to impress someone	test	0	0	0	0	1	0
test853	however if you want great food at great price and do mind the decor you ca beat this place	test	1	0	1	0	0	0
test854	quick and friendly service	test	0	0	0	0	0	1
test855	this is one of the best comfort food places in the city	test	0	0	0	0	1	0
test856	it somewhere you can eat and be happy	test	0	0	0	0	1	0
test857	when you re sitting in their main dining room which has spectacular hand painted high ceiling you never know there was world outside	test	1	0	0	0	0	0
test858	the food is wonderful tasty and filling and the service is professional and friendly	test	0	0	1	0	0	1
test859	ca wait for summer when they serve outside on their gigantic patio	test	1	0	0	0	0	0
test860	this little place definitely exceeded my expectations and you sure get lot of food for your money	test	0	0	1	0	1	0
test861	the service was fast and friendly and the food was very tasty and they had the best hot sauce to add to your meals	test	0	0	1	0	0	1
test862	have to say that am pleasantly suprised and will most likely stop in again if am in the neighborhood	test	0	0	0	0	1	0
test863	they all know you	test	0	0	0	0	0	1
test865	good drink	test	0	1	0	0	0	0
test866	how do you rate home	test	0	0	0	0	1	0
test867	have never had cheescake like this	test	0	0	1	0	0	0
test868	thought had died and gone to heaven	test	0	0	1	0	0	0
test869	great spot whether looking for couple of drinks or quiet dinner	test	0	0	0	0	1	0
test870	warm and friendly in the winter and terrific outdoor seating in the warmer months	test	1	0	0	0	0	0
test871	the food is great and they have good selection of wines at reasonable prices	test	0	1	1	0	0	0
test872	we were less than impressed	test	0	0	0	0	1	0
test873	while the ambiance and atmosphere were great the food and service could have been lot better	test	1	0	1	0	0	1
test874	we ordered the chicken casserole but what we got were few small pieces of chicken all dark meat and on the bone	test	0	0	1	0	0	0
test875	probably would not go again	test	0	0	0	0	1	0
test876	ve been to sapphire twice and both times the food was fine if not good	test	0	0	1	0	0	0
test877	stick with the chicken beef and lamb dishes	test	0	0	1	0	0	0
test878	service is friendly and never had problem walking in and getting table	test	0	0	0	0	1	1
test879	skip dessert	test	0	0	1	0	0	0
test880	best reuben sandwich ever	test	0	0	1	0	0	0
test881	classic	test	0	0	1	0	0	0
test882	do miss bloom on your next trip to manhatten	test	0	0	0	0	1	0
test883	it was the first place we ate on our first trip to new york and it will be the last place we stop as we head out of town on our next trip to new york	test	0	0	0	0	1	0
test884	thanks bloom for lovely trip	test	0	0	0	0	1	0
test885	the food was not fresh the sauces were bland and very oily	test	0	0	1	0	0	0
test886	it just was thai	test	0	0	1	0	0	0
test887	was surprisingly disappointed	test	0	0	1	0	0	0
test888	pizza was little soggy	test	0	0	1	0	0	0
test889	ravioli was good but have to say that found everything bit overpriced	test	0	0	1	0	0	0
test890	not enough wines by the glass either	test	0	1	0	0	0	0
test891	service however was excellent and liked the setting atmosphere lot	test	1	0	0	0	0	1
test892	food was just average if they lowered the prices just bit it would be bigger draw	test	0	0	1	0	1	0
test893	authentic pakistani food	test	0	0	1	0	0	0
test894	just straight up cheap good food	test	0	0	1	0	0	0
test895	faan is sooo good	test	0	0	0	0	1	0
test896	the design and atmosphere is just as good	test	1	0	0	0	0	0
test897	bottles of wine are cheap and good	test	0	1	0	0	0	0
test898	what more could you want	test	0	0	0	0	1	0
test899	the food was actually aweful	test	0	0	1	0	0	0
test900	not picky but it was actually gross	test	0	0	1	0	0	0
test901	the mussles were the fishiest things ve ever tasted the seabass was bland the goat cheese salad was missing the goat cheese the penne chicken had bones in it it was disgusting	test	0	0	1	0	0	0
test902	nice atmosphere the service was very pleasant and the desert was good	test	1	0	1	0	0	1
test903	this is the perfect date spot for williamsburg couples	test	0	0	0	0	1	0
test904	the jukebox plays everything from italian opera to the strokes	test	1	0	0	0	0	0
test905	the food is amazing rich pastas and fresh doughy pizza	test	0	0	1	0	0	0
test906	best of all is the warm vibe the owner is super friendly and service is fast	test	1	0	0	0	0	1
test907	if only they delivered they make mint	test	0	0	0	0	1	0
test908	go here for the drinks	test	0	1	0	0	0	0
test909	the drinks are amazing and half off till pm	test	0	1	0	0	0	0
test910	my fav was the sassy lassi	test	0	1	0	0	0	0
test911	this is an amazing place to try some roti rolls	test	0	0	1	0	0	0
test912	really recommend the very simple unda egg rolls	test	0	0	1	0	0	0
test913	delicate spices onions eggs and kick ass roti	test	0	0	1	0	0	0
test915	toons has recently been redone so it now very attractive space	test	1	0	0	0	0	0
test916	in an area sadly lacking in decent thai food this is one of the best spots	test	0	0	1	0	0	0
test917	went here last night nice decor good service but the food was surprisingly excellent	test	1	0	1	0	0	1
test918	the portions are huge so it might be good to order three things to split rather than one appetizer and entree per person for two people	test	0	0	1	0	0	0
test920	beef noodle soup is good as well	test	0	0	1	0	0	0
test921	the service is good and the resturant is clean	test	1	0	0	0	0	1
test922	best taiwanese food in ny	test	0	0	1	0	0	0
test923	have been to rao probably times the past years and it keeps getting better	test	0	0	0	0	1	0
test924	rao has the best service and atmosphere in nyc	test	1	0	0	0	0	1
test925	good luck getting table	test	0	0	0	0	1	0
test926	my roommate and love this place	test	0	0	0	0	1	0
test927	we recently decided to try this location and to our delight they have outdoor seating perfect since had my yorkie with me	test	1	0	0	0	0	0
test928	indoor was very cozy and cute	test	1	0	0	0	0	0
test929	the portion sizes here are huge and the sushi is good	test	0	0	1	0	0	0
test930	staff is very accomodating	test	0	0	0	0	0	1
test931	excellent dumplings served amid clean chic decor	test	1	0	1	0	0	0
test932	got the piece dim sum combo every bite of which was great	test	0	0	1	0	0	0
test933	but for each small piece	test	0	0	1	0	0	0
test934	wo go back unless someone else is footing the bill	test	0	0	0	0	1	0
test935	the decor is very simple but comfortable	test	1	0	0	0	0	0
test936	the food was delicious but do not come here on empty stomach	test	0	0	1	0	0	0
test937	the portions are small but being that the food was so good makes up for that	test	0	0	1	0	0	0
test938	you must have the crabmeat lasagna which is out of this world and the chocolate bread pudding for dessert	test	0	0	1	0	0	0
test939	the staff there is very attentive and down to earth	test	0	0	0	0	0	1
test940	loved it and would go again	test	0	0	0	0	1	0
test941	great indian food and the service is incredible	test	0	0	1	0	0	1
test942	the owner truly caters to all your needs	test	0	0	0	0	0	1
test943	when family came in he gave them apps to test their palets and then ordered for them	test	0	0	0	0	0	1
test944	everyone was more then happy with his choices	test	0	0	0	0	0	1
test945	great food and the prices are very reasonable	test	0	0	1	0	1	0
test946	the food here does great service to the name cantonese that is	test	0	0	1	0	0	0
test947	fell in love with the egg noodles in the beef broth with shrimp dumplings and slices of bbq roast pork	test	0	0	1	0	0	0
test948	try the congee and the donut like deep fried dough they call ow ley soh delicious and sweet tasting bread	test	0	0	1	0	0	0
test949	simply some good tasting chinese food at incredible prices	test	0	0	1	0	0	0
test950	service is not what you are coming here for	test	0	0	0	0	0	1
test951	whoever the jazz duo was they were on point	test	1	0	0	0	0	0
test952	good music great food speedy service affordable prices	test	1	0	1	0	1	1
test953	even the wine by the glass was good	test	0	1	0	0	0	0
test954	its little out of the way if you do live in the neighborhood but definitely worth the trip from wherever you are	test	0	0	0	1	1	0
test955	consistently good japanese tapas	test	0	0	1	0	0	0
test956	always good drinks and service is pretty good	test	0	1	0	0	0	1
test957	atmosphere is nice and relaxed too	test	1	0	0	0	0	0
test958	great place to meet up for some food and drinks	test	0	0	0	0	1	0
test959	yakitori bbq meats is tasty too	test	0	0	1	0	0	0
test960	if you do mind pre sliced low quality fish unfriendly staff and sushi chef that looks like he is miserable then this is your place	test	0	0	1	0	1	1
test961	price and quality of fish alone will keep us from making return visit	test	0	0	1	0	1	0
test962	was going to share but feel obligated while sitting at the sushi bar dining we watched the chef accidentally drop piece of unagi on the floor and upon retrieving it from the floor proceed to use the piece in the delivery order he was preparing	test	0	0	1	0	0	0
test963	no thanks	test	0	0	0	0	1	0
test964	this place which is only few months old is perhaps queens biggest secret	test	0	0	0	0	1	0
test965	fabulous decor makes you feel like you re in trendy manhattan restaurant very very good food cheaply priced generally friendly staff and if you re manhattanite or spend most of your time in manhattan rice avenue will make you feel at home very soho village upper west side minus the expensive prices and pretentious clientele all on roosevelt avenue	test	1	0	1	1	1	1
test966	we were seated outside and the waiter spilled red wine and hot tea on myself and my date	test	0	0	0	0	0	1
test967	we were then shooed inside	test	0	0	0	0	0	1
test968	one would think we get an apology or complimentary drinks instead we got snobby waiter would even take our order for minutes and gave us lip when we asked him to do so	test	0	0	0	0	0	1
test969	we left never to return	test	0	0	0	0	1	0
test970	with so many good restaurants on the uws do need overpriced food absurdly arrogant wait staff who do recognize they work at glorified diner clumsy service and management that does care	test	0	0	1	0	0	1
test971	am relatively new to the area and tried pick bgel on nd and was disappointed with the service and thought the food was overated and on the pricey side	test	0	0	1	0	0	1
test972	baluchi has solid food and nice decor at reasonable prices	test	1	0	1	0	1	0
test973	the only problem is that the manager is complete incompetent	test	0	0	0	0	0	1
test974	he offers subpar service and has no personality	test	0	0	0	0	0	1
test975	in fact it appears he is going to go postal at any moment	test	0	0	0	0	0	1
test976	there is no excuse for such lousy service	test	0	0	0	0	0	1
test977	have never before eaten pieces of relatively good nigiri	test	0	0	1	0	0	0
test978	you can do it here	test	0	0	1	0	0	0
test979	for all you can eat sushi can not be beaten	test	0	0	1	0	0	0
test980	went to areo on sunday afternoon with four of my girlfriends and spent three enjoyable hours there	test	0	0	0	0	1	0
test981	most of the servers are very attentive friendly and quite attractive	test	0	0	0	0	0	1
test982	the vibe is very relaxed and cozy service was great and the food was excellent	test	1	0	1	0	0	1
test983	food was good and the view of the new york city skiline was terrific even on foggy rainy day like that of when went	test	0	0	1	1	0	0
test984	would highly recommand requesting table by the window	test	0	0	0	1	0	0
test985	although they do the typical what kind of water would you like questions the service was good and overall very relaxing to place to eat	test	1	0	0	0	0	1
test986	personal pans are the perfect size for those hungry nights	test	0	0	1	0	0	0
test987	heartily recommend	test	0	0	0	0	1	0
test988	there is downside if you re ordering in the delivery guys have major attitude	test	0	0	0	0	0	1
test989	never have had such dramatic delivery guys lot of huffing and panting and muttering under breath live in walkup who always seem disappointed with their tips	test	0	0	0	0	0	1
test990	love the scene first off the place has character and nice light to it very fortunate location wise	test	1	0	0	1	0	0
test991	the pizza was pretty good and huge	test	0	0	1	0	0	0
test992	the price very reasonable	test	0	0	0	0	1	0
test993	we were and got the family size penne la vodka which was tremendously gigantic portion bucket of food literally	test	0	0	1	0	0	0
test994	would say that all was fine and tasty but the heaviness on my stomach someting that ca not mention or undermine	test	0	0	1	0	0	0
test995	the pasta penne was pretty extra buttery creamy which means big task to diggest tasty at first but would say that was full with slice of pizza and to count penne got little moody afterwards cause was stuffed lol	test	0	0	1	0	0	0
test997	plan on stopping by next week as well	test	0	0	0	0	1	0
test998	found it on cold night the perfect spot to warm up	test	0	0	0	0	1	0
test999	recieved prompt service with smile	test	0	0	0	0	0	1
test1000	to me it exemplifies soho cute artsy interesting	test	1	0	0	0	0	0
test1001	definately check it out	test	0	0	0	0	1	0
test1002	this place blew me away by far my new favorite restaurant on the uppereast side	test	0	0	0	0	1	0
test1003	the wine list is extensive and impressive	test	0	1	0	0	0	0
test1004	love the atmosphere felt like was in paris	test	1	0	0	0	0	0
test1005	the mussels were fantastic and so was the dessert definitely going to be back very soon	test	0	0	1	0	1	0
test1006	have been coming here for years and have nothing but good things to say about the service and the great staff at la lanterna	test	0	0	0	0	0	1
test1007	over the years the host vittorio and his crew have always treated me as family although with all the business this not so little gem does it amazing he even able to remember consistent but not so frequent visitor	test	0	0	0	0	0	1
test1008	ve also been amazed at all the new additions in the past few years new jazz bar the most fantastic dining garden the best thin crust pizzas and now lasagna menu which is to die for these are not your average lasagnas	test	1	0	1	0	0	0
test1010	keep up the good work guys	test	0	0	0	0	1	0
test1011	have to say have never had disapointing meal here	test	0	0	1	0	0	0
test1012	we could have made meal of the yummy dumplings from the dumpling menu	test	0	0	1	0	0	0
test1013	luckily we saved room for the bbq salmon sea bass and crispy duck	test	0	0	1	0	0	0
test1014	love al di la	test	0	0	0	0	1	0
test1015	recommend this place to everyone	test	0	0	0	0	1	0
test1016	great food	test	0	0	1	0	0	0
test1017	one of my favorite places in brooklyn	test	0	0	0	0	1	0
test1018	the pastas are incredible the risottos particularly the sepia are fantastic and the braised rabbit is amazing	test	0	0	1	0	0	0
test1019	overpriced and not tasty	test	0	0	1	0	0	0
test1020	it was totally overpriced fish and chips was about	test	0	0	1	0	0	0
test1021	tasty dog	test	0	0	1	0	0	0
test1022	an awesome organic dog and conscious eco friendly establishment	test	0	0	1	0	1	0
test1023	one of the best hot dogs have ever eaten	test	0	0	1	0	0	0
test1025	but the best pork souvlaki ever had is the main thing	test	0	0	1	0	0	0
test1026	run do walk	test	0	0	0	0	1	0
test1027	super yummy pizza	test	0	0	1	0	0	0
test1028	was visiting new york city with friend and we discovered this really warm and inviting restaurant	test	1	0	0	0	0	0
test1029	looove their eggplant pizza as well as their pastas	test	0	0	1	0	0	0
test1030	we had half half pizza mine was eggplant and my friend had the buffalo and it was sooo huge for small size pizza	test	0	0	1	0	0	0
test1031	we had fun eating in there we were there like around in the morning	test	0	0	0	0	1	0
test1032	excellent food although the interior could use some help	test	1	0	1	0	0	0
test1033	great sake	test	0	1	0	0	0	0
test1034	reliable fresh sushi	test	0	0	1	0	0	0
test1035	the sashimi is always fresh and the rolls are innovative and delicious	test	0	0	1	0	0	0
test1036	have never had problem with service save missing rice once	test	0	0	0	0	0	1
test1037	delivery can be spot on or lacking depending on the weather and the day of the week	test	0	0	0	0	0	1
test1038	delivery guy sometimes get upset if you do tip more than	test	0	0	0	0	0	1
test1039	best sushi ever	test	0	0	1	0	0	0
test1040	this place has ruined me for neighborhood sushi	test	0	0	1	0	0	0
test1041	creative consistent fresh	test	0	0	1	0	0	0
test1042	excellent sashimi and the millennium roll is beyond delicious	test	0	0	1	0	0	0
test1043	not cheap but very yummy	test	0	0	1	0	0	0
test1044	very very nice	test	0	0	0	0	1	0
test1045	not only is the food	test	0	0	1	0	1	0
test1047	we had very nice time	test	0	0	0	0	1	0
test1048	the waiter was attentive the food was delicious and the views of the city were great	test	0	0	1	1	0	1
test1049	definitely go back again	test	0	0	0	0	1	0
test1050	great place to relax and enjoy your dinner	test	1	0	0	0	0	0
test1051	there is something about their atmosphere that makes me come back nearly every week	test	1	0	0	0	0	0
test1052	place is open till late no dress code	test	0	0	0	0	1	0
test1053	good food my favorite is the seafood spaghetti	test	0	0	1	0	0	0
test1054	excellent food for great prices	test	0	0	1	0	0	0
test1055	my husband and have been sold on this from the first visit	test	0	0	0	0	1	0
test1056	the wait staff is very courteous and accomodating	test	0	0	0	0	0	1
test1057	the space is limited so be prepared to wait up to minutes hour but be richly rewarded when you savor the delicious indo chinese food	test	1	0	1	0	0	0
test1058	there are no negatives to speak of	test	0	0	0	0	1	0
test1059	the bestt	test	0	0	0	0	1	0
test1060	my favorite place lol	test	0	0	0	0	1	0
test1061	its alright	test	0	0	0	0	1	0
test1062	im not necessarily fanatical about this place but it was fun time for low pirces	test	0	0	0	0	1	0
test1063	lobster was good nothing spectacular	test	0	0	1	0	0	0
test1064	its just fun place to go not five star restaraunt	test	0	0	0	0	1	0
test1065	had no flavor and the staff is rude and not attentive	test	0	0	1	0	0	1
test1066	would never go back	test	0	0	0	0	1	0
test1067	was here for the pizza so ca comment on that yet but what had was very good	test	0	0	1	0	0	0
test1068	everyone was smiling so that made me feel welcome	test	0	0	0	0	0	1
test1069	ordered the vitello alla marsala and was pretty impressed	test	0	0	1	0	0	0
test1070	the veal and the mushrooms were cooked perfectly	test	0	0	1	0	0	0
test1071	the potato balls were not dry at all in fact it was buttery	test	0	0	1	0	0	0
test1072	the only downside they only take cash which is ok if you know about it ahead of time	test	0	0	0	0	1	0
test1073	ll be back for sure	test	0	0	0	0	1	0
test1074	worst place on smith street in brooklyn	test	0	0	0	0	1	0
test1075	very immature bartender didnt know how to make specific drinks service was so slowwwww the food was not fresh or warm waitresses were busy flirting with men at the bar and werent very attentive to all the customers	test	0	0	1	0	0	1
test1076	would never recommend this place to anybody even for casual dinner	test	0	0	0	0	1	0
test1077	awesome	test	0	0	0	0	1	0
test1078	the food is always fresh	test	0	0	1	0	0	0
test1079	overpriced japanese food with mediocre service	test	0	0	1	0	0	1
test1080	went here on sat and was disappointed	test	0	0	0	0	1	0
test1081	food was luke warm	test	0	0	1	0	0	0
test1082	was looking for banana tempura for dessert and they dont have	test	0	0	1	0	0	0
test1083	not because you are the four seasons you are allowed to charge an arm and leg for romatic dinner	test	0	0	0	0	1	0
test1084	the food was excellent as well as service however left the four seasons very dissappointed	test	0	0	1	0	1	1
test1085	do not think dinner in manhattan should cost where am not swept off my feet	test	0	0	1	0	0	0
test1086	red dragon roll my favorite thing to eat of any food group hands down	test	0	0	1	0	0	0
test1087	if you do like it do know what to tell you	test	0	0	1	0	0	0
test1088	the seafood dynamite is also otherworldly	test	0	0	1	0	0	0
test1089	not even going to bother to describe it it speaks for itself	test	0	0	1	0	0	0
test1090	an unpretentious spot in park slope the sushi is consistently good the service is pleasant effective and unassuming	test	1	0	1	0	0	1
test1091	in the summer months the back garden area is really nice	test	1	0	0	0	0	0
test1092	the dancing white river and millenium rolls are musts	test	0	0	1	0	0	0
test1093	so good	test	0	0	0	0	1	0
test1094	can eat here every day of the week really lol love this place	test	0	0	0	0	1	0
test1095	gross food wow	test	0	0	1	0	0	0
test1096	ca remember the last time had such gross food in new york	test	0	0	1	0	0	0
test1097	and for plate of bland guacamole	test	0	0	1	0	0	0
test1098	do get me started on the margaritas either	test	0	1	0	0	0	0
test1099	mine tasted like the bartender had forgotten to add the tequila	test	0	1	0	0	0	0
test1100	oh and never write reviews just was so moved by how bad this place was felt it was my duty to spread the word	test	0	0	0	0	1	0
test1101	great indian food	test	0	0	1	0	0	0
test1102	when got there the place was packed but they made sure to seat me quickly	test	0	0	0	0	0	1
test1103	the food was good the place was clean and affordable	test	1	0	1	0	1	0
test1104	noticed alot of indian people eatting there which is great sign for an indian place	test	0	0	0	0	1	0
test1105	this is one of my favorite spot very relaxing the food is great all the times celebrated my engagement and my wedding here it was very well organized	test	1	0	1	0	1	0
test1106	the staff is very good	test	0	0	0	0	0	1
test1107	love their drink menu	test	0	1	0	0	0	0
test1108	highly recommend this beautiful place	test	1	0	0	0	1	0
test1109	nice for one time special occasion	test	0	0	0	0	1	0
test1110	they honored reservation on sunday afternoon very well	test	0	0	0	0	0	1
test1111	we were offered water for the table but were not told the voss bottles of water were piece	test	0	1	0	0	0	0
test1112	food was ok	test	0	0	1	0	0	0
test1113	nice view of river and nyc	test	0	0	0	1	0	0
test1114	come here enjoy very much with husband	test	0	0	0	0	1	0
test1115	remind me of home	test	0	0	0	0	1	0
test1116	great survice	test	0	0	0	0	0	1
test1117	mmmmmmmmmmmmmmm so delicious	test	0	0	1	0	0	0
test1118	beautifully designed dreamy egyptian restaurant that gets sceney at night	test	1	0	0	0	0	0
test1119	watch the talented belly dancers as you enjoy delicious baba ganoush that more lemony than smoky	test	1	0	1	0	0	0
test1120	oh and there hookah	test	1	0	0	0	0	0
test1121	raymond the bartender rocks	test	0	0	0	0	0	1
test1122	pacifico is great place to casually hang out	test	0	0	0	0	1	0
test1123	the drinks are great especially when made by raymond	test	0	1	0	0	0	1
test1124	the omlette for brunch is great	test	0	0	1	0	0	0
test1125	quacamole at pacifico is yummy as are the wings with chimmichuri	test	0	0	1	0	0	0
test1126	weakness is the chicken in the salads	test	0	0	1	0	0	0
test1127	it just average just shredded no seasoning on it	test	0	0	1	0	0	0
test1128	also personally was fan of the portobello and asparagus mole	test	0	0	1	0	0	0
test1129	overall decent food at good price with friendly people	test	0	0	1	0	0	1
test1130	best indian restaurant in the city	test	0	0	0	0	1	0
test1131	this small astoria souvlaki spot makes what many consider the best gyros in new york	test	0	0	1	0	0	0
test1132	what really makes it shine is the food which is aggressively seasoned with cyrpriot spices and all made in house even the gyro meat and sausages and made of much higher quality ingredients that might otherwise be expected	test	0	0	1	0	0	0
test1133	all the various greek and cypriot dishes are excellent but the gyro is the reason to come if you do eat one your trip was wasted	test	0	0	1	0	0	0
test1134	best restaurant in brooklyn	test	0	0	0	0	1	0
test1135	the best	test	0	0	0	0	1	0
test1136	great food amazing service this place is class act	test	0	0	1	0	1	1
test1137	the veal was incredible last night	test	0	0	1	0	0	0
test1138	fresh mind blowing flavors	test	0	0	1	0	0	0
test1139	this place is must visit	test	0	0	0	0	1	0
test1140	delicious creative and fun	test	0	0	1	0	0	0
test1141	got date go here	test	0	0	0	0	1	0
test1142	every time have special occasion with my boyfriend have hard time going anywhere else	test	0	0	0	0	1	0
test1143	it is so romantic	test	1	0	0	0	0	0
test1144	its dark and cozy there is always jazz music playing when we go	test	1	0	0	0	0	0
test1145	most of the booths allow you to sit next to eachother without looking like that couple	test	1	0	0	0	0	0
test1146	the food is all shared so we get to order together and eat together	test	0	0	1	0	0	0
test1147	ve enjoyed of the dishes we ve ordered with the only exceptions being the occasional too authentic for me dish daring eater but not that daring	test	0	0	1	0	0	0
test1148	once you try it for special occasion beware you ca stop	test	0	0	0	0	1	0
test1149	you ll be there for every anniversary birthday valentines day	test	0	0	0	0	1	0
test1150	for fabulous wedding	test	0	0	0	0	1	0
test1151	everyone raved about the atmosphere elegant rooms and absolutely incomparable views and the fabulous food	test	1	0	1	1	0	0
test1152	service was wonderful	test	0	0	0	0	0	1
test1153	everyone was cheerfully cooperative and helpful	test	0	0	0	0	0	1
test1154	paul the maitre was totally professional and always on top of things	test	0	0	0	0	0	1
test1155	thank you everyone at water edge	test	0	0	0	0	1	0
test1156	would not go back	test	0	0	0	0	1	0
test1157	service ok but unfriendly filthy bathroom	test	1	0	0	0	0	1
test1158	the bar drinks were eh ok to say the least	test	0	1	0	0	0	0
test1159	the stuff tilapia was horrid tasted like cardboard	test	0	0	1	0	0	0
test1160	we thought the dessert would be better wrong	test	0	0	1	0	0	0
test1161	down the toilet	test	0	0	0	0	1	0
test1162	oh speaking of bathroom the mens bathroom was disgusting	test	1	0	0	0	0	0
test1163	the floor was wet the trash can filled with hand towels all over the floor no soap and no hand towels left	test	1	0	0	0	0	0
test1164	good experience	test	0	0	0	0	1	0
test1165	the wine list was extensive though the staff did not seem knowledgeable about wine pairings	test	0	1	0	0	0	1
test1166	the bread we received was horrible rock hard and cold and the free appetizer of olives was disappointing	test	0	0	1	0	0	0
test1167	however our main course was wonderful	test	0	0	1	0	0	0
test1168	had fish and my husband had the filet both of which exceeded our expectations	test	0	0	1	0	0	0
test1169	the dessert we had pear torte was good but once again the staff was unable to provide appropriate drink suggestions	test	0	0	1	0	0	1
test1170	when we inquired about ports the waitress listed off several but did not know taste variations or cost	test	0	0	0	0	0	1
test1171	all in all would return as it was beautiful restaurant but hope the staff pays more attention to the little details in the future	test	1	0	0	0	1	1
test1172	short and sweet seating is great it romantic cozy and private	test	1	0	0	0	0	0
test1173	the boths are not as small as some of the reviews make them out to look they re perfect for people	test	1	0	0	0	0	0
test1174	the service was extremely fast and attentive thanks to the service button on your table but barely understood word when the waiter took our order	test	0	0	0	0	0	1
test1175	over all the looks of the place exceeds the actual meals	test	1	0	1	0	0	0
test1176	so what you really end up paying for is the restaurant not the food	test	1	0	1	0	1	0
test1177	will prob not return but it is great dinning experience to try at least once	test	0	0	0	0	1	0
test1178	noodle pudding is exactly the type of service and food enjoy	test	0	0	1	0	0	1
test1179	servers are all different greg is my favorite	test	0	0	0	0	0	1
test1180	sometimes tables do understand his sense of humor but it refreshing to have server who has personality professionalism and respects the privacy of your dinner	test	0	0	0	0	0	1
test1181	this is the first place ve been that runner remembers my order hope he likes his job because have half mind to steal him for my restaurant	test	0	0	0	0	0	1
test1182	prices are fair across the board for both food and bev	test	0	1	1	0	0	0
test1183	go out to eat and like my courses servers are patient and never rush courses or force another drink	test	0	0	0	0	0	1
test1184	amazing fresh dogs but best of all endless toppings	test	0	0	1	0	0	0
test1185	this place had all the trimmings and mean all	test	0	0	1	0	0	0
test1186	peppers onions relish chilli cheeses you name it	test	0	0	1	0	0	0
test1187	amazing fun for hot dog lovers of all ages please do yourself favor and check this place out	test	0	0	1	0	1	0
test1188	best dining experience in the west village	test	0	0	0	0	1	0
test1189	stepping into casa la femme last night was true experience unlike any other in new york	test	0	0	0	0	1	0
test1190	highly impressed from the decor to the food to the hospitality to the great night had	test	1	0	1	0	1	1
test1191	the have great cocktail with citrus vodka and lemon and lime juice and mint leaves that is to die for	test	0	1	0	0	0	0
test1192	we were drawn into the belly dancing show that captivated the crowd	test	1	0	0	0	0	0
test1193	never write on these sites but this restaurant is def worth commending	test	0	0	0	0	1	0
test1194	maggot in the food	test	0	0	1	0	0	0
test1195	the menu looked great and the waiter was very nice but when the food came it was average	test	0	0	1	0	0	1
test1196	nevertheless finished my plate and that when found maggot in mushroom sauce at the bottom	test	0	0	1	0	0	0
test1197	showed it to the manager and he smilingly apologized and brought us two free desserts but did not ask us what we wanted and so brought the last two desserts we would have asked for	test	0	0	0	0	0	1
test1198	the manager finally said he would com the two glasses of wine which cost less than the food and made it seem like big concession	test	0	0	0	0	0	1
test1199	we paid and left because we did feel like arguing any more	test	0	0	0	0	0	1
test1200	have worked in restaurants and cook lot and there is no way maggot should be able to get into well prepared food	test	0	0	1	0	0	0
test1201	for restaurant with such good reputation and that is usually so packed there was no reason for such lack of intelligent customer service	test	0	0	0	0	1	1
test1202	unhygienic	test	0	0	1	0	0	0
test1203	do not recommend	test	0	0	0	0	1	0
test1204	got hair in my food times of then	test	0	0	1	0	0	0
test1205	great place great value	test	0	0	0	0	1	0
test1206	the food is flavorful plentiful and reasonably priced	test	0	0	1	0	0	0
test1207	the atmosphere is relaxed and casual	test	1	0	0	0	0	0
test1208	it great place to order from or sit in	test	0	0	0	0	1	0
test1210	inexpensive unassuming great time	test	1	0	0	0	1	0
test1211	sushi experience was unbelievable with my fiance	test	0	0	1	0	0	0
test1212	try it	test	0	0	0	0	1	0
test1213	very pleased	test	0	0	0	0	1	0
test1214	good creative rolls	test	0	0	1	0	0	0
test1215	yamato is an excellent place to go if youre not into sashimi or if you have friends who doesnt like sushi much	test	0	0	0	0	1	0
test1216	they have great rolls the triple color and norwegetan rolls are awesome and filling	test	0	0	1	0	0	0
test1217	one special roll and one regular roll is enough to fill you up but save room for dessert	test	0	0	1	0	0	0
test1218	they have delicious banana chocolate dessert as well as great green tea tempura	test	0	0	1	0	0	0
test1219	the appetizers are also delicious	test	0	0	1	0	0	0
test1220	mazing interior	test	1	0	0	0	0	0
test1222	ve had my fair share of modern japanese and this spot delivers	test	0	0	1	0	0	0
test1223	the atmosphere was pretty nice but had bit lacking which it tries to make up for with crazy scheme of mirrors	test	1	0	0	0	0	0
test1224	if you re into being lost when you re just five feet from your table then hey that good thing	test	1	0	0	0	0	0
test1225	despite the confusing mirrors this will likely be my go to for modern japanese food for the foreseeable future	test	1	0	1	0	0	0
test1226	indo chinese food pretty good	test	0	0	1	0	0	0
test1227	not very fancy place but very good chinese style indian food	test	1	0	1	0	0	0
test1228	the chicken lollipop is my favorite most of the dishes have to agree with previous reviewer are quite oily and very spicy espeically the chilli chicken	test	0	0	1	0	0	0
test1229	my mom originally introduced me to this place but even she being indian feels the food can be somewhat over the top spicy and far too oily	test	0	0	1	0	0	0
test1230	still we keep going back	test	0	0	0	0	1	0
test1231	was speechless by the horrible food	test	0	0	1	0	0	0
test1232	attended holiday dinner at the restaurant and the food was majorly disappointing	test	0	0	1	0	0	0
test1233	was so stunned and left the dinner hungry and majorly disappointing	test	0	0	0	0	1	0
test1234	this place survives on reputation alone	test	0	0	0	0	1	0
test1235	will never return	test	0	0	0	0	1	0
test1236	best in all of nyc	test	0	0	0	0	1	0
test1237	this is the most wonderful restaurant in all of new york city not just brooklyn	test	0	0	0	0	1	0
test1238	for years they have put out the most tasty most delicious food and kept it that way	test	0	0	1	0	0	0
test1239	never swaying never bad meal never bad service	test	0	0	1	0	1	1
test1240	you should travel from the bronx to try it	test	0	0	0	0	1	0
test1241	great food great wine list great service in great neighborhood	test	0	1	1	1	0	1
test1242	so delicious	test	0	0	1	0	0	0
test1243	patsy pizza true love	test	0	0	0	0	1	0
test1244	hands down the best pizza on the planet	test	0	0	1	0	0	0
test1245	in about minutes the thing is gone	test	0	0	1	0	0	0
test1246	the hot dogs were juicy and tender inside and had plenty of crunch and snap on the outside	test	0	0	1	0	0	0
test1247	great toppings definitely place you need to check out for late night munchies or mid day boost	test	0	0	1	0	1	0
test1248	great taste	test	0	0	1	0	0	0
test1249	great original taste	test	0	0	1	0	0	0
test1250	for me dishes little oily but overall dining experience good	test	0	0	1	0	1	0
test1251	helpful service and average price per dish	test	0	0	1	0	0	1
test1253	this place has great indian chinese food	test	0	0	1	0	0	0
test1254	the flavors are amazing and the value is phenomenal	test	0	0	1	0	0	0
test1255	be prepared to wait because the place is pretty tiny	test	1	0	0	0	1	0
test1256	also they do not take credit card so come with cash	test	0	0	0	0	1	0
test1257	even though the place is not beautiful the food speaks for itself	test	1	0	1	0	0	0
test1258	best indian chinese in the city by far	test	0	0	1	0	0	0
test1259	amazing my favorite	test	0	0	0	0	1	0
test1260	came across village underground by accident now go there all the time	test	0	0	0	0	1	0
test1261	the service is amazing ve had different waiters and they were all nice which is rare thing in nyc	test	0	0	0	0	0	1
test1262	the dj is awesome have been there for my birthday and bunch of other times with friends and keep going back	test	1	0	0	0	1	0
test1263	you can get table without reservation if you get there early they do make you by bottles	test	0	0	0	0	0	1
test1264	which lets face it at times it good thing	test	0	0	0	0	0	1
test1265	in the end you end up with fair tab and nothing but great time	test	0	0	0	0	1	0
test1267	one of the best if not the best restaurants in park slope and ny in general	test	0	0	0	0	1	0
test1268	everything on the menu is great	test	0	0	1	0	0	0
test1269	this establishment is the real deal	test	0	0	0	0	1	0
test1270	wish ny had more of these kind of places intimate superb food homey top notch all the way around certainly worth the wait	test	1	0	1	0	1	0
test1271	but for dinner for two that did include wine	test	0	0	1	0	0	0
test1272	look the appetizers were really good	test	0	0	1	0	0	0
test1273	the entree was also very good	test	0	0	1	0	0	0
test1274	ca argue about that but they are clearly over priced	test	0	0	1	0	0	0
test1275	what you are paying for is the environment and the name	test	1	0	0	0	1	0
test1276	yes the place is classy and beautiful but they most certainly target the uber whealthy not the common joe that wants to go all out every once in while	test	1	0	0	0	0	0
test1277	which of course is not real kobe but wagyu beef	test	0	0	1	0	0	0
test1278	surprised that place of this caliber would advertise it as kobe	test	0	0	0	0	1	0
test1279	vanison was good but not amazing	test	0	0	1	0	0	0
test1280	bison was quite excellent however	test	0	0	1	0	0	0
test1281	dessert pure disaster	test	0	0	1	0	0	0
test1282	just not good at all	test	0	0	1	0	0	0
test1283	some pineapple covered in glaze of some kind and some pear tart thing not impressive at all	test	0	0	1	0	0	0
test1284	read reviews that called the restaurant too expensive and thought to myself but may be it is worth it	test	0	0	0	0	1	0
test1285	the four seasons has history and it is sort of landmark of new york city restaurants but trust me they will charge you through the nose just so that you can say ve been to the four seasons restaurant	test	0	0	0	0	1	0
test1286	all in all the food was great except for the dessserts	test	0	0	1	0	0	0
test1287	if you are going for the food it will not be worth it	test	0	0	1	0	0	0
test1288	you would think they would make up for it with service sadly no	test	0	0	0	0	0	1
test1289	service was just ok it is not what you expect for	test	0	0	0	0	1	1
test1290	terrible waste of money scammers	test	0	0	0	0	1	0
test1291	agree that dining at casa la femme is like no other dining experience	test	0	0	0	0	1	0
test1292	am actually offended to have spent so much money on such bad experience	test	0	0	0	0	1	0
test1293	literally just got back home after visiting casa la femme and was so offended by my visit felt it necessary to try and warn other diners who value their money and time	test	0	0	0	0	1	0
test1294	our visit their to say the least was an unpleasant and costly experience	test	0	0	0	0	1	0
test1295	and even more so unpleasant because it was so costly for such an unpleasant experience	test	0	0	0	0	1	0
test1296	we did arrive late for our reservation so can not complain too much about the wait for table	test	0	0	0	0	0	1
test1297	although we were told minutes and it was more like minutes	test	0	0	0	0	0	1
test1298	we were ushered to the bar to wait momentarily and upon arrival were so excited	test	0	0	0	0	1	0
test1299	the place is beautiful	test	1	0	0	0	0	0
test1300	the hostess was very pleasant	test	0	0	0	0	0	1
test1301	our experience did not ever get any better	test	0	0	0	0	1	0
test1302	for each course we waited over hour to minutes and were never offered drink	test	0	0	0	0	0	1
test1303	we also asked for hooka six times and the waiter kept telling us one minute and never returning with the hooka	test	0	0	0	0	0	1
test1304	after the th time asked again and the waiter than said after our dinner	test	0	0	0	0	0	1
test1305	we asked for beverages and never received them	test	0	0	0	0	0	1
test1306	we asked for sides which the waiter than admitted that he forgot to put in that part of our order	test	0	0	0	0	0	1
test1307	my chicken was inedible as there were so many fatty lumps which had to keep spitting out into my napkin	test	0	0	1	0	0	0
test1308	would not expect this for dinner	test	0	0	1	0	0	0
test1309	by the time we finished our dinner we still had not received one beverage nor hooka	test	0	0	0	0	0	1
test1310	what we did do was waste hours being trapped in table waiting and waiting for food and drinks and hooka some of which we never received	test	0	0	0	0	0	1
test1311	the only beverage we did receive was water in dirty glasses	test	0	0	0	0	0	1
test1312	to top it all off the main reason we came to your restaurant was for the belly dancers and missed the first show as we were not seated yet and the nd belly dancer only danced at two tables in the back of the restaurant and never made it around to the other half of the restaurant	test	0	0	0	0	1	1
test1313	by the time we left our wallets were empty and so were our stomachs and we missed the show we were supposed to see following our dinner which would have been acceptable if we got to enjoy the experience of good food and belly dancers	test	0	0	0	0	1	0
test1314	if it seemed possible to do so while there would have fought my bill since my dinner portion of my meal was inedible	test	0	0	1	0	1	0
test1315	have never left restaurant feeling as if was abused and wasted my hard earned money	test	0	0	0	0	1	0
test1316	my husbands birthday and my sons was not as it was intended and we drove two hours to spend too much money to be treated terribly	test	0	0	0	0	1	1
test1317	wish could be refunded	test	0	0	0	0	1	0
test1318	do go with larger group than	test	0	0	0	0	1	0
test1319	at first we were little taken aback as this seemed to present problem although the restaurant looked fairly empty but they hastily put the table together for us	test	0	0	0	0	0	1
test1320	the menu is fairly simple without much descriptions	test	0	0	1	0	0	0
test1321	there was no tap beer that evening which was disappointment	test	0	1	0	0	0	0
test1322	not much of selection of bottled beer either we went with brahma	test	0	1	0	0	0	0
test1323	the appetizers we ordered were served quickly an order of fried oysters and clams were delicious but tiny portion maybe of each	test	0	0	1	0	0	1
test1324	the lobster knuckles special of the day were ok but pretty tasteless	test	0	0	1	0	0	0
test1325	believe there were shrimp in the salt encrusted shrimp appetizer	test	0	0	1	0	0	0
test1326	she replied well it would be more convenient for us if you ordered now since you are larger party and it might get crowded	test	0	0	0	0	0	1
test1327	the food arrived in about minutes	test	0	0	0	0	0	1
test1328	had the thai style fried sea bass which was very good	test	0	0	1	0	0	0
test1329	everyone seemed generally happy with their food except my brother who had the grilled mahi mahi seemingly drenched in grapfruit juice	test	0	0	1	0	0	0
test1330	heard the lobster roll was excellent	test	0	0	1	0	0	0
test1331	they seemed to continue to rush us along taking plates without asking if we were done my sister still had her fork in hand	test	0	0	0	0	0	1
test1332	all in all the food was good little on the expensive side but fresh	test	0	0	1	0	0	0
test1333	service not the friendliest to our large party	test	0	0	0	0	0	1
test1334	probably would not go back here	test	0	0	0	0	1	0
test1336	food was amazing love indian food and eat it quite regularly but can say this is one of the best ve had	test	0	0	1	0	0	0
test1337	very normal indian food but done really well	test	0	0	1	0	0	0
test1338	also waiters try to push more food on you like suggest things as if they are complimentary when they actually cost	test	0	0	0	0	0	1
test1339	but if you re prepared to spend some and remember to ask if something they offer is complimentary then this is the place to go for indian food	test	0	0	1	0	1	0
test1340	one of the best	test	0	0	0	0	1	0
test1341	bukhara grill the tagline says it all indian spice rave	test	0	0	0	0	1	0
test1342	the lunch buffet is expensive but is deff worth it	test	0	0	1	0	0	0
test1343	we have gone for dinner only few times but the same great quality and service is given	test	0	0	1	0	0	1
test1344	bukhara is on my top indian places in nyc	test	0	0	0	0	1	0
test1345	wretched and retching	test	0	0	0	0	1	0
test1346	have never been so disgusted by both food an service	test	0	0	1	0	0	1
test1347	for starters they delivered us someone else order	test	0	0	0	0	0	1
test1348	however once received my predictably mediocre order of what dokebi thinks passes as korean fair sometimes you have to settle when it your only option got through about half my kimchee before found piece of random lettuce accompanied by far more disgusting slimy clearly bad piece of fish skin	test	0	0	1	0	0	0
test1349	my main concern was the sanity of the food that was being sent out to myself and others but would be lying is said that as someone who has worked in restaurants since the age of fifteen was expecting at least minimal effort on the part of the restaurant to amend the situation	test	0	0	1	0	0	1
test1350	none was made so hung up	test	0	0	0	0	0	1
test1351	less than three minutes passed before found myself doubled over the toilet	test	0	0	1	0	0	0
test1352	my girlfriend being slightly more aggressive and having been equally disgusted causing her to throw out the remainder of her barely eaten meal called back only to be informed that was probably wrong and that it was most likely an oyster and that we were also blacklisted from their restaurant	test	0	0	1	0	0	1
test1353	it was as if this restaurant had any major bragging points before hand but now it simply repulsive	test	0	0	0	0	1	0
test1354	gorgeous place ideal for romantic dinner	test	1	0	0	0	1	0
test1355	book gorgeous white organza tent which included four course prix fix menu which we enjoyed lot	test	1	0	1	0	0	0
test1356	completely recommend casa la femme for any special occasion and to really impress your date	test	0	0	0	0	1	0
test1357	more williamsburg garbage	test	0	0	0	0	1	0
test1358	the dishes came out around minutes apart	test	0	0	0	0	0	1
test1359	the bibimbap was average but the stone bowl was even close to sizzling	test	0	0	1	0	0	0
test1360	too bad had paid an extra for the stone bowl	test	0	0	1	0	0	0
test1361	the nakgi bokum was horrible	test	0	0	1	0	0	0
test1362	easily the worst stir fried squid ve ever tasted	test	0	0	1	0	0	0
test1363	the sauce tasted more like chinese fast food than decent korean	test	0	0	1	0	0	0
test1364	the side dishes were passable and did get refill upon request	test	0	0	1	0	0	0
test1365	the real problem had with this place was the complete lack of service	test	0	0	0	0	0	1
test1366	she just nodded and walked off	test	0	0	0	0	0	1
test1367	as to my comment about the food no apology or acknowledgment was made	test	0	0	0	0	0	1
test1368	my wife had barely touched that mess of dish	test	0	0	1	0	0	0
test1369	we were charged full price	test	0	0	0	0	0	1
test1370	lives up to the hype	test	0	0	0	0	1	0
test1371	we ve tried before but it always packed and does take reservations	test	0	0	0	0	1	0
test1372	it was well worth the wait	test	0	0	0	0	1	0
test1373	the wife had the risotto which was amazing	test	0	0	1	0	0	0
test1374	it does look appetizing as it covered in squid ink and it turns your lips and teeth black but the taste was phenomenal	test	0	0	1	0	0	0
test1375	the farro salad and the mashed yukon potatoes were also extremely tasty	test	0	0	1	0	0	0
test1376	love margherita pizza looove east village pizza	test	0	0	1	0	1	0
test1377	love this place every time we are in the city this is one of the places we always go	test	0	0	0	0	1	0
test1378	quintessential slice of nyc pizza	test	0	0	1	0	0	0
test1379	the crust has great bite and good chew the sauce is light with nice acidity to it the salt from the cheese is great really heightens the flavor of all the other components	test	0	0	1	0	0	0
test1380	personally like the margherita pizza better but they are all good	test	0	0	1	0	0	0
test1381	possibly the most romantic restaurant in the city	test	1	0	0	0	0	0
test1382	this is undoubtedly my favorite modern japanese brasserie that don serve sushi and in my opinion one of the most romantic restaurants in the city	test	1	0	0	0	1	0
test1383	not only is it an adventure getting to this somewhat hidden spot once you enter the unmarked wooden doors the zen and intimate decor will make you feel like you re no longer in the city	test	1	0	0	1	0	0
test1384	if you re planning to come here make sure that your date is someone whom you really like since you ll be ushered to private booths where there will be no people or food watching choose the ones on the ground level that have glass ceilings so you may see the stars in the sky	test	1	0	0	0	0	0
test1385	it just you and your date and an occasional cute excuse me before the waiter opens the little curtain to your booth	test	1	0	0	0	0	1
test1386	my party had the bbe fixe prix menu which was such wonderful deal since it also came with flight of sake	test	0	0	1	0	0	0
test1387	we started off with delightful sashimi amuse bouche	test	0	0	1	0	0	0
test1388	picked the grilled black cod as my entree which absolutely devoured while someone commented that the grilled salmon dish was better	test	0	0	1	0	0	0
test1389	the entrees were served with miso soup and rice	test	0	0	1	0	0	0
test1390	for desserts we tried the frozen black sesame mousse interesting but not extraordinary and matcha powdered green tea and blueberry cheesecake which was phenomenal	test	0	0	1	0	0	0
test1391	do usually visit the same establishment more than once what more twice but ll come to zenkichi anytime for quiet unhurried and memorable dinner	test	1	0	0	0	1	0
test1392	terrible would be compliment	test	0	0	0	0	1	0
test1393	the service leaves much to be desired from feeling like you are rushed the place your order to being ignored the rest of the night	test	0	0	0	0	0	1
test1394	we paid fixed pricce but got nothing	test	0	0	0	0	0	1
test1395	we never ate because by close to in the monring we were not served and were too upset ad tired to start eating	test	0	0	0	0	0	1
test1396	they are extremely rude not even apologizing for the horrible service we got and handing us bill well over for some drinks adn their pita bread	test	0	1	1	0	0	1
test1397	stay away	test	0	0	0	0	1	0
test1398	great shabu shabu	test	0	0	1	0	0	0
test1400	but for the shabu shabu you wo find much better in ny	test	0	0	1	0	0	0
test1401	the meat is fresh the sauces are great you get kimchi and salad free with your meal and service is good too	test	0	0	1	0	0	1
test1402	dokebi gives williamsburg the right one two punch of classic korean food and fusion twists like pork belly tacos	test	0	0	1	0	0	0
test1403	the hot dogs are good yes but the reason to get over here is the fantastic pork croquette sandwich perfect on its supermarket squishy bun	test	0	0	1	0	0	0
test1404	restaurant with view	test	0	0	0	1	0	0
test1405	the food tasted very good	test	0	0	1	0	0	0
test1406	the main entree was also very good	test	0	0	1	0	0	0
test1407	price is high but the food is good so would come back again	test	0	0	1	0	1	0
test1408	this place does make any sense	test	0	0	0	0	1	0
test1409	just want to warn you all do waste your time and money	test	0	0	0	0	1	0
test1410	this place has totally weird decor stairs going up with mirrored walls am surprised how no one yet broke their head or fall off the stairs mirrored walls make you dizzy and delusional	test	1	0	0	0	0	0
test1411	this place is not inviting and the food is totally weird	test	1	0	1	0	0	0
test1412	the concept of japanese tapas is newly created and clearly does work	test	0	0	1	0	0	0
test1414	the food was great and tasty but the sitting space was too small do like being cramp in corner	test	1	0	1	0	0	0
test1415	over all it was very nice romantic place	test	1	0	0	0	1	0
test1417	coworker and tried pacifico after work few fridays and loved it	test	0	0	0	0	1	0
test1419	the food we ordered was excellent although would say the margaritas were anything to write home about	test	0	1	1	0	0	0
test1420	our waitress was mean but not especially warm or attentive either	test	0	0	0	0	0	1
test1421	must say am surprised by the bad reviews of the restaurant earlier in the year though	test	0	0	0	0	1	0
test1422	regardless we ll be back and ca wait to visit in the summer to take advantage of the patio	test	1	0	0	0	1	0
test1423	dumbfoundingly poor	test	0	0	0	0	1	0
test1424	this was from start to finish mind bogglingly uncomfortable experience	test	0	0	0	0	1	0
test1425	lexicographers take note new and fascinating definition of rudeness is alive and flourishing right here in brooklyn	test	0	0	0	0	0	1
test1426	the servers at flatbush farm appear to have perfected that ghastly technique of making you feel guilty and ashamed for deigning to attract their attention	test	0	0	0	0	0	1
test1427	polite acknowledgement is out	test	0	0	0	0	0	1
test1428	and how many times can you pick up the same perfectly aligned set of napkins inspect them vapidly and plonk them down in exactly the same place instead of venturing glance at people who are there to help you make the rent	test	0	0	0	0	0	1
test1429	different server enhanced the fun dumping our entrees in front of us halfway through our appetizer which was delicious	test	0	0	1	0	0	1
test1430	overall the food quality was pretty good though hear the salmon is much better when it has sat cooling in front of the guest	test	0	0	1	0	0	1
test1431	the place has nice fit out some attractive furnishings and from what could tell reasonable wine list was given the food menu when asked for the carte des vins	test	1	1	0	0	0	1
test1432	at for two people however this in no way represents value unless you re looking to pay by the hour for passive aggressive torture	test	0	0	0	0	1	1
test1433	on that scale it world beater	test	0	0	0	0	1	0
test1434	how is this palce still open	test	0	0	0	0	1	0
test1435	honestly do even know where to begin	test	0	0	0	0	1	0
test1436	we arrived and were seated immediately which made us both happy	test	0	0	0	0	0	1
test1437	everything was going good until we got our meals	test	0	0	1	0	1	0
test1438	took one look at the chicken and was appalled	test	0	0	1	0	0	0
test1439	it was served with skin over bed of extremely undercooked spinach and mashed potatoes	test	0	0	1	0	0	0
test1440	took one bite from the salmon and have never in the years have been going to restaurants tasted salmon as fishy as dry and as bland as the one in flatbush farms	test	0	0	1	0	0	0
test1441	at this point the waitress comes over and asks us if everything was okay was literally so shocked that was speechless and did say anything and guess what the waitress walked away	test	0	0	0	0	0	1
test1442	so switch with my boyfriend again to see if maybe could stomach the meat and spinach again but the spinach was so undercooked that just could not bite through it	test	0	0	1	0	0	0
test1443	could even enjoy the mashed potatoes because it was hidden completely under the chicken and spinach	test	0	0	1	0	0	0
test1444	so decide to report back to the waitress because it was completely inedible	test	0	0	1	0	0	0
test1445	guess what waited for twenty minutes before she came over and when she finally did she says oh well wish you would have said something earlier no apology nothing	test	0	0	0	0	0	1
test1446	after that she simply took our plates walked away came back another twenty minutes later with the bill and the chicken on it	test	0	0	0	0	0	1
test1447	no desert menu no apology nothing	test	0	0	0	0	0	1
test1448	this is where it really really gets bad the manager said there is absolutely nothing we can do it matter of taste that she did like it and can not comp it	test	0	0	0	0	0	1
test1449	again no apology no is there anything else can get you no can get you drink to make up for it nothing	test	0	0	0	0	0	1
test1450	the level of rudeness was preposterous	test	0	0	0	0	0	1
test1451	the manager came to the table and said we can do what we want so we paid for what we did enjoy the drinks and appetizers and walked out	test	0	1	1	0	0	1
test1452	have never ever had such an unpleasant experience	test	0	0	0	0	1	0
test1453	this staff should be fired	test	0	0	0	0	0	1
test1454	cirspy crust margherita pizza	test	0	0	1	0	0	0
test1455	it was really good pizza	test	0	0	1	0	0	0
test1456	the crust was imazingly cooked well and pizza was fully loaded	test	0	0	1	0	0	0
test1457	you know what mean all the positives things happening there made mw write this review	test	0	0	0	0	1	0
test1458	ll being with couple of positives cool decor good pita and hummus and grilled octopus that was actually pretty tasty	test	1	0	1	0	0	0
test1459	if could give stars would do so for this place	test	0	0	0	0	1	0
test1460	the reason there are different results on citysearch for the same place is because they keep trying to start new thread so they can stock it with positive reviews	test	0	0	0	0	1	0
test1461	well they can run but they ca hide	test	0	0	0	0	1	0
test1462	this place god where do begin	test	0	0	0	0	1	0
test1463	the decor however seems to be the distraction so you wo notice that you just payed bucks for some cold eggplant that took frickin hours to come	test	1	0	1	0	0	1
test1464	great hot dogs	test	0	0	1	0	0	0
test1465	the hot dogs are top notch and they re slamwich is amazing	test	0	0	1	0	0	0
test1466	going to bark is always worth the train ride and will make your tongue and belly very happy	test	0	0	1	0	1	0
test1467	only complaint is the pricing believe it would be more reasonable to pay dollar less on each item listed on the menu	test	0	0	1	0	0	0
test1468	fabulous food if the front of house staff do put you off	test	0	0	1	0	0	1
test1469	it little out of our price range for dining there except on special occasions but we ve eaten there times in the last years	test	0	0	0	0	1	0
test1470	each time we ve been the front of house staff not the waiters they re fantastic but the people who greet and seat you has been so hideous to us that were it not for the exceptional fish dishes would never return	test	0	0	1	0	0	1
test1471	as bfc does take reservations you almost always have to wait by the bar and be abused by the front of house staff until you are seated which can be over an hour later	test	0	0	0	0	1	1
test1472	the frizzy retro girl with winged dame edna glasses will yell at you if you try to order drink	test	0	0	0	0	0	1
test1473	was almost amused by the fact that she was turning away customers at pm on friday night because she had bbq to go to that night wtf	test	0	0	0	0	0	1
test1474	be horrified if my staff were turning away customers so early and so rudely	test	0	0	0	0	0	1
test1475	there another girl who ca describe she is about with brown hair who eavesdrops on your conversation and chimes in except she only hears the last part of what you said so her uninvited opinions are often out of context and nothing to do with what you re really talking about	test	0	0	0	0	0	1
test1476	friendly person so would mind had she not been so nasty and gotten so personal	test	0	0	0	0	0	1
test1477	again be super upset if that were my employee	test	0	0	0	0	0	1
test1478	considering you will spend at least head expect better service	test	0	0	0	0	1	1
test1479	so if you re walking by and thinking about dining you might want to see who going to be seating you first	test	0	0	0	0	0	1
test1480	maitre eat and get out	test	0	0	0	0	0	1
test1481	while finishing our meals which included high end bottle of wine our son fiance joined us for glass of wine and dessert	test	0	1	0	0	0	0
test1482	this guy refused to seat her and she left followed shortly by the four of us but not before told him that in my years of world travel including paris that had never seen such display of bad behavior by frontman in restaurant	test	0	0	0	0	0	1
test1483	his response was smug arrogant and condescending totally consistent with his deportment on display all evening	test	0	0	0	0	0	1
test1484	if you go here do it on his off night	test	0	0	0	0	0	1
test1485	best meal in long time	test	0	0	1	0	0	0
test1486	mussles and calamari were superb saturday evening	test	0	0	1	0	0	0
test1487	my father had the flank steak which was very good and my mother had the swordfish	test	0	0	1	0	0	0
test1488	the four seasons restaurant is great experience	test	0	0	0	0	1	0
test1489	the food is great and the environment is even better	test	1	0	1	0	0	0
test1490	everyone must come here at least once	test	0	0	0	0	1	0
test1492	taking hot dogs to the next level	test	0	0	1	0	0	0
test1493	at first glance this place seems bit pricey for hot dog joint but at bark you do just get your average hot dog	test	0	0	1	0	1	0
test1494	here the hot dog is elevated to the level of real entree with numerous variations available	test	0	0	1	0	0	0
test1495	great atmosphere	test	1	0	0	0	0	0
test1496	highly recommend the fish tacos everything else was ok	test	0	0	1	0	0	0
test1497	cool atmosphere the fire place in the back really ads to it but needs bit more heat throughout on cold night	test	1	0	0	0	0	0
test1498	poor service and management	test	0	0	0	0	0	1
test1499	had an awful experience at casa la femme on saturday dinner	test	0	0	0	0	1	0
test1500	appetizers took nearly an hour	test	0	0	0	0	0	1
test1501	never got an explanation as to what was going on	test	0	0	0	0	0	1
test1502	the manager was rude and handled the situation extremely poorly	test	0	0	0	0	0	1
test1503	on the way out we heard of other guests complaining about similar issues	test	0	0	0	0	0	1
test1504	can believe how an expensive nyc restaurant can be so disrespectful to its clients	test	0	0	0	0	1	1
test1505	what hassle	test	0	0	0	0	1	0
test1506	the food is very good but not outstanding	test	0	0	1	0	0	0
test1507	there is no way it justifies the accolades it receives the attitude of the staff or the wait for table	test	0	0	1	0	0	1
test1508	on our last visit they skipped over our name on the list leaving us waiting an extra hour for table	test	0	0	0	0	0	1
test1509	mistakes happen but they are usually accompanied by an apology perhaps even glass of wine but not the grunt that we received from the al di la staff	test	0	0	0	0	0	1
test1510	expensive	test	0	0	0	0	1	0
test1511	the pasta was well cooked did have enough sauce though or flavor	test	0	0	1	0	0	0
test1512	so rude	test	0	0	0	0	0	1
test1513	was one of the people that went for this horrible experience	test	0	0	0	0	1	0
test1514	the hostess was rude and got distinct feeling that they did not want to serve us	test	0	0	0	0	0	1
test1515	the only thing that my friend left out is that when we sat down at the bar the bartender disappeared	test	0	0	0	0	0	1
test1516	asked for menu and the same waitress looked at my like was insane	test	0	0	0	0	0	1
test1517	was shocked that my friends wanted to stay after the waitress said can help you and how many are in your party	test	0	0	0	0	0	1
test1518	the three of us standing in front of her should have been an indication of how many of us there were	test	0	0	0	0	0	1
test1519	we did look like the other patrons in there so unfortunately think that may have been part of the problem	test	0	0	0	0	1	0
test1520	bad staff	test	0	0	0	0	0	1
test1521	generally like this place	test	0	0	0	0	1	0
test1522	the design of the space is good	test	1	0	0	0	0	0
test1523	but the service is horrid	test	0	0	0	0	0	1
test1524	was there for brunch recently and we were tag teamed by waitress and waiter	test	0	0	0	0	0	1
test1525	the waiter delivered our food while holding what appeared to be plastic bag of garbage in one hand	test	0	0	0	0	0	1
test1526	ca believe that it was but please put the bag down before delivering food	test	0	0	0	0	0	1
test1527	the waitress came to check in on us every few minutes and began to clear the plates while half of us were still eating big pet peeve of mine that happens almost everywhere so try to ignore it	test	0	0	0	0	0	1
test1528	could ignore the fact that she reach over the plate of one of my friends who was in mid bite to clear the table	test	0	0	0	0	0	1
test1529	she then put the check down without asking if we were done and came to check on the bill every two minutes even though we were one of three occupied tables	test	0	0	0	0	0	1
test1530	wish could like this place more and wish someone would retrain the staff	test	0	0	0	0	1	1
