ID	Sentence	Split	facilities	food_drinks	hotel	location	polarity	room_amenities	rooms	service
train1	the effort the staff makes to please their customers is very noticeable	train	0	0	0	0	0	0	0	1
train2	the hotel is clean and comfortable	train	0	0	1	0	0	0	0	0
train3	definitely reccomend this hotel	train	0	0	1	0	0	0	0	0
train4	caro ma	train	0	0	0	0	0	0	0	0
train5	la qualit脿	train	0	0	0	0	0	0	0	0
train6	non	train	0	0	0	0	0	0	0	0
train7	granch猫	train	0	0	0	0	0	0	0	0
train8	showreview full	train	0	0	0	0	0	0	0	0
train9	nice hotel good location good faclities great hotel in lovely grounds	train	1	0	1	1	0	0	0	0
train10	the rooms are as you would expect and some have good views of tokyo	train	0	0	0	0	0	0	1	0
train11	the shops are the usual designer stuff	train	0	0	0	0	0	0	0	0
train12	but it does have post office bakery news agency drugstore and travel agency in the hotel	train	1	0	0	0	0	0	0	0
train13	good location in tokyo the metro is really close use the covered underground walkway most of the way that means you don have to cross any roads to get there and provides good access to both east and west of the city and akasaka has good mix of restaurants bars and coffee shops	train	0	0	0	1	0	0	0	0
train14	would stay there again	train	0	0	1	0	0	0	0	0
train15	great price for downtown two star motel quite possibly the cheapest price for motel room in major city in the downtown area	train	0	0	1	0	0	0	1	0
train16	clean room with quite new bathroom fixtures	train	0	0	0	0	0	1	1	0
train17	average friendly staff	train	0	0	0	0	0	0	0	1
train18	and yes it on busy market street which means bit of traffic at night	train	0	0	0	1	0	0	0	0
train19	have stayed here before and would consider it again	train	0	0	1	0	0	0	0	0
train20	nice cozy very comfortable bed we liked that it is green hotel	train	0	0	0	0	0	0	0	0
train21	nice tv	train	0	0	0	0	0	0	0	0
train22	very cozy room typical in san francisco	train	0	0	0	0	0	0	0	0
train23	for the not sure you can do as well or better	train	0	0	0	0	0	0	0	0
train24	the location was great	train	0	0	0	0	0	0	0	0
train25	also enjoyed the restaurant	train	0	0	0	0	0	0	0	0
train26	excellent friendly staff we stayed for four nights at the castle inn and enjoyed every minute of it	train	0	0	1	0	0	0	0	1
train27	the room was spacious and clean and the oversized bathroom was bonus	train	0	0	0	0	0	0	1	0
train28	the staff at reception were always helpful and cheery and nothing was too much trouble	train	0	0	0	0	0	0	0	1
train29	even giving us super directions to start our road trip	train	0	0	0	0	0	0	0	0
train30	the breakfast was more substantial than we thought it would be so again good bonus	train	0	1	0	0	0	0	0	0
train31	we would definately recommend this hotel	train	0	0	1	0	0	0	0	0
train32	matchless in midtown	train	0	0	0	0	0	0	0	0
train33	this hotel is so well located within walking distance of grand central terminal and ideal for theatergoers	train	0	0	0	1	0	0	0	0
train34	it is fairly new tall and narrow building squeezed between two larger ones so there little natural light but the rooms are what you typically expect from marriott courtyard and surprisingly roomy for manhattan clean with comfortable bedding and plush towels free internet good in room coffee avoid the lobby machine stuff flat screen tv and most of all very professional and helpful staff	train	0	1	1	0	0	1	1	1
train35	we did not choose to use their breakfast option	train	0	0	0	0	0	0	0	0
train36	and the price for king size is matchless for nice place in midtown	train	0	0	0	0	0	0	1	0
train37	we will definitely return	train	0	0	1	0	0	0	0	0
train38	fantastic	train	0	0	0	0	0	0	0	0
train39	this resort was fabulous	train	0	0	1	0	0	0	0	0
train40	it had everything you could possible want	train	0	0	0	0	0	0	0	0
train41	the staff was great polite and willing to go the extra mile	train	0	0	0	0	0	0	0	1
train42	the activities were blast	train	0	0	1	0	0	0	0	0
train43	francisco on the activities team had great enthusiasm which made his activities great experience	train	0	0	1	0	0	0	0	0
train44	great choice stayed here over the weekend of	train	0	0	1	0	0	0	0	0
train45	awesome hotel with great location but out of the rush	train	0	0	1	1	0	0	0	0
train46	the rooms were so quiet with flat screen tv	train	0	0	0	0	0	0	1	0
train47	they were also clean and great size for nyc hotel	train	0	0	0	0	0	0	1	0
train48	have stayed at the times sq and the grand hyatt this was much better	train	0	0	1	0	0	0	0	0
train49	would stay again	train	0	0	1	0	0	0	0	0
train50	mind your property	train	0	0	0	0	0	0	0	0
train51	the hotel is pretty basic and there are better areas to stay in berlin	train	0	0	1	0	0	0	0	0
train52	do not leave any personal belongings in the room	train	0	0	0	0	0	0	1	0
train53	had my mobile phone stolen from my room during my stay	train	0	0	0	0	0	0	1	0
train54	good hotel in great location	train	0	0	1	1	0	0	0	0
train55	the location of this hotel is excellent within walking distance of the ramblas and many restaurants and bars	train	0	0	0	1	0	0	0	0
train56	the hotel is comfortable and posesses great character	train	0	0	1	0	0	0	0	0
train57	our room at the back overlooking the terrace was quite small but functional and although you could hear noise from other rooms there was no outside noise at all	train	0	0	0	0	0	0	1	0
train58	reasonably priced and very comfortable our only complaint was one rude staff member who was there when we checked in all other staff were friendly and helpful	train	0	0	1	0	0	0	0	1
train59	would definitely recommend this hotel	train	0	0	1	0	0	0	0	0
train60	wouldn atay anywhere else in manahattan over the past ten years we have stayed at hotel beacon four times and having stayed at some other hotels we would never stay anywhere else in nyc the rooms are huge and very comfortable with small but well equipped kitchenette	train	0	0	0	0	0	0	1	0
train61	it great location stunning views to central park or the hudson from the upper floors don forget to ask when booking because they do try to give you what you request buses and subway within moments of the door or just walk to columbus amsterdam central park even mid town	train	0	0	0	1	0	0	1	0
train62	one particularly brilliant aspect of hotel beacon fairways foodstore directly across broadway from the beacon	train	0	0	0	1	0	0	0	0
train63	jaw dropping selection of stuff to eat including hot food counter which makes eating in any restaurant bit of waste of time grab bottle of wine at the beacon liquor store korean chicken or something at fairways then dine at your hotel beacon room window overlooking million manhattan lights	train	0	0	0	0	0	0	1	0
train64	unforgetable	train	0	0	0	0	0	0	0	0
train65	frankly at these prices there is no point in staying anywhere else particularly if you fancy experiencing the rather attractive life of an upper westside new yorker	train	0	0	1	0	0	0	0	0
train66	great location beautiful resort	train	0	0	1	1	0	0	0	0
train67	amongst the hustle and bustle of the busy streets of waikiki beach this resort offered nice peaceful sanctuary	train	0	0	1	0	0	0	0	0
train68	the room was very nice great room service excellent check in they check you in directly in your room	train	0	0	0	0	0	0	1	1
train69	the ocean views are very beautiful	train	0	0	0	0	0	0	1	0
train70	if staying in oahu we would definitely recommend this hotel as you get great beach location with serene resort that has excellent dining yet you are in walking distance to shopping and restaurants	train	1	0	1	1	0	0	0	0
train71	great location	train	0	0	0	0	0	0	0	0
train72	the hilton beijing is star hotel in central location for tourists and business	train	0	0	0	0	0	0	0	0
train73	the rooms are clean but but smaller than the	train	0	0	0	0	0	0	0	0
train74	service was excellent	train	0	0	0	0	0	0	0	0
train75	upgrading to executive suites is well worth it as you will get complimentary full bar happy hour and breakfast	train	0	0	0	0	0	0	0	0
train76	ahhh firenzi loved it	train	0	0	0	0	0	0	0	0
train77	our room with view of the arno was beautiful and the view absolutely breathtaking	train	0	0	0	0	0	0	0	0
train78	the bed was extremely comfortable breakfast was fantastic including champagne for mimosas the shower was terrible not clear on why hotels don have showers that have doors that actually close and keep the water in	train	0	0	0	0	0	0	0	0
train79	the concierge was great when it wa the actual concierge and not temporary fill in and the front desk staff was fantastic	train	0	0	0	0	0	0	0	0
train80	terrific location about mile from the uffizi gallery and right around the corner from piazza with shops and restaurants	train	0	0	0	0	0	0	0	0
train81	best location we stayed at the westin over night and booked it on priceline for	train	0	0	1	1	0	0	0	0
train82	the location is the best if you want to go to the theatre	train	0	0	0	1	0	0	0	0
train83	the staff was helpful and friendly and the hotel is really cool place to stay	train	0	0	1	0	0	0	0	1
train84	the room we had was average in size queen size bed great bathroom and shower great view of the city	train	0	0	0	0	0	1	1	0
train85	would definitely stay here again	train	0	0	1	0	0	0	0	0
train86	great value for money good area me and friends stayed in this motel for few nights in october and were very pleased with the value for money	train	0	0	1	0	0	0	0	0
train87	the motel is indeed on lombard street which is in fact section of the but as we had rooms away from the street we didn have any trouble with the noise	train	0	0	0	0	0	0	1	0
train88	the rooms themselves were pretty much the same as any motel room we saw during our round trip nothing exceptional but very adequate	train	0	0	0	0	0	0	1	0
train89	the biggest plus is the area it in nice little neighbourhood with shops and some excellent dining right around the corner	train	0	0	0	1	0	0	0	0
train90	we particularly enjoyed barneys with its gourmet burgers	train	0	0	0	0	0	0	0	0
train91	it not downtown but short busride has you in the heart of chinatown in no time	train	0	0	0	0	0	0	0	0
train92	don believe the reviews read	train	0	0	0	0	0	0	0	0
train93	this first	train	0	0	0	0	0	0	0	0
train94	the terror of tinytown	train	0	0	0	0	0	0	0	0
train95	the staff is fine but the rooms here are so small as to defy belief	train	0	0	0	0	0	0	1	1
train96	booked my room based on the positive reviews but after checked in began to question who these people were that wrote these great things	train	0	0	0	0	0	0	0	0
train97	if you want to rent room so small that you can even open your luggage except on your bed you ve found the right place	train	0	0	0	0	0	0	0	0
train98	fabulous room and views	train	0	0	0	0	0	0	1	0
train99	you definitely get what you pay for here	train	0	0	1	0	0	0	0	0
train100	we stayed in bedroom apartment with harbour views	train	0	0	0	0	0	0	1	0
train101	the room was absolutely fantastic very spacious beautiful bathroom and fully equipped with everything you need	train	0	0	0	0	0	1	1	0
train102	the view was great as well which was expected considering the brillant location right on the harbour	train	0	0	0	1	0	0	1	0
train103	we stayed here for one night after staying at another hotel for week and though twice the price it was times as good	train	0	0	1	0	0	0	0	0
train104	great place to stay in paris	train	0	0	1	0	0	0	0	0
train105	my friend stayed in this hotel seven years ago and had recommended it to me and was not disappointed during my stay there this spring	train	0	0	1	0	0	0	0	0
train106	found the place very clean friendly and in great location	train	0	0	1	1	0	0	0	1
train107	christine was very helpfull and very patient with all the questions we had as the first time travelers to paris with absolutly no knowledge of french	train	0	0	0	0	0	0	0	1
train108	if you re looking for good place for decent price this hotel would be an excellent choice	train	0	0	1	0	0	0	0	0
train109	ask for the off street room	train	0	0	0	0	0	0	0	0
train110	fabulous boutique hotel hotel that does what it is supposed to do	train	0	0	1	0	0	0	0	0
train111	we had wonderful suite with comfortable bed and good climate control	train	0	0	0	0	0	1	1	0
train112	the staff from the doorman to the floor maid and from the front desk to the shift manager were most accommodating and professional	train	0	0	0	0	0	0	0	1
train113	there is continental buffet breakfast in the lobby daily and wine reception in the evening both complimentary	train	0	1	0	0	0	0	0	0
train114	the internet connection is free and works perfectly	train	1	0	0	0	0	0	0	0
train115	really nice hotel just back from new york and our stay at the affinia	train	0	0	0	0	0	0	0	0
train116	would really recommend this hotel to anyone	train	0	0	0	0	0	0	0	0
train117	great location within walking distance from th ave and all the tourist sights	train	0	0	0	0	0	0	0	0
train118	hotel room was nice with comfy beds and the little kitchen was great extra	train	0	0	0	0	0	0	0	0
train119	best of all the staff were really friendly which all made for really enjoyabe stay	train	0	0	0	0	0	0	0	0
train120	good value and great breakfast stayed there for nights in mid sep	train	0	1	1	0	0	0	0	0
train121	the room was small and facilities were basic	train	1	0	0	0	0	0	1	0
train122	however its location was unbeatable reachable by all kinds of public transportation	train	0	0	0	1	0	0	0	0
train123	breakfast was impressive when compared to many star hotels in europe	train	0	1	0	0	0	0	0	0
train124	staff were generally friendly and professional	train	0	0	0	0	0	0	0	1
train125	argonaut hotel nothing but the best outstanding property	train	0	0	1	0	0	0	0	0
train127	excellent service	train	0	0	0	0	0	0	0	1
train128	sincere and helpful staff	train	0	0	0	0	0	0	0	1
train129	what more can say	train	0	0	0	0	0	0	0	0
train130	great place to stay	train	0	0	1	0	0	0	0	0
train131	this is great place to stay if you are looking for hotel close to the airport	train	0	0	1	1	0	0	0	0
train132	the room was clean the staff was helpful the breakfast was good and the shuttle is great	train	1	1	0	0	0	0	1	1
train133	have booked another reservation here for my upcoming trip	train	0	0	0	0	0	0	0	0
train135	swissotel comes through	train	0	0	0	0	0	0	0	0
train136	got an amazing rate through hotelbase and swissotel	train	0	0	0	0	0	0	0	0
train137	gave us free room upgrade	train	0	0	0	0	0	0	0	0
train138	clean comfortable great service	train	0	0	0	0	0	0	0	0
train139	exceded my expectations	train	0	0	0	0	0	0	0	0
train140	great breakfast stayed at the catalonia aragon for nights last month november	train	0	1	0	0	0	0	0	0
train141	clean stylish rooms	train	0	0	0	0	0	0	1	0
train142	front desk was extremely helpful with our lost luggage problem	train	0	0	0	0	0	0	0	1
train143	not in center of town but nearby metro and train to airport	train	0	0	0	1	0	0	0	0
train144	and as others have stated great breakfast	train	0	1	0	0	0	0	0	0
train145	great location and spacious room	train	0	0	0	0	0	0	0	0
train146	we stay for nights at the hotel	train	0	0	0	0	0	0	0	0
train147	it is not new but has an excellent location	train	0	0	0	0	0	0	0	0
train148	it is steps of ginza metro station restaurants etc	train	0	0	0	0	0	0	0	0
train149	the concierges were excellent and give us good suggestions and very detail information to go where we want	train	0	0	0	0	0	0	0	0
train150	also the recommendation of restaurants out of the hotel works fine	train	0	0	0	0	0	0	0	0
train151	wonderful place to stay in madrid we booked this hotel due to its central location and trip advisor ratings and weren disappointed	train	0	0	1	1	0	0	0	0
train152	the front desk staff were very friendly and helpful	train	0	0	0	0	0	0	0	1
train153	the breakfasts were excellent and we ate nice dinner one night in their restaurant when we were too tired to go back out	train	0	1	0	0	0	0	0	0
train154	the bathroom was huge and the price was reasonable nice contrasts with barcelona	train	0	0	0	0	0	0	1	0
train155	the room itself was adequate	train	0	0	0	0	0	0	1	0
train156	there are lots of great restaurants and tapas bars in madrid but be sure to try la casa del abuelo near puerto del sol for shrimp with garlic	train	0	0	0	0	0	0	0	0
train157	gorgeous	train	0	0	0	0	0	0	0	0
train158	beautiful first class hotel in super convenient location	train	0	0	0	0	0	0	0	0
train159	loved it	train	0	0	0	0	0	0	0	0
train160	will be back	train	0	0	0	0	0	0	0	0
train161	as per great reviews booked this hotel on the basis of the consistantly good reviews given to it via trip advisor	train	0	0	0	0	0	0	0	0
train162	the best thing about the hotel is the honesty and integrity of the staff which have found lacking in some venetian hotels	train	0	0	0	0	0	0	0	1
train163	suppose this is understandable with the huge number of tourists there	train	0	0	0	0	0	0	0	0
train164	it was very clean quiet the staff appear to enjoy their job and your presence and very good value for money	train	0	0	1	0	0	0	0	1
train165	will stay here again if get the opportunity	train	0	0	1	0	0	0	0	0
train166	excellent hotel very helpful staff we booked this hotel on hotwire and got great deal for two nights before our cruise	train	0	0	0	0	0	0	0	0
train167	the hotel has one of the best overal in barcelona within few yards to the underground five minutes walk to las ramblas and five minutes walk to the beautiful modern port area where there are endless walks and pleasure boat trips available	train	0	0	0	0	0	0	0	0
train168	we were going on cruise and needed taxi to get to the cruise port euro depending on the driver the trip in from the airport cost just over euros and takes about minutes depending on traffic although evening rush hours can take over an hour easily	train	0	0	0	0	0	0	0	0
train169	the hotel staff were excellent and they offer free wifi access or broadband using their own business centre if you do not carry your own laptop	train	0	0	0	0	0	0	0	0
train170	the breakfast buffet in the hotel is bit limited but if you purchase breakfasts for the full duration of your stay it will only cost euro and is very reasonable as the food is of good quality although the hot items are bit limited	train	0	0	0	0	0	0	0	0
train171	or if you prefer there are plenty of restaurants and bakeries within few minutes walk	train	0	0	0	0	0	0	0	0
train172	loved the apex city of london hotel booked the apex city of london hotel for nights based on the reviews on tripadvisor	train	0	0	1	0	0	0	0	0
train173	was not disappointed	train	0	0	1	0	0	0	0	0
train174	this is the nicest hotel ve stayed in in london to date	train	0	0	1	0	0	0	0	0
train175	the best points of this hotel are the staff the rooms and the proximity to the tube station	train	0	0	0	1	0	0	1	1
train176	the staff in this hotel were more than helpfull with all our requests	train	0	0	0	0	0	0	0	1
train177	will be staying here again	train	0	0	1	0	0	0	0	0
train179	my husband and had been to new orleans on two previous occasions for the french quarter festival and for mardi gras just prior to katrina	train	0	0	0	0	0	0	0	0
train180	even with remodeling going on our stay at the bienville house was wonderful	train	0	0	1	0	0	0	0	0
train181	our room was large decorated with period furnishings antiques and the bed was the most comfortable we have had at any hotel	train	0	0	0	0	0	1	1	0
train182	the hotel was just as the pictures on the websites showed the staff was friendly and helpful and even though the heritage cafe and gamay bistro were not open as the websites said we had wonderful stay at the bienville house	train	0	0	1	0	0	0	0	1
train183	we have already recommended to our friends who will be going to the jazz fest to check out the bienville house for great time	train	0	0	1	0	0	0	0	0
train184	most awful hotel we ever stayed at my husband and stayed at the raphael in may	train	0	0	1	0	0	0	0	0
train185	the rooms were not that great for the amount we payed and the staff was not friendly	train	0	0	0	0	0	0	1	1
train186	we also got really bad food poisoning from their room service and we both were extremely sick	train	0	0	0	0	0	0	0	1
train187	will not recommend this hotel to anyone	train	0	0	1	0	0	0	0	0
train188	decent package deal hotel room was decent for the price paid for	train	0	0	1	0	0	0	1	0
train189	it did show some age in the walls and furniture but serves the purpose for place to stay	train	0	0	0	0	0	0	1	0
train190	small kichenette was useful for the fridge and microwave	train	0	0	0	0	0	1	1	0
train191	should always prefer double over single king size bed since the room is so much more	train	0	0	0	0	0	0	0	0
train192	conveniently across from the international market and walking distance to the beach	train	0	0	0	1	0	0	0	0
train193	also has complimentary trolley to the mall	train	0	0	0	0	0	0	0	0
train194	great hotel in great location stayed at this hotel for nights in early august	train	0	0	1	1	0	0	0	0
train195	the hotel staff was very helpful the rooms were clean and although do not speak any french had no problems at all	train	0	0	0	0	0	0	1	1
train196	very convienant to the eiffel tower min walk	train	0	0	0	1	0	0	0	0
train197	nice choice of small cafe and shops in the area	train	0	0	0	1	0	0	0	0
train198	skip the pricey breakfast and walk to nearby shop instead	train	0	1	0	0	0	0	0	0
train199	good room and location we only had one night in florence so chose this place for its good proximity to tourist sites and train station and based on the excellent reviews it received here	train	0	0	0	1	0	0	1	0
train200	the hotel was easy to find and our room turned out to be quite nice	train	0	0	0	1	0	0	1	0
train201	air conditioning worked as advertised and cooled the room well at all hours	train	0	0	0	0	0	1	0	0
train202	furnishings were quite functional and we got to see our first bidet in this first stop in italy	train	0	0	0	0	0	1	0	0
train203	front desk staff was quite helpful and the included breakfast was good but simple continental fare	train	0	1	0	0	0	0	0	1
train204	great value great location friendly staff and loads of character stayed for one night at the end of business conference	train	0	0	0	0	0	0	0	0
train205	brilliant location right on quiet canal but just minutes from central station	train	0	0	0	0	0	0	0	0
train206	lovely old character dutch house	train	0	0	0	0	0	0	0	0
train207	room simple and small but immaculately clean flat screen tv and fabulous view over the canal	train	0	0	0	0	0	0	0	0
train208	nice breakfast	train	0	0	0	0	0	0	0	0
train209	highly recommended	train	0	0	0	0	0	0	0	0
train210	worst hotel ever	train	0	0	1	0	0	0	0	0
train211	this was the worst place have ever stayed	train	0	0	1	0	0	0	0	0
train212	the bathroom smelled so badly like mold that we could not open the door without the entire room smelling	train	0	0	0	0	0	0	1	0
train213	also the room was just dirty	train	0	0	0	0	0	0	1	0
train214	the best way for me to tell you how bad this hotel was is to let you know that joined this site simply to make sure no one else has to stay here	train	0	0	0	0	0	0	0	0
train215	clean and good location	train	0	0	0	1	0	0	0	0
train216	stayed here for weekend by myself single female and was happy with the service and the rooms	train	0	0	0	0	0	0	1	1
train217	it is budget hotel but was clean and comfortable and would happily stay here again	train	0	0	1	0	0	0	0	0
train218	it was close to trams and trains	train	0	0	0	1	0	0	0	0
train219	had safe in the room which was good to keep valuables in	train	0	0	0	0	0	0	1	0
train220	horrific had booked room for days this past february and after reading some of the reviews here cancelled it	train	0	0	0	0	0	0	0	0
train221	thank goodness because when saw it as drove by on the highway it looked pretty terrible	train	0	0	1	0	0	0	0	0
train222	should have been better about writing down all of the cancellation info because month later they charged me for the room didn even stay in and refuse to refund my money	train	0	0	0	0	0	0	0	1
train223	don stay there save yourself headache	train	0	0	1	0	0	0	0	0
train224	there are plenty of other affordable places to stay in san juan without having to experience the of this awful place	train	0	0	1	0	0	0	0	0
train225	smart hotel good location	train	0	0	1	1	0	0	0	0
train226	the hotel is in both quiet and central location steps from the vondelpark and minutes from leidersplein	train	0	0	0	1	0	0	0	0
train227	the public areas are smart and modern and the rooms functional clean but bit small	train	1	0	0	0	0	0	1	0
train228	we travelled with baby and though very clean and comfortable cot was waiting for him in our room the lack of space and facilities like kettle made things bit difficult	train	0	0	0	0	0	1	0	0
train229	the staff were all helpful and friendly and overall would recommend it as good city hotel but perhaps more suited to singles couples than families	train	0	0	1	0	0	0	0	1
train230	amazing wedding night	train	0	0	0	0	0	0	0	0
train231	stayed at the alexis hotel the night before my wedding and the night of my wedding in the honeymoon suite	train	0	0	0	0	0	0	0	0
train232	it was the perfect place to get ready for the big day with my bridesmaids	train	0	0	1	0	0	0	0	0
train233	the staff took excellent care of every need we had which was plenty due to ladies getting ready	train	0	0	0	0	0	0	0	1
train234	the room was immaculate when my husband and arrived after the wedding	train	0	0	0	0	0	0	1	0
train235	we had lovely experience and would highly recommend the alexis hotel	train	0	0	1	0	0	0	0	0
train236	great value for money hi all just back from nights stay in tulip inn central	train	0	0	1	0	0	0	0	0
train237	great location min walk from leidsplein	train	0	0	0	1	0	0	0	0
train238	rooms and bathroom little on the small side but adequate	train	0	0	0	0	0	0	1	0
train239	staff ok clean hotel very modern excellent shower free internet	train	0	0	1	0	0	1	0	1
train240	great value for money	train	0	0	1	0	0	0	0	0
train242	good service we stayed at the hotel fr sep to sep and were very happy with stay in this hotel	train	0	0	0	0	0	0	0	0
train243	when check in on sep the counter staff jenny was very helpful with my request	train	0	0	0	0	0	0	0	0
train244	the service is very good	train	0	0	0	0	0	0	0	0
train245	hotel room very clean	train	0	0	0	0	0	0	0	0
train246	thank you very much panorama hong kong	train	0	0	0	0	0	0	0	0
train247	cheersivy heng	train	0	0	0	0	0	0	0	0
train248	great hotel	train	0	0	1	0	0	0	0	0
train249	the hotel was nice and our room was really comfortable and clean	train	0	0	1	0	0	0	1	0
train250	the location was also pretty good	train	0	0	0	1	0	0	0	0
train251	it was only few blocks from pike place market and the waterfront	train	0	0	0	1	0	0	0	0
train252	definitely stay here again if in seattle	train	0	0	1	0	0	0	0	0
train253	wonderfull experience stayed in the villa for week	train	0	0	1	0	0	0	0	0
train254	and wish it could have been longer	train	0	0	0	0	0	0	0	0
train255	the staff was very friendly and always willing to help and make my stay as perfect as possible	train	0	0	0	0	0	0	0	1
train256	the location was as every other guest of the villa can affirm superb	train	0	0	0	1	0	0	0	0
train257	all can say is keep up the excellent work	train	0	0	0	0	0	0	0	0
train258	and hope to see you again	train	0	0	0	0	0	0	0	0
train259	ok hotel great location	train	0	0	1	1	0	0	0	0
train260	this is star hotel maybe	train	0	0	1	0	0	0	0	0
train261	with an excellent location	train	0	0	0	1	0	0	0	0
train262	the rooms are on the shabby side old paint outdated upholstery chipped furniture	train	0	0	0	0	0	1	1	0
train263	but the location cannot be beat steps from the entrance to chinatown and short walk to union square	train	0	0	0	1	0	0	0	0
train264	and while the room was on the shabby side it was clean you can beat the price especially for the location	train	0	0	0	0	0	0	1	0
train265	average rooms beware of biting ants	train	0	0	0	0	0	0	0	0
train266	stayed here	train	0	0	0	0	0	0	0	0
train267	the rooms are average but had horrible experience	train	0	0	0	0	0	0	0	0
train268	my clothes in the room became infested with ants that ended up biting me all over and leaving painful red welts	train	0	0	0	0	0	0	0	0
train269	shudder every time think about this hotel	train	0	0	0	0	0	0	0	0
train270	lose to airport ok hotel close to airport alright as passing through hotel	train	0	0	0	1	0	0	0	0
train271	we stayed for one night reserved king deluxe room was given two doubles	train	0	0	0	0	0	0	0	0
train272	room door key didn work staff had to come and let us in	train	0	0	0	0	0	0	1	1
train273	staff not the friendliest	train	0	0	0	0	0	0	0	1
train274	wouldn spend more than night in transit here	train	0	0	1	0	0	0	0	0
train275	loved my stay there	train	0	0	1	0	0	0	0	0
train276	stayed at the univ	train	0	0	0	0	0	0	0	0
train277	inn for days in april and thoroughly enjoyed it	train	0	0	1	0	0	0	0	0
train278	free parking clean and spacious room friendly staff great breakfast and snack	train	1	1	0	0	0	0	1	1
train279	loved the location	train	0	0	0	1	0	0	0	0
train280	will definitely stay there again	train	0	0	1	0	0	0	0	0
train281	return trip to boston	train	0	0	0	0	0	0	0	0
train282	we had an enjoyable stay at the longwood inn couple of years ago so upon returning on business trip stayed there again	train	0	0	0	0	0	0	0	0
train283	had no problems with the hotel at all	train	0	0	0	0	0	0	0	0
train284	the room was clean and the staff made sure that all of my needs were met	train	0	0	0	0	0	0	0	0
train285	once again my day stay was pleasant one	train	0	0	0	0	0	0	0	0
train286	feel comfortable in knowing that will always have place to call when am planning another trip to boston	train	0	0	0	0	0	0	0	0
train287	loved this place	train	0	0	1	0	0	0	0	0
train288	my girlfriends stayed here for week we had the best time ever	train	0	0	1	0	0	0	0	0
train289	everyone there was very courtious with an exception of the unhappy young front desk girl but orlando down on the beach made up for that	train	0	0	0	0	0	0	0	1
train290	our room was good sized and our room looked out to the beach	train	0	0	0	0	0	0	1	0
train291	the only downfall to this getaway was when it was time to take taxi back to the airport	train	0	0	0	0	0	0	0	0
train292	highly recommend this place to others and highly anticipate my oppurtunity to go again in december	train	0	0	1	0	0	0	0	0
train293	fabulous everything about this hotel shined	train	0	0	1	0	0	0	0	0
train294	the room was superior large and comfortable enough for adults and beautifully decorated to boot	train	0	0	0	0	0	0	1	0
train295	loved the location and of course the breathtaking views from the th floor were to die for	train	0	0	1	1	0	0	0	0
train296	the hotel employees were friendly helpful and extremely knowledgeable	train	0	0	0	0	0	0	0	1
train297	would stay at this property again in heartbeat	train	0	0	1	0	0	0	0	0
train299	the barcelona center hotel is great hotel for an ecxelent price	train	0	0	0	0	0	0	0	0
train300	our room was nicely decorated had huge bed nice bathroom and was very clean	train	0	0	0	0	0	0	0	0
train301	the breakfast was good too and the jaccuzzi on the roofterras were very nice as well	train	0	0	0	0	0	0	0	0
train302	the staff was very helpfull the only thing we didn like was the nearby tapas restaurant they reccomended	train	0	0	0	0	0	0	0	0
train303	the hotel is about minute walk from the ramblas	train	0	0	0	0	0	0	0	0
train304	peakin at the beacon	train	0	0	0	0	0	0	0	0
train305	have stayed here many times	train	0	0	0	0	0	0	0	0
train306	always pleased with the hotel	train	0	0	1	0	0	0	0	0
train307	reasonably priced for nyc clean	train	0	0	1	0	0	0	0	0
train308	spacious well located	train	0	0	1	1	0	0	0	0
train309	good restaurants nearby including barney greengrass great place for new york deli food	train	0	0	0	1	0	0	0	0
train310	great quality for the budget minded traveller	train	0	0	1	0	0	0	0	0
train311	we were budget conscious when booking the hotel and its services	train	0	0	0	0	0	0	0	0
train312	far exceeded my expectations	train	0	0	1	0	0	0	0	0
train313	its location was fantastic close to all the attractions and transport via the metro is literally sec away	train	0	0	0	1	0	0	0	0
train314	we had quiet room unbelievable in ny and although the bed was lilttle bit on the small side we had comfortable rest	train	0	0	0	0	0	1	1	0
train315	would recommend this hotel to anyone wanting decent accomodation in ny but don want to pay the higher prices of the hotel chains	train	0	0	1	0	0	0	0	0
train316	style in soho absolutely wonderful hotel in fantastic position	train	0	0	1	1	0	0	0	0
train317	superb friendly service without trace of stuffiness or pretension in very stylish and luxurious setting	train	0	0	0	0	0	0	0	1
train318	great cocktail bar very lively on saturday night	train	1	0	0	0	0	0	0	0
train319	bedroom exceptionally quiet and beautifully appointed	train	0	0	0	0	0	0	1	0
train320	we loved it	train	0	0	1	0	0	0	0	0
train321	adore chateu dupre	train	0	0	1	0	0	0	0	0
train322	my friends and stayed at the chateu dupre for weekend	train	0	0	0	0	0	0	0	0
train323	was very impressed with the friendly staff and accomadations	train	0	0	1	0	0	0	0	1
train324	to our delight bottle of chapange was sent to our room in celebration of the bride to be	train	0	0	0	0	0	0	0	1
train325	can wait to stay at the chateu dupre again	train	0	0	1	0	0	0	0	0
train326	nice airport hotel very nice overnight stay at the steigenberger	train	0	0	1	0	0	0	0	0
train327	was in the executive tower with very nice room comfortable bed and great shower	train	0	0	0	0	0	1	1	0
train328	breakfast was about average for hotel like this	train	0	1	0	0	0	0	0	0
train329	the free shuttle to frankfurt airport runs hrs day and takes less than minutes making it easy to get on the bahn to go to either downtown mainz or frankfurt or variety of other locations	train	1	0	0	0	0	0	0	0
train330	this is definitly good value for an airport hotel	train	0	0	1	0	0	0	0	0
train331	it not as convienient as hotel that is actually in the airport but the location off site makes it nice and quiet the rooms are extremely well insulated	train	0	0	0	1	0	0	1	0
train334	been there last year with my wife and we simply loved every minute of being there	train	0	0	0	0	0	0	0	0
train335	starting with the main entrance and going to the restaurant and the rooms evetyrhing is surrounded by exquisite good taste	train	0	0	0	0	0	0	0	0
train336	one of the best hotels that i麓ve been no doubt	train	0	0	0	0	0	0	0	0
train337	loved the marriott marquis new york stayed at this hotel after reading reviews on trip advisor	train	0	0	0	0	0	0	0	0
train338	the hotel was fantastic we were made to feel special nothing was too much trouble for the staff	train	0	0	0	0	0	0	0	0
train339	we had time square view at no extra cost the room was huge with sofa and chairs the bed was huge clean linen every day	train	0	0	0	0	0	0	0	0
train340	we had concerns about the lifts after reading some of the reviews	train	0	0	0	0	0	0	0	0
train341	but don think we ever had to wait more than minute for lift	train	0	0	0	0	0	0	0	0
train342	the hotel was joy and will definately will be staying there again	train	0	0	0	0	0	0	0	0
train343	luxury with view spent three nights here during our honeymoon and the staff went out of their way to make it special	train	0	0	0	0	0	0	0	0
train344	the room was excellent with fabulous harbour view	train	0	0	0	0	0	0	0	0
train345	as far as accommodation and service were concerned it one of my best hotel experiences	train	0	0	0	0	0	0	0	0
train346	the only downsides to our stay were	train	0	0	0	0	0	0	0	0
train347	the dinner in the hotel haute cuisine restaurant petrus which was good but not good enough for the prices charged our best meals in hk were in nobu and in at the fringe and the afternoon tea in the lounge in the shangri la which didn live up to the standards of five star hotel	train	0	0	0	0	0	0	0	0
train348	lo que menos me	train	0	0	0	0	0	0	0	0
train349	gust贸	train	0	0	0	0	0	0	0	0
train350	me	train	0	0	0	0	0	0	0	0
train352	loved the place	train	0	0	0	0	0	0	0	0
train353	my party of had great time and the only problem was the check in the staff other than the front desk were excellent the food was pretty decent especially the speciality restaurants the rooms were clean and tidy with great air conditioning the entertainment was excellent during the day though little repetative during evenings and the beach superb would recommend swimming with sharks trip which was top though fishing only for the experienced as spent my head in sick bucket for hours during the trip	train	0	0	0	0	0	0	0	0
train354	shops in the hotel were however rip off and so too were the guys selling in the hotel in the evening go to the market mins walk away and haggle for far better deals especially on cigars	train	0	0	0	0	0	0	0	0
train355	airport out was suprsingly good as well	train	0	0	0	0	0	0	0	0
train356	personally better holiday for adults than very young children but all our group aged to had great holiday	train	0	0	0	0	0	0	0	0
train357	stars without the fussing	train	0	0	1	0	0	0	0	0
train358	the apartment was as nice as five star hotel but with fully equiped kitchen and at tenth of the price	train	0	0	1	0	0	1	1	0
train359	we paid night for nights and basicly we couldn believe our luck	train	0	0	1	0	0	0	0	0
train360	nice lounge comfy bed big bathroom	train	0	0	0	0	1	1	1	0
train361	balcony	train	0	0	0	0	0	0	0	0
train362	it is about minute bus ride away from the cbd but the value for money makes up for it	train	0	0	1	1	0	0	0	0
train363	surprise bargain	train	0	0	0	0	0	0	0	0
train364	wonderful hotel at bargain price	train	0	0	1	0	0	0	0	0
train365	front desk staff was polite helpful and professional	train	0	0	0	0	0	0	0	1
train366	the room was very clean nicely furnished and quiet	train	0	0	0	0	0	0	1	0
train367	the continental breakfast was adequate but if you want bigger breakfast there are lots of good restaurants in the immediate vicinity	train	0	1	0	0	0	0	0	0
train368	this hotel will definitely get my return business in the future	train	0	0	1	0	0	0	0	0
train369	nothing to write home about we ve stayed in many hiltons and this one is at the bottom of our list	train	0	0	1	0	0	0	0	0
train370	the lobby is pretty nice but the rooms and hallways are dated	train	1	0	1	0	0	0	1	0
train371	the hallway to our room was dark and dingy with stained carpeting	train	0	0	1	0	0	0	0	0
train372	the furnishings in the room were fairly clean and in decent condition although everything appeared to be in need of an overhaul especially the bathroom	train	0	0	0	0	0	1	1	0
train373	this property definitely did not meet the standards of the other four diamond hiltons that we have stayed in not really sure why it is four diamond	train	0	0	1	0	0	0	0	0
train374	great location and price	train	0	0	1	1	0	0	0	0
train375	booked this hotel last minute	train	0	0	0	0	0	0	0	0
train376	very pleased	train	0	0	1	0	0	0	0	0
train377	awesome location secured parking and an interesting interior	train	1	0	1	1	0	0	0	0
train378	absolutely place we will consider again the next time we are in nola	train	0	0	1	0	0	0	0	0
train379	great	train	0	0	0	0	0	0	0	0
train380	can only recommend the riu florida hotel	train	0	0	1	0	0	0	0	0
train381	i麓ve been in miami several times and was extremly happy to stay there	train	0	0	1	0	0	0	0	0
train382	nice and helpfull staff great rooms very spaceous many with seaview yummy breakfast buffet nice pool area situated directly at he beach	train	1	1	0	0	0	0	1	1
train383	enjoyed my stay very much	train	0	0	1	0	0	0	0	0
train384	good stay at really good price	train	0	0	0	0	0	0	0	0
train385	great location right off lbj and around the corner from the galleria	train	0	0	0	0	0	0	0	0
train386	we had two nice and quiet nights at the wyndham	train	0	0	0	0	0	0	0	0
train387	the staff was very friendly and helpful the restaurant sophie had nice breakfast buffet and the rooms were clean and comfortable	train	0	0	0	0	0	0	0	0
train388	very good deal at the night rate got especially after shopping manhattan hotels for next month	train	0	0	0	0	0	0	0	0
train389	perfect location friendly staff very plesant stay	train	0	0	1	1	0	0	0	1
train390	stayed there in late jan as single traveller got great deal of euro per night and upon arrival got upgraded into double room	train	0	0	0	0	0	0	1	1
train391	the room was at the back corner of the building very spacious and the state of the bathroom impressed me	train	0	0	0	0	0	0	1	0
train392	yes it may not look like your average star hotel but the staff were friendly and helpful and the location was perfect	train	0	0	0	1	0	0	0	1
train393	makes it very easy for me to walk out to the dam square at mid night just to take pictures of the snow	train	0	0	0	1	0	0	0	0
train394	would definetly stay there again when return to amsterdam	train	0	0	1	0	0	0	0	0
train395	japanese simplicity in sf the first hotel on our two week driving tour of california	train	0	0	0	0	0	0	0	0
train396	the nikko met all of our expectations although we had requested high floor previously by email and this wasn honoured	train	0	0	0	0	0	0	0	0
train397	room nice and comfortable	train	0	0	0	0	0	0	0	0
train398	public areas very nice including nice relaxing bar	train	0	0	0	0	0	0	0	0
train399	breakfast very good with several japanese options	train	0	0	0	0	0	0	0	0
train400	only complaint is the charge to use the pool health club	train	0	0	0	0	0	0	0	0
train401	perfect little hotel	train	0	0	1	0	0	0	0	0
train402	loved everything about this hotel	train	0	0	1	0	0	0	0	0
train403	room with view as promised	train	0	0	0	0	0	0	1	0
train404	walking distance to all of french quarter but quiet and charming	train	0	0	1	1	0	0	0	0
train405	friendly staff	train	0	0	0	0	0	0	0	1
train406	would definitely stay at the provincial again	train	0	0	1	0	0	0	0	0
train408	stayed at the hotel mela on business sept	train	0	0	0	0	0	0	0	0
train409	it was great choice new clean modern great amenities products fantastic location	train	1	0	1	1	0	0	0	0
train411	the hotel staff also went out of its way to accommodate	train	0	0	0	0	0	0	0	1
train412	great shopping and food nearby as well	train	0	0	0	1	0	0	0	0
train413	the staff was fabulous	train	0	0	0	0	0	0	0	1
train414	we couldn have been more pleased with aqua palms and spa	train	1	0	0	0	0	0	0	0
train415	we would stay again	train	0	0	0	0	0	0	0	0
train416	the location was only two blocks from the beach and close to many excellent restaurants	train	0	0	0	1	0	0	0	0
train417	the staff was most helpful and available all the time to answer questions	train	0	0	0	0	0	0	0	1
train418	fantastic stay at hotel botticelli	train	0	0	1	0	0	0	0	0
train419	we booked this through the hotel website and found that very easy	train	0	0	0	1	0	0	0	0
train420	you simply print out the booking receipt and present it on arrival	train	0	0	0	0	0	0	0	0
train421	when we got there the staff were friendly helpful and courteous and offered us range of rooms with view quiet etc	train	0	0	0	0	0	0	0	1
train422	the price proved to be excellent value for money the decor is to good standard for star hotel the breakfast was adequate and the location perfect	train	0	1	1	1	0	0	0	0
train423	we will definitely stay there again when we return to florence we can imagine going anywhere else	train	0	0	1	0	0	0	0	0
train424	mfortable and fine we found this hotel to be perfect for our first night stay in san juan before leaving for viequez	train	0	0	1	0	0	0	0	0
train425	the staff were very nice the room was quite large clean and comfortable	train	0	0	0	0	0	0	1	1
train426	we felt very safe walking in the neighborhood	train	0	0	0	1	0	0	0	0
train427	we happened to be within block of very good restaurant for dinner cafe de paris too	train	0	0	0	0	0	0	0	0
train428	what more could you ask for	train	0	0	0	0	0	0	0	0
train429	terrible service	train	0	0	0	0	0	0	0	1
train430	was guaranteed one price for room and they ended up booking me for an entire other room type and when trying to get it switched to the correct room would not honor their price was quoted only hours before	train	0	0	0	0	0	0	0	1
train431	cancelled my reservation for the rest of the week and stayed only the one night too late to cancel that night not star hotel	train	0	0	1	0	0	0	0	0
train432	much better places in city like new york lot better locations	train	0	0	0	0	0	0	0	0
train433	contemporary elegance	train	0	0	0	0	0	0	0	0
train434	we really enjoyed our stay at this hotel	train	0	0	0	0	0	0	0	0
train435	it is only one block from the beach and in the heart of everything else there is to do in south beach	train	0	0	0	0	0	0	0	0
train436	very clean room with kitchenette on rd level facing the street	train	0	0	0	0	0	0	0	0
train437	the elevators are tiny and you have to pay per day to park across the street from the hotel	train	0	0	0	0	0	0	0	0
train438	quality hotel in perfect location	train	0	0	1	1	0	0	0	0
train439	the ramada city centre is quality hotel that offers all of the services and facilities that are expected from hotel under the ownership of major company	train	0	0	1	0	0	0	0	0
train440	the rooms are of reasonable size with standard tv radio telephone fan safe trouser press and tea and coffee making facilites	train	0	0	0	0	0	1	1	0
train441	stayed for nights and am pleased to report that the room was cleaned every day and fresh towels were also provided daily	train	0	0	0	0	0	1	1	0
train442	the hotel had an impressive large hour reception area lounge restaurant and bar all appeared to be recently renovated decorated	train	1	0	0	0	0	0	0	0
train443	within walking distance are central station the main shopping streets and the red light district the trams also stop directly in front of the hotel	train	0	0	0	1	0	0	0	0
train444	simply the best stayed there times now at the wiechmann and at several other hotels and bb in the dam for value for money	train	0	0	1	0	0	0	0	0
train445	etc	train	0	0	0	0	0	0	0	0
train446	you can beat the wiechmann great family run smallish hotel staff etc are superb the positioning is fantastic mins walk to the dam square along the ronkin etc just round the corner from the anne frank house	train	0	0	1	1	0	0	0	1
train447	continental breakfast is fantastic again all staff very helpful and know everything about the surrounding area	train	0	1	0	0	0	0	0	1
train448	infact back there the weekend st nov	train	0	0	0	0	0	0	0	0
train449	it was fine	train	0	0	0	0	0	0	0	0
train450	stayed there for nights on jan st	train	0	0	0	0	0	0	0	0
train451	nd the hotel was fully booked for regular rooms so when checked in was upgraded to an executive floor just for the room not for the service the hotel is just above big shopping center with ok food and subway station which isn the most convenient but it will do the room was clean the service was ok but definitely not something to write about either way if you need good hotel in hk and mongkok is your region take it but only if they give good price wanted to extend my stay but they gave me ridiculous offer	train	0	1	0	1	0	0	1	1
train452	so switched hotels	train	0	0	0	0	0	0	0	0
train453	great location but needs an update	train	0	0	0	1	0	0	0	0
train454	my husband and spent one night at this hotel before flying out early the next morning	train	0	0	0	0	0	0	0	0
train455	for what we needed this hotel served its purpose it was close to the train station which we wanted since we were arriving by train we didn need breakfast since we were leaving so early we were able to book one night only through expedia despite the fact that it was weekend and the front desk was manned hours	train	0	0	1	1	0	0	0	1
train456	so they were able to check us out when we left and they got us cab	train	0	0	0	0	0	0	0	1
train457	the hotel could use some freshening up and agree that it not four star quality	train	0	0	1	0	0	0	0	0
train458	however the location can be beat and some of the views are amazing	train	0	0	1	1	0	0	0	0
train459	not the best hotel is in great location short walk to darling harbour shops restaurants etc	train	0	0	0	0	0	0	0	0
train460	building and rooms are extremely tired thought and the whole place needs make over	train	0	0	0	0	0	0	0	0
train461	the carpets are stained and the interior is very poorly maintained	train	0	0	0	0	0	0	0	0
train462	the buffet lunch was nice but room service meal was apalling and once done tray and leftovers sat in the hallway for almost full day	train	0	0	0	0	0	0	0	0
train463	there are many better choices in sydney probably less expensive too	train	0	0	0	0	0	0	0	0
train464	hate this place	train	0	0	1	0	0	0	0	0
train465	dirty hotel with sneaky stupid employees	train	0	0	1	0	0	0	0	1
train466	actually found condom under the bed	train	0	0	0	0	0	0	1	0
train467	five star exterior three star hotel room and one star management	train	0	0	1	0	0	0	1	1
train468	first class	train	0	0	0	0	0	0	0	0
train469	after disastrous start at the rasa sentosa we moved to the marina mandarin superb and then to the ritz carlton for our final four nights in singapore	train	0	0	0	0	0	0	0	0
train470	our stay in suite included access to the club lounge and the experience was so good that we hardly saw the city	train	0	0	0	0	0	0	1	0
train471	traditional furnishings and fantastic views with particularly stunning view from the bath the staff in the lounge could not be faulted and the five yes five daily food presentations nothing short of fantastic	train	0	1	0	0	0	1	1	1
train472	great pool area and fitness centre too	train	1	0	0	0	0	0	0	0
train473	faultless stay and highly recommended	train	0	0	1	0	0	0	0	0
train474	best hotel in nyc	train	0	0	1	0	0	0	0	0
train475	my husband and stayed at the bryant park hotel for weekend getaway	train	0	0	0	0	0	0	0	0
train476	we have stayed at numerous properties throughout the city and was pleasantly suprised at this hotel	train	0	0	1	0	0	0	0	0
train477	from the moment we checked in the staff was very accomodating and nice	train	0	0	0	0	0	0	0	1
train478	we were upgraded and the room was very impressive	train	0	0	0	0	0	0	1	1
train479	we will be staying at this hotel in the near future and want to pass on this experience to anyone looking to stay in ny the hotel was in an excellent location and the park was my favorite spot to sit and have coffee in the mornings	train	1	0	1	1	0	0	0	0
train480	nice quiet area very nice little hotel in good fairly quiet area	train	0	0	0	0	0	0	0	0
train481	close to the river within walking distance of lots of places of interest and handy for underground buses and small shops restaurants	train	0	0	0	0	0	0	0	0
train482	room cosy extremely clean light and well maintained throughout	train	0	0	0	0	0	0	0	0
train483	friendly helpful management	train	0	0	0	0	0	0	0	0
train484	cooked breakfast and tea making facilities in the room is bonus for london hotel in this price bracket	train	0	0	0	0	0	0	0	0
train485	great location location was excellent	train	0	0	0	1	0	0	0	0
train486	this hotel is very grand at reception and ground level	train	0	0	1	0	0	0	0	0
train487	however rooms in older part of hotel need updating	train	0	0	0	0	0	0	1	0
train488	we stayed on the th floor but were accompanied by renovations taking place in room on that floor from am on mornings	train	0	0	0	0	0	0	1	0
train489	not acceptable and informed manager who was very apologetic etc	train	0	0	1	0	0	0	0	1
train490	my warning with this hotel is don make any calls from the phone in your room as you will be very upset when you view your bill on checking out	train	0	0	0	0	0	1	0	0
train491	great stay very nice property in the heart of times square	train	0	0	1	0	0	0	0	0
train492	the room was large by nyc standards	train	0	0	0	0	0	0	1	0
train493	good bedding	train	0	0	0	0	0	1	0	0
train494	we were on the st floor	train	0	0	0	0	0	0	0	0
train495	it was quiet	train	0	0	0	0	0	0	1	0
train496	great value great hotel great hotel newly refurbished just short walk from the bars and cafes of kings cross and walking distance to kings cross station	train	0	0	0	0	0	0	0	0
train497	had beautiful room overlooking rushcutters bay park which was not large but clean and very comfortable	train	0	0	0	0	0	0	0	0
train498	staff were very obliging	train	0	0	0	0	0	0	0	0
train499	the beautiful rooftop pool and gym overlooked sydney	train	0	0	0	0	0	0	0	0
train500	harbour wow	train	0	0	0	0	0	0	0	0
train501	will certainly return on my next visit to sydney because is extreamly good value compared with other star sydney hotels	train	0	0	0	0	0	0	0	0
train502	travelodge is very run down only thing good about it is how close this travelodge is very run down the only thing good about it is that it close to the space needle	train	0	0	0	0	0	0	0	0
train503	it costs to much for what you get	train	0	0	0	0	0	0	0	0
train504	ll drive if have to next time	train	0	0	0	0	0	0	0	0
train505	will never stay there again	train	0	0	0	0	0	0	0	0
train506	they need to fix the place up	train	0	0	0	0	0	0	0	0
train507	lovely hotel but dodgy area	train	0	0	0	0	0	0	0	0
train508	nice hotel helpful staff clean rooms	train	0	0	0	0	0	0	0	0
train509	was pickpocketed right outside the hotel by organised gang	train	0	0	0	0	0	0	0	0
train510	police not interested they just watch	train	0	0	0	0	0	0	0	0
train511	take care on the rambla if someone approaches you be ready to defend yourself it the only way you ll keep your money	train	0	0	0	0	0	0	0	0
train512	the hotel europa was wonderful our family of stayed here for nights	train	0	0	1	0	0	0	0	0
train513	it was just magnificent	train	0	0	1	0	0	0	0	0
train514	the rooms were large clean and newly renovated	train	0	0	0	0	0	0	1	0
train515	the staff couldn have been more kind and helpful	train	0	0	0	0	0	0	0	1
train516	they treated us like family	train	0	0	0	0	0	0	0	1
train517	simply fantastic location	train	0	0	0	0	0	0	0	0
train518	really fantastic hotel in stunning location just two minutes walk from the rialto bridge	train	0	0	0	0	0	0	0	0
train519	the hotel is modern spotlessly clean and welcoming and the staff were very friendly and willing to help	train	0	0	0	0	0	0	0	0
train520	our bedroom was delightful and very luxurious real haven of warmth and comfort	train	0	0	0	0	0	0	0	0
train521	the hotel bar was great for an evening cocktail and the staff helped sort out both gondola ride and taxi trip to murano to see the glass factories	train	0	0	0	0	0	0	0	0
train522	overall highly recommended as great hotel in superb central location	train	0	0	0	0	0	0	0	0
train523	super customer service	train	0	0	0	0	0	0	0	1
train524	my husband and myself have just come back from trip to asia where we also stayed at the ritz carlton	train	0	0	0	0	0	0	0	0
train525	the hotel was exactly what we had expected and fully lived up to its name	train	0	0	1	0	0	0	0	0
train526	the most exceptional points were the customer staff the person that met us ms lynett professional kind and extreamly helpful	train	0	0	0	0	0	0	0	1
train527	we really apprected the beautiful though of the chocolate cake sent to our room courtesy of the hotel for our anniversary	train	0	0	0	0	0	0	0	1
train528	will definitely return	train	0	0	1	0	0	0	0	0
train529	just what it said on the box	train	0	0	0	0	0	0	0	0
train530	this place does just as it says on the bottle	train	0	0	0	0	0	0	0	0
train531	have never stayed so centrally in amsterdam for such great price	train	0	0	0	0	0	0	0	0
train532	clean bright single room breakfast and friendly staff mean will def be making return visit to this hotel	train	0	0	0	0	0	0	0	0
train533	super price super place super super super	train	0	0	0	0	0	0	0	0
train534	great location good efficient well located hotel	train	0	0	0	1	0	0	0	0
train536	restaurant very odd	train	1	0	0	0	0	0	0	0
train537	wonderful staff	train	0	0	0	0	0	0	0	1
train538	nice comfortable rooms	train	0	0	0	0	0	0	1	0
train539	oh dear	train	0	0	0	0	0	0	0	0
train540	dear oh dear	train	0	0	0	0	0	0	0	0
train541	had suite here for night in september	train	0	0	0	0	0	0	0	0
train542	insufficient towels smelly bathroom indifferent service no answer to housekeeping or reception for about minutes when trying to solve the towels problem	train	0	0	0	0	0	1	1	1
train543	recommend avoiding if possible	train	0	0	1	0	0	0	0	0
train544	restaurant hotel is very nice	train	0	0	1	0	0	0	0	0
train545	restaurant is overpriced and the food is way below average	train	1	1	0	0	0	0	0	0
train546	the manager alex is way too arrogant and thinks he is doing you favor for this very mediocre restaurant	train	0	0	0	0	0	0	0	1
train547	prices for this new york city eaterie is outragious when one can venture just down the block and go to very fine resataurant named keen on west th street for the same prices and have far superior new york restaurant experience	train	0	0	0	0	0	0	0	0
train548	although hotel and roof top is very nice amenity defintely stay away from their restaurant and their very arrogant mangager alex	train	1	0	1	0	0	0	0	1
train549	location location location we stayed the night of the th may at the hotel in dbl upgraded room although as the previous correspondent said it didnt have walk in shower but the bathroom was lovely nonetheless	train	0	0	0	0	0	1	1	0
train550	very nice hotel attentive staff but expensive drinks	train	0	1	1	0	0	0	0	1
train551	however when you balance that with very competitive course price fixe menu it balances out	train	0	0	0	0	0	0	0	0
train552	breakfasts are also quite expensive but we chose to eat meteres up the road at marios all inclusive for around fiver and very nice allbeit not as grand as the sofitel	train	0	1	0	0	0	0	0	0
train553	would stay at the hotel again just for the beds	train	0	0	1	0	0	1	0	0
train554	excellent hostal hostal adriano adria has an excellent location basically in the heart of madrid	train	0	0	1	1	0	0	0	0
train555	very well decorated rooms with little balconies to let in some fresh air or smoke	train	0	0	0	0	0	0	1	0
train556	lot of space blowdryers safes in room refrigerator in room and plenty of soap shampoo	train	0	0	0	0	0	1	0	0
train557	noise wasn problem for us and the staff was typical stiff spanish professionalism	train	0	0	0	0	0	0	1	1
train558	was impressed with the rooms given the great location and low cost definitely treasure we found and can wait to stay there again	train	0	0	1	1	0	0	1	0
train559	la qualit茅	train	0	0	0	0	0	0	0	0
train560	de h么tel	train	0	0	0	0	0	0	0	0
train561	et	train	0	0	0	0	0	0	0	0
train562	du	train	0	0	0	0	0	0	0	0
train564	great location dirty rooms after changing our room times we finally got half decent room	train	0	0	0	1	0	0	1	0
train565	would suggest asking to see few rooms once you arrive	train	0	0	0	0	0	0	0	0
train566	the hotel saff was very nice and they had decent breakfast in beautiful room	train	0	1	0	0	0	0	0	1
train567	we found the location to be great but would not stay in this hotel again due to the cleanless	train	0	0	1	1	0	0	0	0
train568	the hotel is over years old and it seemed like they have not changed the bed linenes and matresses for over years	train	0	0	0	0	0	1	0	0
train569	everything seemed dirty	train	0	0	1	0	0	0	0	0
train570	on the whole fab have to say that most of the reviews are spot on	train	0	0	1	0	0	0	0	0
train571	it is lovely little hotel great value great location nice staff and would without doubt stay there again	train	0	0	1	1	0	0	0	1
train572	they are couple of things that others have mentioned which are also true thin walls felt like someone else was in the room	train	0	0	0	0	0	0	1	0
train573	and it was bit of tight squeeze around the bed but that was it	train	0	0	0	0	0	0	1	0
train574	had friends staying in one of the suites and that was great so if you want bit more of treat for an extra euros book one of those	train	0	0	0	0	0	0	0	0
train575	great location clean and reasonable two of us stayed here at the hotel plaza mayor just when they were completing some exterior renovations	train	0	0	1	1	0	0	0	0
train576	the rooms are small clean withprivate baths	train	0	0	0	0	0	0	1	0
train577	get room off the front of the hotel and higher up toaviod street noise	train	0	0	0	0	0	0	1	0
train578	very close to everything puerta del sol and latenight activities and snacks	train	0	0	0	1	0	0	0	0
train579	we are going back again holly carlsbad ca	train	0	0	0	0	0	0	0	0
train580	highly recommended we stayed in the lorenzo il magnifico for nights in august	train	0	0	1	0	0	0	0	0
train581	the standard of the accommodation was excellent and the staff were extremely helpful to the extent that they sent out for takeaway pizza on our behalf when my wife was feeling unwell	train	0	0	1	0	0	0	0	1
train582	considering that accommodation in florence can be expensive	train	0	0	0	0	0	0	0	0
train583	we felt that the hotel represented very good value for money	train	0	0	1	0	0	0	0	0
train584	the location is in quiet part of town but is within easy reach of the city centre by public transport	train	0	0	0	1	0	0	0	0
train585	would definitely stay at this hotel again	train	0	0	1	0	0	0	0	0
train586	new but smal rooms stayed here in february for business	train	0	0	0	0	0	0	0	0
train587	the hotel is brand new clean in one of the main squares of berlin next to the tv tower	train	0	0	0	0	0	0	0	0
train588	not tested the restaurant	train	0	0	0	0	0	0	0	0
train589	only problem faced is that the room was very small	train	0	0	0	0	0	0	0	0
train590	at the top of the hotel there is casino but you must ear jacket and no jeans are allowed	train	0	0	0	0	0	0	0	0
train591	less expensive luxury	train	0	0	1	0	0	0	0	0
train592	used to live at the four seasons hotel ny ny	train	0	0	0	0	0	0	0	0
train593	the bathrooms at the soho metropolitan are so exactly the same that it little freaky	train	0	0	0	0	0	0	1	0
train594	but this is good thing	train	0	0	0	0	0	0	0	0
train595	most disappointed having seen all the excellent reviews on trip advisor for the previous couple of months we booked the chancellor for four nights at the beginning of september	train	0	0	0	0	0	0	0	0
train596	unfortunately the hotel did not live up to our expectations and was certainly not the same hotel that other reviewers had been praising	train	0	0	0	0	0	0	0	0
train597	we were incredulous that when we arrived the doorman stood and watched whilst we carried our luggage in without even opening the door for us	train	0	0	0	0	0	0	0	0
train598	this attitude combined with unfriendly staff on the front desk and very tired and shabby looking bedroom led to disappointing stay at the chancellor	train	0	0	0	0	0	0	0	0
train599	we would not recommend staying at this hotel	train	0	0	0	0	0	0	0	0
train600	hing special stayed in per night suite this weekend in sf and was very dissapointed	train	0	0	1	0	0	0	1	0
train601	room was small and there were stains in the drapes carpet and duvet	train	0	0	0	0	0	0	1	0
train602	ran out of toilet paper in the middle of the night and the tissue box was also empty	train	0	0	0	0	0	1	0	0
train603	the spa tub was cracked and the glass shower door came off while in the shower	train	0	0	0	0	0	1	0	0
train604	it was noisy and the view room overlooked the wallgreens and yelling steet people	train	0	0	0	0	0	0	1	0
train605	ll never go back	train	0	0	1	0	0	0	0	0
train606	had great stay	train	0	0	1	0	0	0	0	0
train607	we just stayed at the astor crowne plaza for conference and had great stay	train	0	0	1	0	0	0	0	0
train608	the hotel is in wonderful location and was close to everything	train	0	0	0	1	0	0	0	0
train609	it is also great because it is right on both streetcar lines	train	0	0	0	1	0	0	0	0
train610	would definitely stay there again and would recommend it to anyone	train	0	0	1	0	0	0	0	0
train611	the staff were exceptionally friendly and helpful	train	0	0	0	0	0	0	0	1
train612	our home in florence	train	0	0	0	0	0	0	0	0
train613	this hotel feels much more like home than an institution for us that feeling came from the moment we met carmel who grew up in boston and she invited us upstairs onto her lovely outside terrace	train	0	0	0	0	0	0	0	0
train614	located near enough to the train station to be convenient for travel but on side street hotel il bargellino is also near to several florentine sights	train	0	0	0	0	0	0	0	0
train615	our only complaint was that the noice from the street can be little annoying late at night but it trade off for being right in close proximity to so much	train	0	0	0	0	0	0	0	0
train616	carmel enticed us as customers by helping us find the best accomodations in her hotel and we will stay here again upon our next trip to florence	train	0	0	0	0	0	0	0	0
train618	we stayed at the argonaut for nights and thought it was great hotel	train	0	0	1	0	0	0	0	0
train619	the rooms were nice well equipped and very clean	train	0	0	0	0	0	1	1	0
train620	the free wine tasting each evening at pm was an added bonus and all staff were friendly and helpful	train	0	0	0	0	0	0	0	1
train621	the hotel is in great location for all the main tourist attractions in san francisco	train	0	0	0	1	0	0	0	0
train622	good	train	0	0	0	0	0	0	0	0
train623	was here for conference with my family and	train	0	0	0	0	0	0	0	0
train624	this was are first trip to ohau	train	0	0	0	0	0	0	0	0
train625	this hotel was excellent and exceeded are expectations	train	0	0	1	0	0	0	0	0
train626	the staff was excellent and so were the rooms	train	0	0	0	0	0	0	0	1
train627	fantastic location	train	0	0	0	1	0	0	0	0
train628	we have just returned from wonderful stay at the alicia	train	0	0	1	0	0	0	0	0
train629	didn experience any of the previous reviewer problems	train	0	0	0	0	0	0	0	0
train630	the location is just ideal easy walking distance to the main museums and to the palace	train	0	0	0	1	0	0	0	0
train631	we enjoyed eating at ginger and olsen two nearby restaurants and if we had had time would have tried more as recommended by the staff	train	0	0	0	0	0	0	0	1
train632	would definately recommend this hotel	train	0	0	1	0	0	0	0	0
train633	great times square visit	train	0	0	0	0	0	0	0	0
train634	as first time hotwire user was pleasantly surprised by hotelmela	train	0	0	0	0	0	0	0	0
train635	it turned out to be yes small but clean and comfortable and just short walk from anything to see in new york	train	0	0	0	0	0	0	0	0
train636	itprovided great place to sleep and recover from our endlesstreks of sightseeing and plays	train	0	0	0	0	0	0	0	0
train637	really nice	train	0	0	0	0	0	0	0	0
train638	excellent location but need some renovations	train	0	0	1	0	1	0	0	0
train639	the only good thing about this hotel is its excellent location	train	0	0	0	1	0	0	0	0
train640	it is minutes walking from the rocks the harbourfront and many other attractions in sydney	train	0	0	0	0	1	0	0	0
train641	overall the hotel outside and inside has kind of run down appearance	train	0	0	1	0	0	0	0	0
train642	the room was ok but the bathroom was kind of obsolete with very old and loose faucets	train	0	0	0	0	0	0	1	0
train643	and it did not look very clean	train	0	0	0	0	0	0	1	0
train644	top notch	train	0	0	0	0	0	0	0	0
train645	just came for stay with my two daughters to tour colleges in the area	train	0	0	0	0	0	0	0	0
train646	the hotel is lovely the staff are friendly and extremely helpful	train	0	0	1	0	0	0	0	1
train647	while it isn cheap ve paid more and gotten much less	train	0	0	1	0	0	0	0	0
train648	it is nice when you get what you pay for	train	0	0	0	0	0	0	0	0
train649	nice place	train	0	0	1	0	0	0	0	0
train650	nice little place in great location	train	0	0	1	1	0	0	0	0
train651	la rambla and the gothic district are right out the door as are two metro stops on different lines	train	0	0	0	1	0	0	0	0
train652	the place is clean and simple and definitely worth the money	train	0	0	1	0	0	0	0	0
train653	little treasure la casona is now where always choose to stay in mexico having spent nights over three recent trips may and june of	train	0	0	0	0	0	0	0	0
train654	it has wonderful quiet rooms furnished with antiques and collectibles	train	0	0	0	0	0	0	0	0
train655	the business center offers free internet access	train	0	0	0	0	0	0	0	0
train656	the staff is very warm and caring helping in every way they can	train	0	0	0	0	0	0	0	0
train657	great value in good location	train	0	0	0	0	0	0	0	0
train658	my partner and stayed at the beresford arms for five nights recently	train	0	0	0	0	0	0	0	0
train659	we made reservation based on good tripadvisor reviews and we were not disappointed	train	0	0	0	0	0	0	0	0
train660	our room was very comfortable clean private and quiet	train	0	0	0	0	0	0	0	0
train661	the breakfast in the lobby was an added bonus	train	0	0	0	0	0	0	0	0
train662	the discounted price available when you book online makes this excellent value for such central location	train	0	0	0	0	0	0	0	0
train663	great time at the marriott marquis first time staying at hotel in nyc excellent location	train	0	0	1	1	0	0	0	0
train664	first time booking hotel not using its own website	train	0	0	0	0	0	0	0	0
train665	and must say we got great deal for the memorial weekend	train	0	0	1	0	0	0	0	0
train666	staff was very nice to all of us	train	0	0	0	0	0	0	0	1
train667	best thing was having starbucks at the lobby and being able to walk right into the middle of time square	train	1	0	0	1	0	0	0	0
train668	most of attractions were walking distance	train	0	0	0	1	0	0	0	0
train669	excellent service location and room the hotel location can not be beat	train	0	0	0	1	0	0	1	1
train670	it is withing walking distance of times square bryant park rockefeller center th avenue and so much more	train	0	0	0	1	0	0	0	0
train671	service was simply excellent prompt valet service great concierge helpful staff excellent breakfast	train	1	1	0	0	0	0	0	1
train672	the room was the largest have ever had in ny very well appointed and super clean	train	0	0	0	0	0	0	1	0
train673	to top it off the price was unbeatable at could not ask for better it star	train	0	0	1	0	0	0	0	0
train674	great locale and service bit tattered stayed here two nights in april visiting family etc	train	0	0	0	1	0	0	0	1
train675	what the hotel may lack in modern it makes up for in fabulous staff free sodas and chips wonderful continental breakfast with home made baked goods and spacious rooms	train	0	1	1	0	0	0	1	1
train676	speaking of the rooms they are very dated the furniture in living room was coming apart the drawers in the dresser of our bedroom had no tracks and	train	0	0	0	0	0	1	1	0
train677	the sink in bathroom was mildewed	train	0	0	0	0	0	1	0	0
train678	it in need of an uplift but met our needs and the weather around poolside was fabulous	train	1	0	0	0	0	0	0	0
train679	bad service	train	0	0	0	0	0	0	0	1
train680	was deeply disappointed in their service	train	0	0	0	0	0	0	0	1
train681	was promised specifichotel room and when arrived they said they did not have those types of rooms at their hotel	train	0	0	0	0	0	0	0	1
train682	the confirmation sent by the marriot stated that would be given the room promised	train	0	0	0	0	0	0	0	1
train683	no attempts were madeby the hotel to fix the situatuion	train	0	0	0	0	0	0	0	1
train684	entertainment team visited excellence punta cana dr and must comment on how great this resort is	train	0	0	1	0	0	0	0	0
train685	the accomadations amedities food and most of all the entertainment made this resort return vacation in the future	train	0	0	1	0	0	0	0	0
train686	enjoyed all of the activities such as dancing spanish lessons aqua arobics volleyball and so much more	train	0	0	1	0	0	0	0	0
train687	don think any of these activities would be possible with out the excellent entertainment staff who went out of their way to say hello include you in the activities and just plain make it fun	train	0	0	0	0	0	0	0	1
train688	it was was like the real life version of dirty dancing minus the drama	train	0	0	0	0	0	0	0	0
train689	thank you mariel eliza and jaun carlo just to name few	train	0	0	0	0	0	0	0	1
train690	nice hotel	train	0	0	1	0	0	0	0	0
train691	my family of three just returned from great days in berlin	train	0	0	0	0	0	0	0	0
train692	we stayed at hotel agon opera	train	0	0	0	0	0	0	0	0
train693	pros very clean and economic hotel good breakfast friendly staff and ideally disserved by public transport	train	0	1	1	0	0	0	0	1
train694	cons expensive internet access in the rooms and no hairdryer nor tea coffee facilities	train	0	0	0	0	0	1	0	0
train695	fantastic hotel spent two nights at this hotel last week why it is sitting on stars should be is beyond me	train	0	0	1	0	0	0	0	0
train696	could not fault one single thing	train	0	0	1	0	0	0	0	0
train697	rooms beautiful free breakfast and the facilities were great	train	1	1	0	0	0	0	1	0
train698	mc donalds across the road open hours	train	0	0	0	0	0	0	0	0
train699	would book this hotel agian	train	0	0	1	0	0	0	0	0
train700	we found this hotel on trip advisor and went with the reviews	train	0	0	0	0	0	0	0	0
train701	november at the westin stayed two nights in nov	train	0	0	0	0	0	0	0	0
train702	room was very nice with simmons beautyrest bed that was very comfortable nice big tv good bathroom and towels	train	0	0	0	0	0	1	1	0
train703	only problems were that the safe was locked upon arrival and the maid took the robe on the nd night and didn replace it	train	0	0	0	0	0	1	0	1
train704	mini bar as usual was very expensive and the place overcharges for things like the heath center and internet	train	1	0	0	0	0	0	0	0
train705	otherwise good stay and better than the millenium	train	0	0	1	0	0	0	0	0
train706	you will not regret this my husband and stayed at casa alta vista for nights	train	0	0	0	0	0	0	0	0
train707	it is located in convenient location	train	0	0	0	0	0	0	0	0
train708	about minutes walk to stretch of restaurants	train	0	0	0	0	0	0	0	0
train709	casa also provide simple breakfast like cereal muffins coffee	train	0	0	0	0	0	0	0	0
train710	the staff are super friendly and ever so helpful which makes our stay even more comfortable	train	0	0	0	0	0	0	0	0
train711	will definitely recommend casa to other travellers	train	0	0	0	0	0	0	0	0
train712	perfect location this is great hotel if you would like to live close to everything in sf	train	0	0	1	1	0	0	0	0
train713	it is small rooms but we didn麓t mind	train	0	0	0	0	0	0	1	0
train714	we were just sleeping there	train	0	0	0	0	0	0	0	0
train715	nice and clean	train	0	0	0	0	0	0	1	0
train716	and we had toilette and shower in the room	train	0	0	0	0	0	0	1	0
train717	the breakfast was poor just muffin and coffee	train	0	1	0	0	0	0	0	0
train718	xactly on the button just short one this time went to barcelona on june and stayed in the caledonian	train	0	0	0	0	0	0	0	0
train719	all in all nice hotel the rooms are great spotless well stocked and mine anyway would have had excellent wheelchair access the reception and staff are helpful and the breakfast was simple but tasty and filling	train	1	1	1	0	0	1	1	1
train720	the hotel is supposedly star but could do with star rating	train	0	0	1	0	0	0	0	0
train721	it is that nice	train	0	0	0	0	0	0	0	0
train722	all in all with its added locality to las ramblas would pound for pound be hard to beat	train	0	0	0	1	0	0	0	0
train723	great city hotel great city hotel close to ubahn and sbhan	train	0	0	1	1	0	0	0	0
train724	walking distance to everything	train	0	0	0	1	0	0	0	0
train725	seems to be quiet part of town though	train	0	0	0	1	0	0	0	0
train726	great breakfast restaurant out of front doors and left	train	0	0	0	1	0	0	0	0
train727	it on the corner next to the ubahn red umberellas would recommend	train	0	0	0	0	0	0	0	0
train728	excellent hotel excellent location just on the site of the former wall this hotel is perfect jumping off point for everything to see and do in berlin	train	0	0	1	1	0	0	0	0
train729	starbucks on block train on corner	train	0	0	0	0	0	0	0	0
train730	our junior suite while not luxuruous on the four seasons level was extremely clean comfortable and spacious	train	0	0	0	0	0	0	1	0
train731	the exec lounge is worth it for the extras food and beverages and papers and internet and more	train	1	0	0	0	0	0	0	0
train732	staff wonderfully helpful	train	0	0	0	0	0	0	0	1
train733	restaurant attached to hotel is fantastic delightful surprise	train	1	0	0	0	0	0	0	0
train735	our wedding party stayed here for three nights there were some problems with the plumbing but things are just getting back to normal down there	train	0	0	0	0	0	1	0	0
train736	hotel had down duvets pillow top matresses and lush towels	train	0	0	0	0	0	1	0	0
train737	the bellmen were very helpful we had tons of stuff because we were doing destination wedding	train	0	0	0	0	0	0	0	1
train738	we will return soon	train	0	0	1	0	0	0	0	0
train739	return visit that did not disappoint following our visit in october for stop over we used the langham place as our base for an extended visit to hong kong	train	0	0	0	0	0	0	0	0
train740	just at the end of the chinese new year the atmosphere was great	train	0	0	0	0	0	0	0	0
train741	this time we stayed in club room and use of the club lounge	train	0	0	0	0	0	0	0	0
train742	nice touch was the complimentary desert from the hotel management on the occaision of my wife th birthday	train	0	1	0	0	0	0	0	0
train743	the location was perfect for access to all parts of hong kong kowloon and the new terrotries through the mtr and hong kong octopus card	train	0	0	0	1	0	0	0	0
train744	best in manhatten great location wonderful staff beds to die for showers	train	0	0	1	1	0	1	0	1
train745	that thrilled my year	train	0	0	0	0	0	0	0	0
train746	old turndowns	train	0	0	0	0	0	0	0	0
train747	my year loved and finally views that are amazing	train	0	0	0	0	0	0	1	0
train748	great don believe whqat you read	train	0	0	0	0	0	0	0	0
train749	the king george is fine hotel	train	0	0	1	0	0	0	0	0
train750	very close to union square min walk and right in the heart of the action	train	0	0	0	1	0	0	0	0
train751	we stayed for days and really liked it	train	0	0	1	0	0	0	0	0
train752	the rooms aren huge but who stays in their hotel room all day in san fran anyway suggestions ask for first floor room as the elevator is very slow get room in the centre of the hotel	train	1	0	0	0	0	0	1	0
train753	no view but cuts out the noise as sf is very loud at night	train	0	0	0	0	0	0	1	0
train754	excelent experience	train	0	0	0	0	0	0	0	0
train755	well desrving of its four star rating	train	0	0	0	0	0	0	0	0
train756	excellent accommodations and service friendly staff	train	0	0	0	0	0	0	0	0
train757	my only quibble is the lack of grab bars for the disabled in the bathroom and the lack of bathroom night light	train	0	0	0	0	0	0	0	0
train758	yes you can hear the cable cars from your room but that part of sf charm	train	0	0	0	0	0	0	0	0
train759	love the hotel stayed there during the moslem holiday	train	0	0	1	0	0	0	0	0
train760	staffs were very helpful and friendly the room is very clean with big bath room	train	0	0	0	0	0	0	1	1
train761	the beach is just right by the hotel	train	0	0	0	1	0	0	0	0
train762	dinner was amazing breakfast was good	train	0	1	0	0	0	0	0	0
train763	have nothing to complaint about this hotel	train	0	0	1	0	0	0	0	0
train764	thumbs up	train	0	0	0	0	0	0	0	0
train765	good location but get an inside room	train	0	0	0	1	0	0	0	0
train766	the moore is an old place in good section of downtown between seattle center pike place market	train	0	0	0	0	0	0	0	0
train767	our first room was on the street was bit noisy there no so we had the windows open	train	0	0	0	0	0	1	1	0
train768	we switched the next night to courtyard room but you still get some reflected traffic noise	train	0	0	0	0	0	0	1	0
train769	the courtyard rooms surround the moore theater so you might not want to stay there on concert night unless you don go to bed early	train	0	0	0	0	0	0	0	0
train770	still prefer this over the budget hotels near seattle center	train	0	0	1	0	0	0	0	0
train771	mislead in cost of internet access stayed here for three nights the last week of december	train	1	0	0	0	0	0	0	0
train772	it is good hotel in good location but the hotel web site implies that internet access is free but that isn so they charge day regardless of whether you use the provided ethernet cable or wi fi at mobile service	train	0	0	1	1	0	0	0	0
train773	used the ethernet cable but the process of authorizing the charge each day took about five minutes the system is very slow valet	train	1	0	0	0	0	0	0	0
train774	parking costs	train	0	0	0	0	0	0	0	0
train775	day the restaurant cafe had very slow service when eat there even though they weren doing much business	train	0	0	0	0	0	0	0	1
train776	rust mold and cold water	train	0	0	0	0	0	0	0	0
train777	while the refurbished lobby restaurants and bars are still elegant and luxurious the standard rooms are far more reminiscent of decrepit dorm room	train	1	0	0	0	0	0	1	0
train778	chipped paint rusting fixtures moldy grout and an utter lack of amenities	train	0	0	0	0	0	1	1	0
train779	the assorted selections of soaps and shampoos apparently borrowed from other hotels is not critical but is indicative of the curent state of the biltmore	train	0	0	0	0	0	1	0	0
train780	waking up to find mixture of cold to luke warm water dribbling out of the five foot high showerhead only reinforced an already negative impression	train	0	0	0	0	0	0	0	0
train781	the staff are certainly accomodating and room service was adequate but would wait until complete renovation of the rooms before ever staying at the biltmore again	train	0	0	1	0	0	0	0	1
train782	great stay	train	0	0	1	0	0	0	0	0
train783	have stayed at this holiday inn twice	train	0	0	0	0	0	0	0	0
train784	would recommend it highly	train	0	0	1	0	0	0	0	0
train785	this is not your average holiday inn	train	0	0	1	0	0	0	0	0
train786	it is well located in the french quarter	train	0	0	0	1	0	0	0	0
train787	hanohano room travelled all the way from australia to marry my bride and had my wedding dinner at the hanohano room	train	0	0	0	0	0	0	0	0
train788	here it is in one sentence	train	0	0	0	0	0	0	0	0
train789	it	train	0	0	0	0	0	0	0	0
train790	does nt get any better than this	train	0	0	0	0	0	0	0	0
train791	can even begin to tell you how happy my wife was with this restrauant if	train	0	0	0	0	0	0	0	0
train792	you have any questions ask me on bobcan yahoo com au	train	0	0	0	0	0	0	0	0
train793	absolutely fabulous	train	0	0	0	0	0	0	0	0
train794	this hotel is an absolute gem	train	0	0	1	0	0	0	0	0
train795	it was difficult to leave at the end of my visit	train	0	0	0	0	0	0	0	0
train796	would love to move in permanently	train	0	0	1	0	0	0	0	0
train797	excelent place	train	0	0	1	0	0	0	0	0
train798	this is great place and beautiful resort	train	0	0	1	0	0	0	0	0
train799	loved every minute there and	train	0	0	1	0	0	0	0	0
train800	the attention is great	train	0	0	1	0	0	0	0	0
train801	you get treated like royalty	train	0	0	0	0	0	0	0	1
train802	asa gonzalez thumbs up we stayed at casa gonzalez on may	train	0	0	1	0	0	0	0	0
train803	it鈥檚 very nice place just blocks from the zona rosa very pleasant and safe neighborhood and the rooms are very comfortable	train	0	0	1	1	0	0	1	0
train804	it is not fancy luxurious place	train	0	0	1	0	0	0	0	0
train805	it鈥檚 nice house with beautiful gardens all around the place excellent attention and great food	train	1	1	1	0	0	0	0	0
train806	all rooms are neat clean bathroom and hot water and some have terrace or balcony	train	0	0	0	0	0	0	1	0
train807	beautiful place highly recommend it	train	0	0	1	0	0	0	0	0
train808	clean hotel great price seattle was sold out and this place got good enough reviews on tripadvisor so chose it	train	0	0	1	0	0	0	0	0
train809	good price nice to be in the center of town	train	0	0	1	1	0	0	0	0
train810	pros inexpensive and cleancons no small tv small bathroom no internet accessbasically room clean sheets good location	train	0	0	1	1	0	1	1	0
train811	no regrets	train	0	0	0	0	0	0	0	0
train812	got what paid for and was not disappointed	train	0	0	1	0	0	0	0	0
train813	excellent	train	0	0	0	0	0	0	0	0
train814	we arrived in san francisco after rush hour easy to find with our tom tom right on lombard	train	0	0	0	0	0	0	0	0
train815	it great place unless you are looking for posh over priced harbour place	train	0	0	1	0	0	0	0	0
train816	highly recommend this place will stay here again if we ever make it back to san francisco	train	0	0	1	0	0	0	0	0
train817	book it before they run out of rooms for the summer tourist season	train	0	0	0	0	0	0	0	0
train818	don even bother looking elsewhere	train	0	0	0	0	0	0	0	0
train819	great golf great golf course played days in row and enjoyed it more each time	train	0	0	1	0	0	0	0	0
train820	food and rest of the resort is nothing special	train	0	1	1	0	0	0	0	0
train821	comments in other reviews about dirty pool areas are true	train	1	0	0	0	0	0	0	0
train822	hotel seems understaffed for ground maintenace other than golf course	train	0	0	1	0	0	0	0	0
train823	elegantly confortable	train	0	0	1	0	0	0	0	0
train824	an efficient but friendly staff welcomes you to this well located hotel in the centre of paris	train	0	0	0	1	0	0	0	1
train825	public rooms are quietly elegant bedrooms are spacious and beds extremely comfortable	train	0	0	0	0	0	1	1	0
train826	overall difficult to fault	train	0	0	0	0	0	0	0	0
train827	the louvres tuileries notre dame and left bank are all within easy walking distance	train	0	0	0	1	0	0	0	0
train828	not stars hotel	train	0	0	1	0	0	0	0	0
train829	very old dusty and very expensiv	train	0	0	1	0	0	0	0	0
train830	this is	train	0	0	0	0	0	0	0	0
train831	villa real hotel the breakfast was poor and the coffe was	train	0	1	0	0	0	0	0	0
train832	horrible didn like the hotel	train	0	0	1	0	0	0	0	0
train833	and will never come back here	train	0	0	1	0	0	0	0	0
train834	good value for the money stayed at the hotel before when it was the alisa	train	0	0	1	0	0	0	0	0
train835	got this room off of priceline	train	0	0	0	0	0	0	1	0
train836	the hotel appears to have renovated its rooms including the bathrooms	train	0	0	0	0	0	0	1	0
train837	while was little nervous from my previous trip to the alisa was pleasantly suprised	train	0	0	1	0	0	0	0	0
train838	not that this is the ritz carlton but my room had mini fridge and microwave with bathtub and shower curtain around it	train	0	0	0	0	0	1	0	0
train839	would stay here again if needed budget destination	train	0	0	1	0	0	0	0	0
train840	friendly	train	0	0	0	0	0	0	0	0
train841	stayed in the friendship hotel with my wife on our first trip to china	train	0	0	0	0	0	0	0	0
train842	having read numerous guides warning me to wear flip flops in th shower etc was expecting very basic hotel however the friendship hotel is anything but	train	0	0	0	0	0	0	0	0
train843	the rooms were spotlessly clean and comfortable though my wife found the beds little hard the staff were friendly and spoke enough english to deal with any problems we had	train	0	0	0	0	0	1	1	1
train844	would certainly recommend this hotel to anyone planning trip to beijing	train	0	0	1	0	0	0	0	0
train845	good location otherwise horrible got the hotel because it was in good location and the reviews looked plausibly ok	train	0	0	1	1	0	0	0	0
train846	however was very dissapointed	train	0	0	1	0	0	0	0	0
train847	it was in good location right next to chinatown but it should not be called hotel but cheap motel or hovel	train	0	0	1	1	0	0	0	0
train848	the room may have been cleaned before we got there but it was so old that you couldn tell for sure	train	0	0	0	0	0	0	1	0
train849	furniture carpet bathroom all in horrible condition	train	0	0	0	0	0	1	1	0
train850	even though it was cheap night it really wasn worth it	train	0	0	1	0	0	0	0	0
train851	did not disappoint wonderful hotel	train	0	0	1	0	0	0	0	0
train852	our rooms were spacious and spotlessly clean	train	0	0	0	0	0	0	1	0
train853	the hotel has beautiful garden where you can sit and unwind after day touring the city	train	1	0	0	0	0	0	0	0
train854	book this hotel	train	0	0	0	0	0	0	0	0
train855	you will not be disappointed	train	0	0	1	0	0	0	0	0
train856	great breakfast	train	0	1	0	0	0	0	0	0
train857	great location to anhalter bahn subway stop mile and potsdamer platz mile	train	0	0	0	1	0	0	0	0
train858	nice walk to checkpoint charlie and plenty of restaurants around	train	0	0	0	1	0	0	0	0
train859	staff very helpful and the breakfast was great	train	0	1	0	0	0	0	0	1
train860	room typical smallish european but we didn go to berlin to stay in the hotel	train	0	0	0	0	0	0	1	0
train861	highly recommend and take the subway it easy and quick	train	0	0	1	0	0	0	0	0
train862	perfecty	train	0	0	0	0	0	0	0	0
train863	located stayed at the caledonian hotel barcelona for nights at the end of april hotel	train	0	0	0	0	0	0	0	0
train864	spotlessly clean room was overlooking main thoroughfare but two double glazed doors to small balacony kept traffic noise to minimum	train	0	0	1	0	0	0	1	0
train865	location of hotel was excellent and staff were friendly and helpful	train	0	0	0	1	0	0	0	1
train866	would recommend to friends and will visit again	train	0	0	1	0	0	0	0	0
train867	not bad at all stayed at the grant in and was fairly impressed enough to come back again in	train	0	0	1	0	0	0	0	0
train868	the rooms near the street were refurbished couple of years ago so requested room there	train	0	0	0	0	0	0	1	0
train869	it not as noisy as thought	train	0	0	0	0	0	0	1	0
train870	the room is pretty clean especially the bathroom	train	0	0	0	0	0	0	1	0
train871	it great no frills place to stay that is central to many of the sights in	train	0	0	0	1	0	0	0	0
train872	don expect luxury here but it great bargain nonetheless	train	0	0	1	0	0	0	0	0
train873	loved the eastgate tower	train	0	0	0	0	0	0	0	0
train874	stayed at the eastgate tower with large group of girls for reunion weekend	train	0	0	0	0	0	0	0	0
train875	we wanted to stay somewhere that would accommodate all of us in one room and the two bedroom suite was more than enough space for us	train	0	0	0	0	0	0	0	0
train876	the furniture was little outdated but the room was clean and the hotel staff were extremely pleasant and the prices were great	train	0	0	0	0	0	0	0	0
train878	lovely hotel and lovely people stayed for nights from the rd august with my girlfriend	train	0	0	1	0	0	0	0	1
train879	our room was lovely with large bathroom which was spotless	train	0	0	0	0	0	0	1	0
train880	the neighbourhood was very quiet and our short walk to the champs elysees every morning was great to get to all the sights	train	0	0	0	1	0	0	0	0
train881	the service was excellent and the people were warm and always happy to help	train	0	0	0	0	0	0	0	1
train882	thanks for making our perfect stay in paris very comfortable	train	0	0	0	0	0	0	0	1
train883	the anthill	train	0	0	0	0	0	0	0	0
train884	this place is huge rooms	train	0	0	1	0	0	0	0	0
train885	it is buzzing convention meeting colony of people wearing name badges and corporate casual clothing	train	0	0	0	0	0	0	0	0
train886	that all well and good if that your thing	train	0	0	0	0	0	0	0	0
train887	but the rooms facing the interior of the giant atrium are noisy well into the night as the conventioneers cut loose on the company dime	train	0	0	0	0	0	0	1	0
train888	nice place bad food	train	0	1	1	0	0	0	0	0
train889	if you like bland food cheap beer and rude europeans this is the place for you of us just returned from week in dr	train	0	0	0	0	0	0	0	0
train890	the hotel was beautiful but all of us were disappointed in the food and the drink selection	train	0	1	1	0	0	0	0	0
train891	this is the first caribbean resort ve stayed at that didn have blenders behind the bar	train	1	0	0	0	0	0	0	0
train892	going back to cozumel next time	train	0	0	0	0	0	0	0	0
train893	farjardo inn san juan pr worth	train	0	0	0	0	0	0	0	0
train894	the money farjardo inn san juan pr worth the moneyoctober tripadvisor member waco txthe inn and grounds were prettty and well kept	train	0	0	0	0	0	0	0	0
train895	the room was not fancy but was large and very clean and comfortable	train	0	0	0	0	0	0	0	0
train896	this hotel is not on the beach but beautiful beach is very near by	train	0	0	0	0	0	0	0	0
train897	the only problems we encountered were very few signs directing us to the hotel and when we called the first time the desk clerk was unable to give us directions from the town plaza which was less than mile away	train	0	0	0	0	0	0	0	0
train898	there are lot of steps and steep inclines on the property but overall it was well worth the money	train	0	0	0	0	0	0	0	0
train899	it needs to be closed	train	0	0	0	0	0	0	0	0
train900	the hotel is uninhabitable	train	0	0	1	0	0	0	0	0
train901	the hour day construction noise at ground zero is so bad one will not be able to sleep without drugs	train	0	0	1	0	0	0	0	0
train902	the hotel web page talks about neighborhood construction but says nothing about the nonstop noise	train	0	0	0	0	0	0	0	0
train903	the hotel should be closed until the work is done	train	0	0	1	0	0	0	0	0
train904	great stay at san gallo palace	train	0	0	0	0	0	0	0	0
train905	my mother and took trip over the new year periodthe hotel was excellent rooms very clean and spacious	train	0	0	0	0	0	0	0	0
train906	breakfast was ample and the bar very nice to come back to at night for little night cap	train	0	0	0	0	0	0	0	0
train907	all the staff were very friendly and would recommend this hotel to any one	train	0	0	0	0	0	0	0	0
train908	try the little restaurant alfredos whick is very close by you wont be disappointed	train	0	0	0	0	0	0	0	0
train909	good sized clean rooms but service could be improved we booked standard room at the villa mazarin	train	0	0	0	0	0	0	0	0
train910	we found it centrally located we walked to most of the major tourist sites and the rooms were decent sized and comfortable	train	0	0	0	0	0	0	0	0
train911	what let it down somewhat for us was the service at the front desk	train	0	0	0	0	0	0	0	0
train912	they were by no means rude but made you feel like you were bothering them if you asked them any questions	train	0	0	0	0	0	0	0	0
train913	if the service were more personable and efficient then we would have had no complaints about the mazarin	train	0	0	0	0	0	0	0	0
train914	practical hotel with great location	train	0	0	0	0	0	0	0	0
train915	my friend and stayed there for two nights	train	0	0	0	0	0	0	0	0
train916	love the location of the hotel close to the sol metro station and walking distance to almost all major tourist sites	train	0	0	0	0	0	0	0	0
train917	room is clean but has thin walls we heard showers from next door and cleaning noise sweeping and vacuuming	train	0	0	0	0	0	0	0	0
train918	staffs are very helpful in general	train	0	0	0	0	0	0	0	0
train919	good stay three day stay on business	train	0	0	0	0	0	0	0	0
train920	got good rate at per night	train	0	0	0	0	0	0	0	0
train921	nice clean and spacious room must have been upgraded recently good standard of furnishings lcd tv with hd channels	train	0	0	0	0	0	0	0	0
train922	hotel location is good close to union square etc	train	0	0	0	0	0	0	0	0
train923	would stay again helpful staff	train	0	0	0	0	0	0	0	0
train924	gem of hotel	train	0	0	0	0	0	0	0	0
train925	this is particularly agreeable hotel with friendly staff nice furnishings and excellent value for money given the included breakfast wine cheese evenings and coffee and tea on tap so to speak	train	0	0	0	0	0	0	0	0
train926	our petite double room was as expected space challenged but clever use of the available space minimized the bother and for night stay it was not problem	train	0	0	0	0	0	0	0	0
train927	for longer stays would invest in larger room	train	0	0	0	0	0	0	0	0
train928	particularly appreciated was the ability to set up my laptop and connect to the internet for free without having to re arrange the furniture unplug lamps and so on which is so often the case at more expensive hotels the lounge on the nd floor is lovely space to relax and the bar on the top floor is also worth visit or two	train	0	0	0	0	0	0	0	0
train929	good location we just stayed at point sheraton	train	0	0	0	1	0	0	0	0
train930	darling harbor sydney for nights	train	0	0	0	0	0	0	0	0
train931	excellent location to all transportation in downtown sydney and friendly staff	train	0	0	0	1	0	0	0	1
train932	for reasonable cathay pacific rate we of course didn get the darling harbor view	train	0	0	0	0	0	0	1	0
train933	room is spacious	train	0	0	0	0	0	0	1	0
train935	good accomodations	train	0	0	1	0	0	0	0	0
train936	my wife and really enjoyed our stay at the hotel majestic	train	0	0	1	0	0	0	0	0
train937	the hotel is very well maintained lavishly decorated and the rooms are very comfortable	train	0	0	1	0	0	0	1	0
train938	you also really can beat the location know my wife really enjoyed the proximity to all the shopping	train	0	0	0	1	0	0	0	0
train939	can complain about the service level definetely not the best we have received but by no means bad	train	0	0	0	0	0	0	0	1
train940	above average stayed here only for night coming from australia on stopover to the uk	train	0	0	1	0	0	0	0	0
train941	we were happy with the stay	train	0	0	1	0	0	0	0	0
train942	probably wouldn go back again	train	0	0	1	0	0	0	0	0
train943	it was above average but only typical business stop over hotel	train	0	0	1	0	0	0	0	0
train944	didn find much atmosphere there it was just all robotic there wasn much human heart in the hotel but well worth the stay	train	0	0	1	0	0	0	0	1
train945	it was central clean friendly	train	0	0	1	1	0	0	0	1
train946	charming clean hotel just returned from our trip to florence	train	0	0	1	0	0	0	0	0
train947	we found this hotel to be all we needed for people	train	0	0	0	0	0	0	0	0
train948	it is clean with wall to wall hard wood floors sound proof windows large modern bathroom and kitchenette which is great for late night or for early morning snacks	train	0	0	1	0	0	0	1	0
train949	we will stay again on our next trip	train	0	0	1	0	0	0	0	0
train950	my only concerns are that more people will find out about this hotel and booking will be difficult	train	0	0	0	0	0	0	0	0
train952	stayed at this motel for two nights last week and found it to be fantastic value for money	train	0	0	1	0	0	0	0	0
train953	staff were friendly facilities were great the motel was modern and clean and my room was spacious clean modern with everything could possibly need	train	1	0	1	0	0	0	1	1
train954	will be returning to this motel in the near future and would recommend it to anyone else	train	0	0	1	0	0	0	0	0
train955	absolutely brilliant value for money	train	0	0	1	0	0	0	0	0
train956	loved this special place	train	0	0	0	0	0	0	0	0
train957	chose this hotel through reviews by others and was extremely pleased by the location the staff and the general atmosphere	train	0	0	0	0	0	0	0	0
train958	this was my first time in italy and staying at orto de medici felt just like home and was sunny bright and utterly charming	train	0	0	0	0	0	0	0	0
train959	close to san marco square and busses but on quiet charming street	train	0	0	0	0	0	0	0	0
train960	loved it loved it loved it	train	0	0	0	0	0	0	0	0
train962	we stayed at the hyatt regency only for one night	train	0	0	0	0	0	0	0	0
train963	unfortunately our room was spacious clean with fantastic lanai	train	0	0	0	0	0	0	1	0
train964	the bed are superb	train	0	0	0	0	0	1	0	0
train965	we never sleept so well in any other hotel before	train	0	0	0	0	0	0	0	0
train966	we rent car at hertz and we picked it up just outside the hotel	train	0	0	0	0	0	0	0	0
train967	best location in fisherman wharf stayed from july	train	0	0	0	0	0	0	0	0
train968	great hotel with maritime theme throughout lobby and rooms	train	0	0	0	0	0	0	0	0
train969	helpful front desk and concierge	train	0	0	0	0	0	0	0	0
train970	located in classier end of fisherman wharf next to cable car turnaround and away from touristy shops	train	0	0	0	0	0	0	0	0
train971	would definitely recommend the staff were incredibly helpful and we found our overall experience at jurys better than expected	train	0	0	1	0	0	0	0	1
train972	the hotel bar cuffs was buzzing ve never seen hotel bar so popular	train	1	0	0	0	0	0	0	0
train973	great cocktails and the food in the restaurant next door was great too	train	0	1	0	0	0	0	0	0
train974	we had corner bedroom and it was well equiped if bit on the small side	train	0	0	0	0	0	0	1	0
train975	the hotel was in great location for seeing the sights of boston and we would definitely stay there again	train	0	0	1	1	0	0	0	0
train977	stayed at this hotel with my sister for nights in november	train	0	0	0	0	0	0	0	0
train978	what fantastic property	train	0	0	1	0	0	0	0	0
train979	spacious rooms good bathrooms with towel warmer great location and fabulous staff	train	0	0	0	1	0	1	1	1
dev1	we had room across from reception and didn have any problems with noise	dev	0	0	0	0	0	0	1	0
dev2	really good breakfast to start full day in venice	dev	0	1	0	0	0	0	0	0
dev3	great hotel in top location managed to get this hotel at great price but regardless it is really nice hotel with all the amenities you would expect from hotel bit twin room good room service breakfast is exp	dev	0	1	1	1	0	0	1	1
dev4	think	dev	0	0	0	0	0	0	0	0
dev5	but there was no chance was going to be up by am which is when breakfast finishes anyway	dev	0	0	0	0	0	0	0	0
dev6	would highly recommend this hotel and this area leidesplein	dev	0	0	1	0	0	0	0	0
dev7	spelling have also stayed in the nh hotel which is almost next door and the nh is also just as nice but little younger in it decor and general mood	dev	0	0	0	0	0	0	0	0
dev8	loved the pelham	dev	0	0	1	0	0	0	0	0
dev9	the staff was excellant	dev	0	0	0	0	0	0	0	1
dev10	the staff was friendly and helpful especially lakiesha wilson	dev	0	0	0	0	0	0	0	1
dev11	the rooms are beautiful and the hotel is close to all of the hot spots in new orleans	dev	0	0	0	1	0	0	1	0
dev12	stay there again in heartbeat	dev	0	0	1	0	0	0	0	0
dev14	uncomfortable beds	dev	0	0	0	0	0	1	0	0
dev15	the hotel has convenient location but it ends there	dev	0	0	0	1	0	0	0	0
dev16	concierge were not too helpful getting us taxi which was took ages to arrive even if you book in advance	dev	0	0	0	0	0	0	0	1
dev17	the room was nice but the beds were too soft it was so uncomfortable	dev	0	0	0	0	0	1	1	0
dev18	you will not get good night sleep here	dev	0	0	0	0	0	0	1	0
dev19	most comfortable beds ever	dev	0	0	0	0	0	1	0	0
dev20	the hotel was very beautiful and the service was impeccable	dev	0	0	1	0	0	0	0	1
dev21	the rooms were relatively spacious for being in downtown san fran	dev	0	0	0	0	0	0	1	0
dev22	most of all though the beds were like sleeping on cloud	dev	0	0	0	0	0	1	0	0
dev23	they were extremely comfortable so much so that almost over slept and missed my seminar	dev	0	0	0	0	0	1	0	0
dev24	all in all would definitely recommend this hotel	dev	0	0	1	0	0	0	0	0
dev25	location location location we enjoyed day stay at the parc	dev	0	0	1	0	0	0	0	0
dev26	the location is the best because of the proximity to bart across the street and the cable cars block away	dev	0	0	0	1	0	0	0	0
dev27	westfield shopping center is located directly across the street nordstroms bloomingdale great food court too the service and the rooms were excellent and we would highly recommend this hotel to anyone staying in san francisco that would like to be close to the shopping and public transportation	dev	0	0	1	0	0	0	1	1
dev28	it is right on market street and is close to chinatown	dev	0	0	0	1	0	0	0	0
dev29	parking is little pricey at for overnight however parking is at premium at this location	dev	1	0	0	0	0	0	0	0
dev30	we found great rates for this hotel on expedia however would recommend that you check out their website parc first because they have several special package rates	dev	0	0	1	0	0	0	0	0
dev32	my wife and stayed here for nights and had great stay	dev	0	0	1	0	0	0	0	0
dev33	the hotel has great location is easy to get to from the airport trainstraight from cdg stops about metres from the hotel the rooms clean and the staff very helpful	dev	0	0	0	1	0	0	1	1
dev34	only downside was that the rooms were small but you did have enough room to move around	dev	0	0	0	0	0	0	1	0
dev35	and you can鈥檛expect much more from hotel of this price in the city centr	dev	0	0	0	0	0	0	0	0
dev36	excellent in all areas	dev	0	0	1	0	0	0	0	0
dev37	we stayed at the lenox for nights and were treated like special guest through out our stay	dev	0	0	0	0	0	0	0	1
dev38	the room was spacious and elegant and their committment to the environment was impressive	dev	0	0	0	0	0	0	1	0
dev39	there was filtered water access in the hall so need for buying bottled water	dev	1	0	0	0	0	0	0	0
dev40	it was special occasion and when they found out they sent wine and cheese to our room	dev	0	0	0	0	0	0	0	1
dev41	will definitely stay there the next time return to boston	dev	0	0	1	0	0	0	0	0
dev42	hotel nadia hotel nadia is lovely the staff are very friendly and helpful and the rooms are clean as family we had the quad which was bit of squeeze but the beds were very comfortable and plenty of cupboard space	dev	0	0	1	0	0	1	1	1
dev43	the steep stairs might put some people off	dev	0	0	1	0	0	0	0	0
dev44	the dining room is also small and tables were not always available for breakfast	dev	1	0	0	0	0	0	0	0
dev45	also the central location meant that traffic noise and church chimes were noticeable	dev	0	0	1	1	0	0	0	0
dev46	but walking distance of many places and right near ann frank museum	dev	0	0	0	1	0	0	0	0
dev48	beautiful hotel and great staff	dev	0	0	1	0	0	0	0	1
dev49	booked one night stay here for my mother and but accidently booked the room for the wrong date	dev	0	0	0	0	0	0	0	0
dev50	the front staff did not even wince or balk at my silly error even though the hotel was just about full to capacity	dev	0	0	0	0	0	0	0	1
dev51	the person helping me calmly went into the backroom and was gone for perhaps minutes and found beautiful room for us	dev	0	0	0	0	0	0	1	1
dev52	was stressed initially but his calmness and great customer service put me at ease	dev	0	0	0	0	0	0	0	1
dev53	will never forget the great service received at this hotel with the staff exhibiting no condescension whatsover	dev	0	0	0	0	0	0	0	1
dev54	hotel in central location stayed here for four days in july	dev	0	0	0	1	0	0	0	0
dev55	five minute walk around the corner and down the hill	dev	0	0	0	1	0	0	0	0
dev56	and you are at union square perfect for shopping and picking up tour buses	dev	0	0	0	0	0	0	0	0
dev57	very clean and well maintained	dev	0	0	1	0	0	0	0	0
dev58	would stay here agai	dev	0	0	1	0	0	0	0	0
dev59	wonderful location we stayed at the hotel bigallo on the recommendation of friend and were not disappointed	dev	0	0	1	1	0	0	0	0
dev60	it was an easy walk from the train station even with our luggage and great location the windows opened up to very close view of the duomo	dev	0	0	0	1	0	0	0	0
dev61	it was an easy walk to everything in florence	dev	0	0	0	1	0	0	0	0
dev62	the room was spacious and attractive and the breakfast ok	dev	0	1	0	0	0	0	1	0
dev63	it was noisy outside even at night just shut the windows for quiet	dev	0	0	0	0	0	0	1	0
dev64	there was an computer in the lobby you could pay to use for email etc	dev	1	0	0	0	0	0	0	0
dev65	what gem we stayed at this hotel for eight nights in july and it met all our needs and more	dev	0	0	1	0	0	0	0	0
dev66	friends told us that hotel rooms in paris are small so we booked millenium room which is larger	dev	0	0	0	0	0	0	1	0
dev67	it met all our needs clean comfortable beds and pillows air conditioned very nice bathroom and very friendly multi lingual staff	dev	0	0	0	0	0	1	1	1
dev68	would recommend this hotel to anyone who wanted to stay in saint germain de pres	dev	0	0	1	0	0	0	0	0
dev69	good hotel outside city center large hotel outside city center min walk on the river arno	dev	0	0	1	1	0	0	0	0
dev70	we had larger room for european standards but the bathroom was very small and the shower was really small	dev	0	0	0	0	0	1	1	0
dev71	we did not have breakfast in this hotel but we did have dinner in one of their restaurants	dev	0	0	0	0	0	0	0	0
dev72	it was very quiet night but service was still slow	dev	0	0	0	0	0	0	0	1
dev73	they have paid internet access in their lobby	dev	1	0	0	0	0	0	0	0
dev74	unforgetable visit	dev	0	0	0	0	0	0	0	0
dev75	this was the first time that had been to barcelona and the hotel	dev	0	0	0	0	0	0	0	0
dev76	was superb	dev	0	0	0	0	0	0	0	0
dev77	the rooms were clean the meals excellent and the staff just could not do enough for you	dev	0	0	0	0	0	0	0	0
dev78	would recommend this hotel to anyone visiting barcelona as it is within easy travelling distance of all the major sights	dev	0	0	0	0	0	0	0	0
dev79	wonderfull wonderfull place much like the marriot on phuket	dev	0	0	1	0	0	0	0	0
dev80	of course its big place not smal and intimate but even though very nice much of it because of the pool area who is vinding about in the garden the beach is nice too	dev	1	0	1	1	0	0	0	0
dev81	delicius rooms flatscreen tv nice bath rooms but tub and shower in one with very high ends so you almost have to climb not that easy	dev	0	0	0	0	0	1	1	0
dev82	the pool pools is lovely and there ig very high level of service everywhere	dev	1	0	0	0	0	0	0	1
dev83	beautyfull lobby area and nice spa	dev	1	0	0	0	0	0	0	0
dev84	breakfast god with person only to make the juice you wa	dev	0	1	0	0	0	0	0	0
dev85	loved the fairmont	dev	0	0	1	0	0	0	0	0
dev86	woweeee	dev	0	0	0	0	0	0	0	0
dev87	great rooms great service and the humps that carried my luggage were little soldiers	dev	0	0	0	0	0	0	1	1
dev88	tipped them about what they deserved	dev	0	0	0	0	0	0	0	0
dev89	out	dev	0	0	0	0	0	0	0	0
dev91	weird smell stayed here on short business trip to seattle	dev	0	0	0	0	0	0	0	0
dev92	pros	dev	0	0	0	0	0	0	0	0
dev93	excellent locationnice continental breakfast in morningspacious floor plan in rooms with king bedneat blowfish in lobby who follows people cons	dev	0	1	0	1	0	0	1	0
dev94	weird smell in roomsslow jerky	dev	0	0	0	0	0	0	1	0
dev95	elevatorvery limited parking especially in alley construction near old and not kep	dev	1	0	0	0	0	0	1	0
dev96	great location especially for new years eve	dev	0	0	0	1	0	0	0	0
dev97	just got back from new years eve trip	dev	0	0	0	0	0	0	0	0
dev98	the location of the hotel is perfect and you don have to stand for hours in the crowds to watch the ball drop as there is space made available for the hotel clients at pm	dev	0	0	0	1	0	0	0	0
dev99	the location is also good for all the sightseeing and shopping	dev	0	0	0	1	0	0	0	0
dev100	the hotel itself is okay the rooms are expensive for what they are	dev	0	0	1	0	0	0	1	0
dev101	but hey it seems that new york hotels are expensive for something half decent	dev	0	0	0	0	0	0	0	0
dev102	outstanding service second time visit to nyc and the elysee hotel	dev	0	0	0	0	0	0	0	0
dev103	location location location	dev	0	0	0	0	0	0	0	0
dev104	the elysee is close to everything and its staff is second to none	dev	0	0	0	0	0	0	0	0
dev105	the hotel atmosphere is inviting and its staff was very helpfull from directions to making reservations in the best venues of nyc	dev	0	0	0	0	0	0	0	0
dev106	will continue to stay here on my next visits to nyc and will reccommend the elysee to all interested individuals	dev	0	0	0	0	0	0	0	0
dev107	great time	dev	0	0	0	0	0	0	0	0
dev108	fantastic love this hotel have stayed at the hughendon hotel every year for the past years and wouldn stay anywhere else it is like home away from home	dev	0	0	1	0	0	0	0	0
dev109	the character of the place is unique and enchanting with its artwork antiques and friendly atmosphere	dev	0	0	1	0	0	0	0	0
dev110	the hotel is in wonderful location within walking distance to all the best shops and galleries	dev	0	0	0	1	0	0	0	0
dev111	the staff are always helpful and friendly and nothing is ever too much trouble	dev	0	0	0	0	0	0	0	1
dev112	victor the piano man is another highlight	dev	0	0	1	0	0	0	0	0
dev113	cannot say enough good things about this place	dev	0	0	1	0	0	0	0	0
dev114	wish was there now	dev	0	0	0	0	0	0	0	0
dev115	we went on girls vacation	dev	0	0	0	0	0	0	0	0
dev116	the hotel was everything we needed	dev	0	0	1	0	0	0	0	0
dev117	the staff was super friendly food just fine beach was wonderful and plenty to do and drink	dev	0	1	0	1	0	0	0	1
dev118	if had one complaint it would be the beds were not the best but just drink more and than they were great	dev	0	0	0	0	0	1	0	0
dev119	think it is better place for partying with friends than romantic gateaway	dev	0	0	1	0	0	0	0	0
dev120	excellent location basic but clean and comfortable	dev	0	0	1	1	0	0	0	0
dev121	stayed at this hotel mainly because of it location and wasn disapointed	dev	0	0	0	1	0	0	0	0
dev122	it got fantastic position in the heart of the gothic quarter few minutes from the ramblas plaza catalunya and the port	dev	0	0	0	1	0	0	0	0
dev123	the room was small and functional but very clean	dev	0	0	0	0	0	0	1	0
dev124	the hotel was very busy and the breakfast was good	dev	0	1	1	0	0	0	0	0
dev126	lovely rooms we upgraded to the corner room which had lovely view and lovely room	dev	0	0	0	0	0	0	1	1
dev127	the bathroom was very spacious the bed was nice and comforable location is ok nothing near here taxi to orchard road will cost singapore dollors outside the hotel next door the miramar you can catch the city buzz service	dev	0	0	0	1	0	1	1	0
dev128	wich we did to see most of the tourist sights	dev	0	0	0	0	0	0	0	0
dev129	the buffet in the hotel is ok	dev	0	1	0	0	0	0	0	0
dev130	but expensive the jaccuzi is gorgeous nice pool and garden	dev	1	0	0	0	0	1	0	0
dev131	the hotel has free shuttle bus service to orchard rd and chinatown	dev	1	0	0	0	0	0	0	0
dev133	overall we were very happy with our experience at the piccolo	dev	0	0	0	0	0	0	0	0
dev134	it wasn luxurious but we were not expecting that for the price	dev	0	0	0	0	0	0	0	0
dev135	the place was kept up very nice it was clean and they were extremely helpful welcoming	dev	0	0	0	0	0	0	0	0
dev136	what more could you ask for the location is great and there was an adequate breakfast each morning	dev	0	0	0	0	0	0	0	0
dev137	we really enjoyed our stay there and would definitely recommend it to others	dev	0	0	0	0	0	0	0	0
dev138	good place bad service nice hotel really clean very near the train station stores everywhere	dev	0	0	1	1	0	0	0	1
dev139	service is terrible though	dev	0	0	0	0	0	0	0	1
dev140	their keycards get quite defective	dev	0	0	0	0	0	0	1	0
dev141	visited the concierge only to have this man rudely point me to the reception desk with this impossibly long line of people checking in	dev	0	0	0	0	0	0	0	1
dev142	when complained that am already guest he glared at me and spat out what do you want me to do	dev	0	0	0	0	0	0	0	0
dev143	horrible service	dev	0	0	0	0	0	0	0	1
dev144	ute hotel some construction but comfortable and great value	dev	0	0	1	0	0	0	0	0
dev145	the boyfriend and stayed in this unique place due to him being in seattle for business	dev	0	0	0	0	0	0	0	0
dev146	it was great location due to it being bit off the beaten path from the business of the city yet close enough to walk everywhere	dev	0	0	0	1	0	0	0	0
dev147	wanted to go	dev	0	0	0	0	0	0	0	0
dev148	the rooms are incredibly large and for the price that we paid we felt that we got great bang for our buck	dev	0	0	0	0	0	0	1	0
dev149	the comforter on the bed was really scratchy and the front entrance to the hotel was under contstruction but other than that would definitely reccomend this place to my friends and other travelers	dev	0	0	1	0	0	1	0	0
dev150	perfect weekend	dev	0	0	0	0	0	0	0	0
dev151	my husband and had wonderful stay staff were at their best as always	dev	0	0	1	0	0	0	0	1
dev152	the food was excellent	dev	0	1	0	0	0	0	0	0
dev153	we enjoyed ourselves at the spa and fitness center	dev	1	0	0	0	0	0	0	0
dev154	you will not be disppointed	dev	0	0	1	0	0	0	0	0
dev155	satisfied traveller	dev	0	0	0	0	0	0	0	0
dev156	uldn wait to leave ve usually found the marriotts to be fairly good but this one was disappointing and just notch above travel inn	dev	0	0	1	0	0	0	0	0
dev157	location was ok but not central as it was good minute walk to dam square and the centraal station	dev	0	0	0	1	0	0	0	0
dev158	the hotel had absolutely no character whatsoever the lobby was uninviting and the food in both the breakfast and the bar restaurants was only just ok	dev	1	1	1	0	0	0	0	0
dev159	the room was good size and the furnishings looked relatively new and comfortable but there was strong drainage smell in the bathroom all the time and there was fizzing electrical sound all through the night which only went away when it was drowned out by the loud air con	dev	0	0	0	0	0	1	1	0
dev160	when mentioned this to the reception staff at check out they weren interested and didn even comment	dev	0	0	0	0	0	0	0	1
dev161	only go if you get very cheap rate as you can get this sort of mediocrity anywhere	dev	0	0	1	0	0	0	0	0
dev162	my second home was welcomed again very friendly and warm	dev	0	0	0	0	0	0	0	1
dev163	they gave me the feeling being at home	dev	0	0	0	0	0	0	0	0
dev164	nadia is very nice and familial hotel they fulfilled all my wishes helped and gave very good hints of amsterdam	dev	0	0	1	0	0	0	0	1
dev165	my next stay in amsterdam is for sure again at nadia hotel	dev	0	0	1	0	0	0	0	0
dev166	great little place good quality and value hotel	dev	0	0	1	0	0	0	0	0
dev167	rooms are clean and attractive for the price and the bathrooms are very good	dev	0	0	0	0	0	0	1	0
dev168	breakfast buffet is value for money and good too	dev	0	1	0	0	0	0	0	0
dev169	as it near to the train station the area is just average but it close walk to all the things you want to see	dev	0	0	0	1	0	0	0	0
dev170	so it really not problem	dev	0	0	0	0	0	0	0	0
dev171	overall very good and would stay there again	dev	0	0	1	0	0	0	0	0
dev172	helpful staff and warm atmosphere	dev	0	0	0	0	0	0	0	0
dev173	my daughter and stayed just one night at the chesterfield and took advantage of the promotion found on the hotel website that included full breakfast	dev	0	0	0	0	0	0	0	0
dev174	the hotel was warm clean safe and very british	dev	0	0	0	0	0	0	0	0
dev175	breakfast was huge cold buffet as well as hot offerings from the kitchen real treat	dev	0	0	0	0	0	0	0	0
dev176	though not the least expensive room in the city for about it was for two of us worth every penny	dev	0	0	0	0	0	0	0	0
dev177	plus we got to leave our bags there the next day while we were out exploring	dev	0	0	0	0	0	0	0	0
dev178	loved	dev	0	0	0	0	0	0	0	0
dev179	it had great time there	dev	0	0	0	0	0	0	0	0
dev180	the food was pretty good for an all inclusive resort and the service was excellent	dev	0	0	0	0	0	0	0	0
dev181	had beautiful beach and many activities to keep the fun going	dev	0	0	0	0	0	0	0	0
dev182	the only thing didn like was the that the beds were horrible but everything else made up for	dev	0	0	0	0	0	0	0	0
dev183	lovely lobby good ambience	dev	0	0	0	0	0	0	0	0
dev184	the doubletree at the campbell centre in dallas has charm and character values so often lacking in large hotels aimed at business travellers	dev	0	0	0	0	0	0	0	0
dev185	the hotel boasts framed collection of native american arrow heads and the lobby is decorated in vibrant and tasteful way	dev	0	0	0	0	0	0	0	0
dev186	there comedy club next door	dev	0	0	0	0	0	0	0	0
dev187	had corner room with good views and high speed internet while breakfast was hearty with good range of choices	dev	0	0	0	0	0	0	0	0
dev188	the staff seemed attentive and friendly and there was plenty of parking out front	dev	0	0	0	0	0	0	0	0
dev189	fine nothing more	dev	0	0	0	0	0	0	0	0
dev190	we arrived really tired from very delayed flight and the room was fine	dev	0	0	0	0	0	0	0	0
dev191	for the price would prefer washable duvet covers instead of the yucky bedspreads	dev	0	0	0	0	0	0	0	0
dev192	anyways we liked the free wireless internet and the hotel suited us just fine	dev	0	0	0	0	0	0	0	0
dev193	we slept well and had no troubles	dev	0	0	0	0	0	0	0	0
dev194	they were happy to hold our reservation until am because of the delayed flight and to keep non smoking king for us which we appreciated	dev	0	0	0	0	0	0	0	0
dev195	listen to trip advisor	dev	0	0	0	0	0	0	0	0
dev196	we did lot of research before going and wanted someplace that was in good central location and was not too expensive	dev	0	0	0	0	0	0	0	0
dev197	following the good reviews on ta we made reservations at the nob hill motor inn	dev	0	0	0	0	0	0	0	0
dev198	everything said about this place is true	dev	0	0	0	0	0	0	0	0
dev199	but the one thing that is not mentioned enough is the owners frank and judy	dev	0	0	0	0	0	0	0	0
dev200	they not only run great hotel but they will help however they can to make your vacation great	dev	0	0	0	0	0	0	0	0
dev201	recommended excellent value and excellent service main impression very clean well maintained and conscienciously cared for	dev	0	0	0	0	0	0	0	0
dev202	friendly attentive and efficient staff	dev	0	0	0	0	0	0	0	0
dev203	good englsh breakfast buffet in well maintained dining room	dev	0	0	0	0	0	0	0	0
dev204	excellent value	dev	0	0	0	0	0	0	0	0
dev205	will return	dev	0	0	0	0	0	0	0	0
dev206	steal	dev	0	0	0	0	0	0	0	0
dev207	compared to the congestion noise cheeseball tourists and double rates at the caribe hilton and the san juan hotel this place is great	dev	0	0	0	0	0	0	0	0
dev208	centrally located friendly staff and quiet rooms	dev	0	0	0	0	0	0	0	0
dev209	if you want to eat you can walk next door to the hilton and use them for their restaurants then walk across the street for ice cream	dev	0	0	0	0	0	0	0	0
dev210	free internet service ands great pool	dev	0	0	0	0	0	0	0	0
dev211	hotel carton review booked room at this hotel for great price after reading some good reviews on ta	dev	0	0	0	0	0	0	0	0
dev212	staff were very pleasant rooms were clean and modern location was great although one wrong turn	dev	0	0	0	0	0	0	0	0
dev213	and you could end up near the tenderloin although to their credit the staff at the hotel tell you this immediately	dev	0	0	0	0	0	0	0	0
dev214	when you check in they give you map and tell you exactly where not to go so you really have no excuses	dev	0	0	0	0	0	0	0	0
dev215	however as said before the location is great and you re close walking distance to some great places	dev	0	0	0	0	0	0	0	0
dev216	recommended	dev	0	0	0	0	0	0	0	0
dev217	perfect star hotel but no star palace just passed three nights there	dev	0	0	0	0	0	0	0	0
dev218	the stars are justified by the quality of the bed the size of the room the choice of restaurants the excellent noise protection the impressive size of the lobby and the bar	dev	0	0	0	0	0	0	0	0
dev219	the spa on the top floor is great very clean extremely friendly staff like in the rest of the hotel	dev	0	0	0	0	0	0	0	0
dev220	noteworthy it is the only really centrally located star hotel in frankfurt	dev	0	0	0	0	0	0	0	0
dev221	breakfast is ok nothing very special for the high price it is	dev	0	0	0	0	0	0	0	0
dev222	fantastic great location helpful staff	dev	0	0	0	0	0	0	0	0
dev223	if you are going to ny and want to stay centrally	dev	0	0	0	0	0	0	0	0
dev224	this is the perfect choice	dev	0	0	0	0	0	0	0	0
dev225	really nice location in central manhatten very helpful service and staff all incredibly nice	dev	0	0	0	0	0	0	0	0
dev226	try and stay in room as high as possible for the better views	dev	0	0	0	0	0	0	0	0
dev227	easy to walk around manhatten for shopping broadway and sightseeingnot the cheapest but one has to be one of the nices	dev	0	0	0	0	0	0	0	0
dev228	easter in nola	dev	0	0	0	0	0	0	0	0
dev229	we spent easter weekend in new orleans and stayed at the prince conti again	dev	0	0	0	0	0	0	0	0
dev230	we were in nola over halloween and found this gem so it will be the only place we will stay from now on	dev	0	0	0	0	0	0	0	0
dev231	the staff is always engaging and helpful the rooms are spotless and roomy and the location can be beat	dev	0	0	0	0	0	0	0	0
dev232	the easter baskets ann placed in our room were great touch and we look forward to returning again soon	dev	0	0	0	0	0	0	0	0
dev233	we feel like we are family there and higly recommend it to anyone and everyone we can	dev	0	0	0	0	0	0	0	0
dev234	mfortable place to stay wonderful concierge	dev	0	0	0	0	0	0	0	0
dev235	this is very good hotel located about min walk from chapultepec park and only min away from the metro	dev	0	0	0	0	0	0	0	0
dev236	the rooms were very clean and comfortable	dev	0	0	0	0	0	0	0	0
dev237	the small pool and exercise room were nice as well	dev	0	0	0	0	0	0	0	0
dev238	the greatest thing about the hotel was the impeccable concierge service who was always ready to recommend activities whether the commercial day trips or our diy activities	dev	0	0	0	0	0	0	0	0
dev239	perfect stay was bit concerned after reading mixed reviews but would highly reccomend this hotel we were upgraded to sea front view and as it was my th birthday they had complimentary cake waiting for me in my room	dev	0	0	0	0	0	0	0	0
dev240	the hotel staff could not do enough very accomodating	dev	0	0	0	0	0	0	0	0
dev241	the breakfast was amazing and it was lovely sitting out in the early morning sun to eat it	dev	0	0	0	0	0	0	0	0
dev242	rooms very spacious comfy beds and the bathroom was out of this world only problem we did have was we did have to ask for the room to be made up after returning as it had not been done but this was then done immediately	dev	0	0	0	0	0	0	0	0
dev243	perfect me and my wife came from iceland to barcelona to celebrate her birthday and chose the pulitzer	dev	0	0	0	0	0	0	0	0
dev244	from now on this is our hotel in barcelona	dev	0	0	0	0	0	0	0	0
dev245	booked romantic celebration stay and it was perfect from bottle of cava waiting in our room which was spacious and welcoming to booking perfect meal at quatre gats restaurant	dev	0	0	0	0	0	0	0	0
dev246	when we came back from the meal hot bath was waiting for my wife with cava strawberries and chocolate and the room decorated with roses perfect	dev	0	0	0	0	0	0	0	0
dev247	front desk and all staff was perfect they organised masseuse to come to our room for deep and relaxing massage for my wife	dev	0	0	0	0	0	0	0	0
dev248	we will certainly stay there again	dev	0	0	0	0	0	0	0	0
dev249	the reviews are right	dev	0	0	0	0	0	0	0	0
dev250	the reviews on this site are correct great location near the train station convenient to all sights clean great breakfast and nice rooms	dev	0	0	0	0	0	0	0	0
dev251	staff is very helpful and friendly	dev	0	0	0	0	0	0	0	0
dev252	on side note for dinner try il latini	dev	0	0	0	0	0	0	0	0
dev253	bien situe en centre ville et	dev	0	0	0	0	0	0	0	0
dev254	correct	dev	0	0	0	0	0	0	0	0
dev255	pour passer ou	dev	0	0	0	0	0	0	0	0
dev256	jours showreview full	dev	0	0	0	0	0	0	0	0
dev257	exceptional service at green isle inn	dev	0	0	0	0	0	0	0	0
dev258	it is with great pleasure that moses oquendo highly recommend green isle hotel to anybody planning to stay at an affordable hotel close to san juan puerto rico	dev	0	0	0	0	0	0	0	0
dev259	the customer service representatives at green isle are exceptional the rooms are well organized and cleaned	dev	0	0	0	0	0	0	0	0
dev260	am very honor to have to privilege to stay at green isle with my family members april through april	dev	0	0	0	0	0	0	0	0
dev261	must give special thank you to juan for all his support in order to grant us room	dev	0	0	0	0	0	0	0	0
dev262	my room was robbed at riu palace punta cana	dev	0	0	0	0	0	0	0	0
dev263	on june two personal items were stolen from my hotel room between am and pm cell phone and digital camara	dev	0	0	0	0	0	0	0	0
dev264	the individual who stole my personal items had key and access to my room	dev	0	0	0	0	0	0	0	0
dev265	when visiting the riu palace resort make sure to lock all valuables in the safe and secure the key	dev	0	0	0	0	0	0	0	0
dev266	budget hotel with very good location located in the heart of chinatown this is great budget hotel for those who want to have just place to sleep	dev	0	0	0	0	0	0	0	0
dev267	the rooms are pretty small but the bathroon was pretty big comparing to the room	dev	0	0	0	0	0	0	0	0
dev268	it was mostly clean except the bedclothes towels which could be better	dev	0	0	0	0	0	0	0	0
dev269	we had double room with street view and it was much lighter than our friends room which has only one window with courtyard view but it was much more noisy	dev	0	0	0	0	0	0	0	0
dev270	the front desk is bit smelly and old but the staff was nice	dev	0	0	0	0	0	0	0	0
dev271	lovely hotel was lucky enough to get one of their rooms but would have been just as happy paying the standard rate	dev	0	0	0	0	0	0	0	0
dev272	lovely modern hotel with friendly helpful staff	dev	0	0	0	0	0	0	0	0
dev273	rooms were lovely with everything you needed	dev	0	0	0	0	0	0	0	0
dev274	the pillows and duvets were divine	dev	0	0	0	0	0	0	0	0
dev275	the bathroom was lovely with large walk in shower	dev	0	0	0	0	0	0	0	0
dev276	would definately recommend it	dev	0	0	0	0	0	0	0	0
dev277	great experience stayed just after mardi gras	dev	0	0	0	0	0	0	0	0
dev278	the rooms are so comfortable and unique	dev	0	0	0	0	0	0	0	0
dev279	not your cookie cutter hotel in box	dev	0	0	0	0	0	0	0	0
dev280	went to the big easy for the whole experience and this hotel was perfect	dev	0	0	0	0	0	0	0	0
dev281	the staff was very nice and it is in great location	dev	0	0	0	0	0	0	0	0
dev282	will definitly be back	dev	0	0	0	0	0	0	0	0
dev283	great value	dev	0	0	0	0	0	0	0	0
dev284	my wife and stayed at the royal garden during our christmas holiday	dev	0	0	0	0	0	0	0	0
dev285	we found the hotel staff incredily helpful and friendly	dev	0	0	0	0	0	0	0	0
dev286	the room was clean and comfortable and had great view	dev	0	0	0	0	0	0	0	0
dev287	the hotel location was convenient two blocks within the major shopping area and short walk to the beach	dev	0	0	0	0	0	0	0	0
dev288	overall comparing the hotel rate with the experience provided we felt that the royal garden was great value	dev	0	0	0	0	0	0	0	0
dev289	worse place on earth	dev	0	0	0	0	0	0	0	0
dev290	this was the most disgusting hotel we ve ever stayed at	dev	0	0	0	0	0	0	0	0
dev291	it was way over priced and filthy	dev	0	0	0	0	0	0	0	0
dev292	we stayed here out of convienince since we had an over night layover for our international flight we didn want to have to ride shuttle bus	dev	0	0	0	0	0	0	0	0
dev293	so thought this was good option biggest mistake of all time	dev	0	0	0	0	0	0	0	0
dev294	great location shabby room	dev	0	0	0	0	0	0	0	0
dev295	although the ambassador was well located had pleasant and helpful staff and good food service will probably not stay there again	dev	0	0	0	0	0	0	0	0
dev296	my single room was shabby with wallpaper peeling off the wall clean but threadbare carpet and dated furniture	dev	0	0	0	0	0	0	0	0
dev297	as single traveller was only allowed one pillow on the double bed and one towel in the bath	dev	0	0	0	0	0	0	0	0
dev298	the ventilation in the lobby was poor so the cigarette smoke was toxic	dev	0	0	0	0	0	0	0	0
dev299	excellent stay in paris	dev	0	0	0	0	0	0	0	0
dev300	we had very good stay at hotel du cadran	dev	0	0	0	0	0	0	0	0
dev301	very clean and well decorated rooms	dev	0	0	0	0	0	0	0	0
dev302	we have been sevral times in paris and this time was the best	dev	0	0	0	0	0	0	0	0
dev303	the hotel is in very quiet area near eiffel tower	dev	0	0	0	0	0	0	0	0
dev304	great hotel superb location just returned from montcada this is an excellent hotel in great location in barri gothic one street away from la ramblas	dev	0	0	0	0	0	0	0	0
dev305	yes the rooms are quite small but we had no problems and it does have great bathroom	dev	0	0	0	0	0	0	0	0
dev306	only minor problem was with the room safe not opening one evening this was rectified within mnutes of informing reception	dev	0	0	0	0	0	0	0	0
dev307	got the aerobus from airport for euro single stops right outside the arrivals at airport hotel is minutes walk from placa catalunya use via laetana to walk down its less crowded to walk with trolley case	dev	0	0	0	0	0	0	0	0
dev308	used the bus turistic two day pass for sightseeing this is an excellent way to see all the best bits of barcelona	dev	0	0	0	0	0	0	0	0
dev309	highly recommended hotel and great city to visit	dev	0	0	0	0	0	0	0	0
dev310	really great	dev	0	0	0	0	0	0	0	0
dev311	was very pleasantly surprised at the quality of this hotel for the comparatively little money we spent	dev	0	0	0	0	0	0	0	0
dev312	the lobby was very pretty and new the rooms were spacious the bathroom newly renovated small but very clean	dev	0	0	0	0	0	0	0	0
dev313	and it is but block from times square so the location is terrific	dev	0	0	0	0	0	0	0	0
dev314	the staff was friendly and helpful	dev	0	0	0	0	0	0	0	0
dev315	would absolutely stay there again	dev	0	0	0	0	0	0	0	0
dev316	great location stayed here for convention at reduced rate	dev	0	0	0	0	0	0	0	0
dev317	room had high quality inch hd tv and was very comfortable	dev	0	0	0	0	0	0	0	0
dev318	excellent location close to moscone convention center restaurants cable car and shopping	dev	0	0	0	0	0	0	0	0
dev319	really enjoyed yerba buena garden right next to it and the bar with terrific view on the th floor	dev	0	0	0	0	0	0	0	0
dev320	my only complaint is that there are three sets of elevators going to different floors which was confusing for the first day or two	dev	0	0	0	0	0	0	0	0
dev321	guests have to transfer elevators to get from certain floors to other floors	dev	0	0	0	0	0	0	0	0
dev322	great value and big rooms	dev	0	0	0	0	0	0	0	0
dev323	we chose the affinia for visit with our kids ages and and were very pleased with the room location and service	dev	0	0	0	0	0	0	0	0
dev324	we often stay in nyc for business and have stayed in many hotels and we were very impressed with the size of the room the nice decor and the overall comfort	dev	0	0	0	0	0	0	0	0
dev325	the front door staff is very friendly and efficient	dev	0	0	0	0	0	0	0	0
dev326	would highly reccomend this hotel for the value	dev	0	0	0	0	0	0	0	0
dev327	super stay super staff super location we stayed for relaxing weekend in berlin and booked room in the westin grand	dev	0	0	0	0	0	0	0	0
dev328	what hotel	dev	0	0	0	0	0	0	0	0
dev329	nice and charming lobby very helpful and polite staff whereever you go	dev	0	0	0	0	0	0	0	0
dev330	the room was more than well appointed junior suite with very large bathroom perfect cleaned and everything in very good condition	dev	0	0	0	0	0	0	0	0
dev331	perfect service were ever expect it from turndown to morning newspaper to valet parking	dev	0	0	0	0	0	0	0	0
dev332	excellent value for money and we will come back	dev	0	0	0	0	0	0	0	0
dev333	nothing to write home about was happy to get back to the land of the modern living after being in fiji but was disappointed by the hotel in general	dev	0	0	0	0	0	0	0	0
dev334	check in took ages hotel decor was dull and drab our room stank of cigarettes	dev	0	0	0	0	0	0	0	0
dev335	breakfast was average	dev	0	0	0	0	0	0	0	0
dev336	we would stay here again if we were stuck	dev	0	0	0	0	0	0	0	0
dev337	but it definitely wouldnt set your world on alight	dev	0	0	0	0	0	0	0	0
dev338	loved our stay	dev	0	0	0	0	0	0	0	0
dev339	stayed at the hotel elysee for three nights and it was wonderful	dev	0	0	0	0	0	0	0	0
dev340	the room was large for new york very clean quiet plus in midtown ny	dev	0	0	0	0	0	0	0	0
dev341	staff was very helpful the continental breakfast	dev	0	0	0	0	0	0	0	0
dev342	evening wine snacks was an added plus	dev	0	0	0	0	0	0	0	0
dev343	pleasant and affordable	dev	0	0	0	0	0	0	0	0
dev344	we stayed in this hotel for three nights in december	dev	0	0	0	0	0	0	0	0
dev345	it was pleasant and affordable with decent parking	dev	0	0	0	0	0	0	0	0
dev346	the best feature is that it is right across the street from the bayside marina mall	dev	0	0	0	0	0	0	0	0
dev347	this gave us an easy place to go for food hanging out etc	dev	0	0	0	0	0	0	0	0
dev348	great quality star more like star for paris	dev	0	0	0	0	0	0	0	0
dev349	my stay here was owing to corporate referral	dev	0	0	0	0	0	0	0	0
dev350	an excellent location with great staff service and moderately sized but modernised rooms	dev	0	0	0	0	0	0	0	0
dev351	if you are aware of parisien hotel standards you will appreciate the quality value for money and convenience of this hotel	dev	0	0	0	0	0	0	0	0
dev352	lorraine dublin ireland	dev	0	0	0	0	0	0	0	0
dev353	great bed bad pool area	dev	0	0	0	0	0	0	0	0
dev354	this is great place to stay for night before or after flight into sfo especially as there are great rates to be gotten online and or via priceline	dev	0	0	0	0	0	0	0	0
dev355	the bed is absolutely perfect with nice crisp sheets the foyer area and bar are beautiful	dev	0	0	0	0	0	0	0	0
dev356	went to the pool area and it looked little run down	dev	0	0	0	0	0	0	0	0
dev357	the pool is very small and the whirlpool looked like an oversized bathtub that someone would have in their home in the	dev	0	0	0	0	0	0	0	0
dev358	we didn stay to use anything	dev	0	0	0	0	0	0	0	0
dev359	terrible experience	dev	0	0	0	0	0	0	0	0
dev360	the worst nightmare ve ever lived	dev	0	0	0	0	0	0	0	0
dev361	my wife got severe food poison for which we ve spent nights in hospital in punta cana	dev	0	0	0	0	0	0	0	0
dev362	you ll probably say was just our bad luck	dev	0	0	0	0	0	0	0	0
dev363	but then why the hospital was full with ppl with the same problem and most of them from the same resort melia caribe tropical service is bad too and very few exceptions didn change the overall impression	dev	0	0	0	0	0	0	0	0
dev364	at the end group of ppl from th hospital we ve decided to send formal letter through lawyer to general manager of the melia caribe tropical	dev	0	0	0	0	0	0	0	0
dev365	lovely peaceful hotel nd visit to paris	dev	0	0	0	0	0	0	0	0
dev366	first time we stayed at the novotel which was too large very businesslike	dev	0	0	0	0	0	0	0	0
dev367	we really enjoyed the position of hotel bassano in typical quiet part of paris much more romantic setting	dev	0	0	0	0	0	0	0	0
dev368	the staff are very polite willing to please	dev	0	0	0	0	0	0	0	0
dev369	we found the room delightful very comfortable it was much appreciated when we went out for the evening to find our bed had been turned back chocolates left for us very nice touch	dev	0	0	0	0	0	0	0	0
dev370	definitely recommend	dev	0	0	0	0	0	0	0	0
dev371	best views of seattle and free parking	dev	0	0	0	0	0	0	0	0
dev372	this is one of the best hotel experiences have had while staying in seattle	dev	0	0	0	0	0	0	0	0
dev373	we booked room on higher floor and hd views of the city that where fantastic	dev	0	0	0	0	0	0	0	0
dev374	the staff were very helpful and being so close to major road ways helped to get all around the area	dev	0	0	0	0	0	0	0	0
dev375	great location nice people we just got back from night stay in room on the top floor and encountered grand total of one mosquito in our room	dev	0	0	0	0	0	0	0	0
dev376	no problems with that at all	dev	0	0	0	0	0	0	0	0
dev377	the rooms could use some spiffing up but ours was quite comfortable and certainly not ugly or tacky in any way	dev	0	0	0	0	0	0	0	0
dev378	the location can be beat and the people running it were as nice and helpful as could be	dev	0	0	0	0	0	0	0	0
dev379	not luxury property but good value	dev	0	0	0	0	0	0	0	0
dev380	either you love it or you	dev	0	0	0	0	0	0	0	0
dev381	hate it	dev	0	0	0	0	0	0	0	0
dev382	no in between	dev	0	0	0	0	0	0	0	0
dev383	hotel exterior	dev	0	0	0	0	0	0	0	0
dev384	great for special break	dev	0	0	0	0	0	0	0	0
dev385	we tacked on days at the shangri la staying in the garden valley wing at the end of our se asia honeymoon	dev	0	0	0	0	0	0	0	0
dev386	and cannot praise it highly enough the garden valley wing is an all inclusive break and it free champagne moet and high class food from am till pm	dev	0	0	0	0	0	0	0	0
dev387	the rooms are spacious and luxurious and the staff are very attentive reasonable location and much better option than the faded grandour of raffles	dev	0	0	0	0	0	0	0	0
dev388	just the job	dev	0	0	0	0	0	0	0	0
dev389	my wife and stayed for nights in august and couldn fault it for what we wanted	dev	0	0	0	0	0	0	0	0
dev390	great location the concierge guy was fantastic and there is lovely restaurant attached to the hotel that does great breakfast no bar as such in the hotel	dev	0	0	0	0	0	0	0	0
dev391	but they have free wine tasting every day at	dev	0	0	0	0	0	0	0	0
dev392	great location across arno river hotel silla is great find across the river from all the main sights in florence	dev	0	0	0	0	0	0	0	0
dev393	their customer service is top notch they are always willing to answer questions recommend restaurant or reserve an entrance to museum or tourist attraction	dev	0	0	0	0	0	0	0	0
dev394	they provide free internet access in the lobby and their breakfast is terrific	dev	0	0	0	0	0	0	0	0
dev395	also enjoy bottle or glass of wine outside on the terrace in the evening	dev	0	0	0	0	0	0	0	0
dev396	it generally quiet but be aware that on weekend evening it can get loud as there are few restaurants bars on the block where locals party	dev	0	0	0	0	0	0	0	0
dev397	we had great stay and would return to hotel silla again	dev	0	0	0	0	0	0	0	0
dev398	noisy	dev	0	0	0	0	0	0	0	0
dev399	must admit the hotel fusion is great bargain in great location	dev	0	0	0	0	0	0	0	0
dev400	my room was large but basic	dev	0	0	0	0	0	0	0	0
dev401	my only compaint is that while they went to great lengths to renovate the hotel they overlooked one detail insulated windows	dev	0	0	0	0	0	0	0	0
dev402	was on the th floor and the street noise penetrating into my room overnight was almost unbearable	dev	0	0	0	0	0	0	0	0
dev403	am not light sleeper and if you are would recommend staying somewhere else	dev	0	0	0	0	0	0	0	0
dev404	if you are traveling on budget this is great	dev	0	0	0	0	0	0	0	0
dev405	if you are doing san juan on shoestring the mango inn will not disappoint	dev	0	0	0	0	0	0	0	0
dev406	sure the view from your room may be obstructed by billboard and the faucet might drip all night but for you can beat it	dev	0	0	0	0	0	0	0	0
dev407	if you are reasonably low maintenance this is definitely worth it	dev	0	0	0	0	0	0	0	0
dev408	submitted by girly girl	dev	0	0	0	0	0	0	0	0
dev410	in crazy expensive london it hard to find decent affordable accomodation	dev	0	0	0	0	0	0	0	0
dev411	our simple twin room here was small but comfortable the staff accomodated our request for quiet back room and it was nice	dev	0	0	0	0	0	0	0	0
dev412	the breakfast was average	dev	0	0	0	0	0	0	0	0
dev413	the hotel is centrally located and within walking distance of victoria station which makes the price even more remarkable	dev	0	0	0	0	0	0	0	0
dev414	awesome hotel	dev	0	0	0	0	0	0	0	0
dev415	this is one of the best hotels have ever liven in	dev	0	0	0	0	0	0	0	0
dev416	we went there for our puerto rico leg of the honeymoon and the service the staff and the rooms were excellent	dev	0	0	0	0	0	0	0	0
dev417	the private beach is awesome with the bar right next to it	dev	0	0	0	0	0	0	0	0
dev418	strongly recommend the steak at the restaurant along with their excellent collection of red wines	dev	0	0	0	0	0	0	0	0
dev419	excellent value stayed at the affinia dumont on my third business trip to new york and this is the best hotel value for the money in nyc or anywhere else	dev	0	0	0	0	0	0	0	0
dev420	it perfect for those wanting to mix business and pleasure thanks to an enormous desk and aeron chair as well as lovely looking spa	dev	0	0	0	0	0	0	0	0
dev421	just used the yoga room one morning	dev	0	0	0	0	0	0	0	0
dev422	also well equiped fitness room which didn need because walked to miles day	dev	0	0	0	0	0	0	0	0
dev423	the elements that made this standout for me were the excellent lighting including some energy efficient fixtures especially the reading lights over the bed over the desk and by the reading chair and the great mirrors everywhere you could possibly want them	dev	0	0	0	0	0	0	0	0
dev424	overall including its fully equipped galley kitchen it larger than some nyc studio apartments	dev	0	0	0	0	0	0	0	0
dev425	great for golf overall great experience	dev	0	0	0	0	0	0	0	0
dev426	we went strictly for golf	dev	0	0	0	0	0	0	0	0
dev427	there are two courses both well maintained and challenging	dev	0	0	0	0	0	0	0	0
dev428	the club pro robert is great guy and an excellent teacher	dev	0	0	0	0	0	0	0	0
dev429	the resort offers golf package which is works out as well or better than lot of places in fla and so carolina	dev	0	0	0	0	0	0	0	0
dev430	liked the place to my surprise	dev	0	0	0	0	0	0	0	0
dev431	this was actually very well run and very nice resort	dev	0	0	0	0	0	0	0	0
dev432	arrived expecting the worst and they were actuallly better than what is being told on the page first the employees were very helpful and courteous	dev	0	0	0	0	0	0	0	0
dev433	the room was very nice you are in the tropics so you keep the air conditioning on to circulate the air we enjoyed the food and entertainment	dev	0	0	0	0	0	0	0	0
dev434	the beaches and the pool were excelant	dev	0	0	0	0	0	0	0	0
dev435	am truly trying to get back to this resort again	dev	0	0	0	0	0	0	0	0
dev437	we stayed here for nights in and loved the hotel	dev	0	0	0	0	0	0	0	0
dev438	the location is great as its on the busy orchard rd shopping area with easy access to the mrt and transport links	dev	0	0	0	0	0	0	0	0
dev439	the buffet breakfast was awesome and the rooms were great too	dev	0	0	0	0	0	0	0	0
dev440	we would stay there again	dev	0	0	0	0	0	0	0	0
dev441	great location stayed at the hilton times square sept with my husband and two teenaged sons	dev	0	0	0	0	0	0	0	0
dev442	the hotel is well located and we would definitely stay there again	dev	0	0	0	0	0	0	0	0
dev443	we were on the th floor facing st and found the room to be quiet	dev	0	0	0	0	0	0	0	0
dev444	many restaurants cinemas shopping steps away	dev	0	0	0	0	0	0	0	0
dev445	my base in hong kong there are plenty of good comments about this hotel already posted here on trip advisor	dev	0	0	0	0	0	0	0	0
dev446	this is well run clean and nicely appointed hotel that is very handy for the airport as well as being only few stops on the mrt to central hong kong	dev	0	0	0	0	0	0	0	0
dev447	the hotel is attached to newly built shopping centre	dev	0	0	0	0	0	0	0	0
dev448	if you can live without the hussle and bussle of city centre then this hotel is good option	dev	0	0	0	0	0	0	0	0
dev449	am in asia or times year and use this property as my base from which then travel in and out from the nearby airpor	dev	0	0	0	0	0	0	0	0
dev450	just loved this hotel	dev	0	0	0	0	0	0	0	0
dev451	we stayed at this hotel while on vacation in last summer	dev	0	0	0	0	0	0	0	0
dev452	was extremely pleased with everything about this hotel there is not one thing that could complain about	dev	0	0	0	0	0	0	0	0
dev453	ideal location extra clean friendly staff wonderful breakfast buffet beautiful rooms etc	dev	0	0	0	0	0	0	0	0
dev454	this is one place that would return to over over again	dev	0	0	0	0	0	0	0	0
dev455	pampered at the peninsula spent four nights at the peninsula palace in september	dev	0	0	0	0	0	0	0	0
dev456	the bedroom on one of the executive club floors was terrific huge bed internet conections air con that obeyed us flat screen tv and even second tv in the bathroom	dev	0	0	0	0	0	0	0	0
dev457	the executive club rooms could not be faulted with speedy check in and check out great breakfasts and splendid happy hour	dev	0	0	0	0	0	0	0	0
dev458	the hotel is in an ideal situation near to beijing main sights and shopping area	dev	0	0	0	0	0	0	0	0
dev459	restaurants were fi	dev	0	0	0	0	0	0	0	0
dev460	loved the location was warned that it was away from the city centre	dev	0	0	0	0	0	0	0	0
dev461	my check in was handled reasonably smooth and the room was decent size	dev	0	0	0	0	0	0	0	0
dev462	the staff were very courteous	dev	0	0	0	0	0	0	0	0
dev463	there is market place on the other side but this does not cause any disturbance	dev	0	0	0	0	0	0	0	0
dev464	the tram stop is just across the road and most of the sites are accessible quickly	dev	0	0	0	0	0	0	0	0
dev465	tram card is an important asset in amsterdam	dev	0	0	0	0	0	0	0	0
dev466	great location great hotel you won find better location in amsterdam	dev	0	0	0	0	0	0	0	0
dev467	this is right opposite the central train station and within walking distance of every tourist spots	dev	0	0	0	0	0	0	0	0
dev468	the hotel is clean and tidy and lovely amenities	dev	0	0	0	0	0	0	0	0
dev469	my parents also stayed here when they visited too and loved it	dev	0	0	0	0	0	0	0	0
dev470	would definately recommend this hotel to anyone going to amsterdam	dev	0	0	0	0	0	0	0	0
dev471	great service and accomadtions	dev	0	0	0	0	0	0	0	0
dev472	at the time of our arrival we were greeted by very friendly doorman	dev	0	0	0	0	0	0	0	0
dev473	after very pleasent check in we were taken to our room by the bellman	dev	0	0	0	0	0	0	0	0
dev474	he infromed us of all the services avavilable at the hotel	dev	0	0	0	0	0	0	0	0
dev475	we had wonderful dinner at the hotel restaurant followed by after dinner drinks in the lounge	dev	0	0	0	0	0	0	0	0
dev476	next time we come to san francisco we will stay at the omni again	dev	0	0	0	0	0	0	0	0
dev478	great location within walking distance of interesting sites	dev	0	0	0	0	0	0	0	0
dev479	not too far from an american express office which came in handy	dev	0	0	0	0	0	0	0	0
dev480	did not try the full breakfast in the morning the muffins and fruit on the continental table were enough	dev	0	0	0	0	0	0	0	0
dev481	great advice on restaurants appreciated the loan of an umbrella and help with directions	dev	0	0	0	0	0	0	0	0
dev482	good hotel just returned from hong kong where resided five days at the langham place inspired by the reviews on this site	dev	0	0	0	0	0	0	0	0
dev483	decided to stay at this hotel not only because of the overall favorably opinions but mainly because of the rapport between quality and price which turned out to be excellent	dev	0	0	0	0	0	0	0	0
dev484	for good hotel with great amenities and services it was reasonable	dev	0	0	0	0	0	0	0	0
dev485	am not fan of huge hotels of this type but found that the service was maintained on all levels	dev	0	0	0	0	0	0	0	0
dev486	loved the spa and the outdoor pool which was big enough with an amazing view	dev	0	0	0	0	0	0	0	0
dev487	perfect paris holiday great hotel in an excellent location	dev	0	0	0	0	0	0	0	0
dev488	room was very clean staff was friendly very helpful and speak english for those not fluent in french	dev	0	0	0	0	0	0	0	0
dev489	minute walk to the rer station and champs elysees and the arch of triumph	dev	0	0	0	0	0	0	0	0
dev490	very easy to navigate to from cdg airport and the sites from this location	dev	0	0	0	0	0	0	0	0
dev491	will definetly book this hotel again when return for my next visit to paris	dev	0	0	0	0	0	0	0	0
dev492	overall good but too expensive	dev	0	0	0	0	0	0	0	0
dev493	overall	dev	0	0	0	0	0	0	0	0
dev494	it was good hotel but think too expensive	dev	0	0	0	0	0	0	0	0
dev495	good great breakfast for the money it was only euro for booking online big room and the expected comfort for star hotelbad quite far from city center and metro station	dev	0	0	0	0	0	0	0	0
dev496	too noisy situated on big street	dev	0	0	0	0	0	0	0	0
dev497	great place before going	dev	0	0	0	0	0	0	0	0
dev498	had read all the reviews posted on the site	dev	0	0	0	0	0	0	0	0
dev499	and am glad everything they say is true	dev	0	0	0	0	0	0	0	0
dev500	it is definitely worth staying at the chancellor	dev	0	0	0	0	0	0	0	0
dev501	everyone is really helpful and nice	dev	0	0	0	0	0	0	0	0
dev502	tried several sf hotels and this is the only one ll go back to	dev	0	0	0	0	0	0	0	0
dev503	xcellent stay book this hotel back in august for november stay someone at the marriott hotel website made mistake and had the web price for two bedroom lakeview suite at instead of	dev	0	0	0	0	0	0	0	0
dev504	jumped on it and booked it and thought might get hassle over it	dev	0	0	0	0	0	0	0	0
dev505	but instead the front desk staff were impressed at the rate had recieved and happily checked me in	dev	0	0	0	0	0	0	0	0
dev506	the staff were very friendly and the shuttle driver was excellent taking us to the downtown area whenever we needed him of course tip seemed to help with that	dev	0	0	0	0	0	0	0	0
dev507	the hotel itself was clean and comfortable with extended buffet breakfast	dev	0	0	0	0	0	0	0	0
dev508	would stay here again when in the area	dev	0	0	0	0	0	0	0	0
dev509	good hotel and location for price	dev	0	0	0	0	0	0	0	0
dev510	the hotel is located near central station so location is good for accessing transit and located near major attractions didn use the restaurant as there are millions of restaurants in this town	dev	0	0	0	0	0	0	0	0
dev511	staff was pleasant and helpful	dev	0	0	0	0	0	0	0	0
dev512	seemed very clean other than the elevators appeared grungy and smelled funny	dev	0	0	0	0	0	0	0	0
dev513	nice hotel great location	dev	0	0	0	0	0	0	0	0
dev514	nice hotel in great location bahn stop only block away	dev	0	0	0	0	0	0	0	0
dev515	and you had access to the whole city	dev	0	0	0	0	0	0	0	0
dev516	loved staying in the area of old east berlin there is history everywhere	dev	0	0	0	0	0	0	0	0
dev517	stylish decor staff very nice	dev	0	0	0	0	0	0	0	0
dev519	best deal in hong kong	dev	0	0	0	0	0	0	0	0
dev520	for the us paid can imagine better deal in hong kong	dev	0	0	0	0	0	0	0	0
dev521	the room was on the small side but it was still fine for couple	dev	0	0	0	0	0	0	0	0
dev522	the decor was tasteful and everything was very clean	dev	0	0	0	0	0	0	0	0
dev523	very convenient location as well	dev	0	0	0	0	0	0	0	0
dev524	on the strange side the staff uniforms looked liked an wedding band	dev	0	0	0	0	0	0	0	0
dev525	just the ticket stayed here in for two separate stints of three nights each	dev	0	0	0	0	0	0	0	0
dev526	both times was really appreciative to have clean safe cool and relaxing place to stay	dev	0	0	0	0	0	0	0	0
dev527	overall found the hotel simple but perfect for my needs	dev	0	0	0	0	0	0	0	0
dev528	the pool is an added bonus for taking moonlight dip under the lights of the surrounding skyscrapers surreal	dev	0	0	0	0	0	0	0	0
dev529	don stay here if you re fussy about cracked tiles and things like that because not	dev	0	0	0	0	0	0	0	0
dev530	fabulous location the hotel had been recommended by my sister and for girl travelling on her own it was fantastic	dev	0	0	0	0	0	0	0	0
dev531	located in the heart of the latin quarter restaurant district it was perfect to eat out and walk safely to hotel even at night needed to close window at night tho cos can be noisy if you are an early to bed person	dev	0	0	0	0	0	0	0	0
dev532	breakfast was fabulous and lovely helpful staff	dev	0	0	0	0	0	0	0	0
dev533	felt very secure and like was in home away from home highly	dev	0	0	0	0	0	0	0	0
dev534	recommend it especially if female travelling alone very secure yet allowed freedom to eat out at night in many places around it australia	dev	0	0	0	0	0	0	0	0
dev535	wonderful stay	dev	0	0	0	0	0	0	0	0
dev536	we stayed for nights in the condos	dev	0	0	0	0	0	0	0	0
dev537	staff was very nice	dev	0	0	0	0	0	0	0	0
dev538	our rooms had great view of waikiki beach	dev	0	0	0	0	0	0	0	0
dev539	we had our month old with us and the extra large rooms enabled her to practice her walking without bumping into everything	dev	0	0	0	0	0	0	0	0
dev540	would definitely stay there again	dev	0	0	0	0	0	0	0	0
dev541	xcellent was in barcelona in july	dev	0	0	0	0	0	0	0	0
dev542	am travel agent and usually stay at the arts	dev	0	0	0	0	0	0	0	0
dev543	th diplomatic has excellent service	dev	0	0	0	0	0	0	0	0
dev544	reserved it through ac hotel web site for	dev	0	0	0	0	0	0	0	0
dev545	the mini bar is free	dev	0	0	0	0	0	0	0	0
dev546	the location can not be better walking distance to the tour bus and all the best shopping area in barcelona	dev	0	0	0	0	0	0	0	0
dev547	perfect location trendy hotel	dev	0	0	0	0	0	0	0	0
dev548	we stayed her with friends booked the hotel at the end of feb	dev	0	0	0	0	0	0	0	0
dev549	location is perfect so easy to walk to places	dev	0	0	0	0	0	0	0	0
dev550	the rooms are immaculate if little unusual with the decor and the layout of the shower and toilet but not problem	dev	0	0	0	0	0	0	0	0
dev551	our room looked out to brick wall and was little on the dark side but our friends room had massive window and looked out on the street which meant it was nice and light ask for room with big window good breakfast loads to choose from served in the tapas barwould	dev	0	0	0	0	0	0	0	0
dev552	def stay there agai	dev	0	0	0	0	0	0	0	0
dev553	good place good rate for latin americans	dev	0	0	0	0	0	0	0	0
dev554	well located	dev	0	0	0	0	0	0	0	0
dev555	just in the heart of downtown miami	dev	0	0	0	0	0	0	0	0
dev556	good and confortable rooms	dev	0	0	0	0	0	0	0	0
dev557	nice personnel	dev	0	0	0	0	0	0	0	0
dev558	special rate for latin american people	dev	0	0	0	0	0	0	0	0
dev559	great value friendly staff	dev	0	0	0	0	0	0	0	0
dev560	this was the first stop of our honeymoon and we very much enjoyed our stay at amstelzicht	dev	0	0	0	0	0	0	0	0
dev561	the staff were very welcoming and friendly and we found the room to be satisfactory and clean	dev	0	0	0	0	0	0	0	0
dev562	this is by no means luxury hotel but if you are looking for clean accomodations that present good value in amsterdam highly recommend this hotel	dev	0	0	0	0	0	0	0	0
dev563	the stairs are difficult to negotiate so would not recommend the hotel to those with physical disabilities	dev	0	0	0	0	0	0	0	0
dev564	otherwise though we had fabulous time and there is great restaurant just around the corner from the hotel	dev	0	0	0	0	0	0	0	0
dev565	dadeland mall is near	dev	0	0	0	0	0	0	0	0
dev566	well	dev	0	0	0	0	0	0	0	0
dev567	the rooms where ok but you could hear your next door neighbor visit the bathroom	dev	0	0	0	0	0	0	0	0
dev568	the staff was ok	dev	0	0	0	0	0	0	0	0
dev569	not too friendly but just ok the good things about this place is that dadeland mall is near	dev	0	0	0	0	0	0	0	0
dev570	nice mall for great shopping	dev	0	0	0	0	0	0	0	0
dev572	my friends and stayed at this place during san francisco pride	dev	0	0	0	0	0	0	0	0
dev573	it was close to where we needed to go	dev	0	0	0	0	0	0	0	0
dev574	the rooms were nice and cheap	dev	0	0	0	0	0	0	0	0
dev575	the staff was friendly and helful	dev	0	0	0	0	0	0	0	0
dev576	excellent location	dev	0	0	0	0	0	0	0	0
dev577	the hotel is very conveniently placed and is only two minute walk from the duomo	dev	0	0	0	0	0	0	0	0
dev578	the majority of the reception staff spoke good english and were always polite and friendly	dev	0	0	0	0	0	0	0	0
dev579	the rooms are small but clean the views are far from spectacular and the furnishings are basic	dev	0	0	0	0	0	0	0	0
dev580	however if you plan to spend most of your time out and about in florence rather than in your hotel room the hotel gioia proves excellent value for money	dev	0	0	0	0	0	0	0	0
dev581	great location but hot and noisy great location near catalunya square and smarter eixample area	dev	0	0	0	0	0	0	0	0
dev582	hotel spotless and staff most helpful	dev	0	0	0	0	0	0	0	0
dev583	very hot rooms could not control temperature properly and noisy laminate flooring	dev	0	0	0	0	0	0	0	0
dev584	could hear music and noise from other rooms until early hours	dev	0	0	0	0	0	0	0	0
dev585	very hard beds	dev	0	0	0	0	0	0	0	0
dev586	avoid expensive breakfast many local cafes do fresh croissant and coffee for	dev	0	0	0	0	0	0	0	0
dev587	highly recommend ve stayed at this hotel four or five times now	dev	0	0	0	0	0	0	0	0
dev588	the service is excellent and the accomodations are quite lovely	dev	0	0	0	0	0	0	0	0
dev589	can beat the convenient location as it is very near the subway with lots of taxis and busses	dev	0	0	0	0	0	0	0	0
dev590	light breakfast is included in your stay in the lobby or for an extra you can have it delivered to your room	dev	0	0	0	0	0	0	0	0
dev591	the staff is very friendly	dev	0	0	0	0	0	0	0	0
dev592	this review was written by demanding sophisticated traveler and ex new yorker	dev	0	0	0	0	0	0	0	0
dev593	lose to museums we stayed nights in large corner room overlooking the canal	dev	0	0	0	0	0	0	0	0
dev594	very good location for visiting the van gogh museum and the rijksmuseum and easy walk to shopping area and restaurants	dev	0	0	0	0	0	0	0	0
dev595	we found the hotel very clean and the staff very cordial	dev	0	0	0	0	0	0	0	0
dev596	the breakfast buffet was very good	dev	0	0	0	0	0	0	0	0
dev597	we would stay here again	dev	0	0	0	0	0	0	0	0
dev598	nice if little old	dev	0	0	0	0	0	0	0	0
dev599	we stayed here in october for weekend getaway	dev	0	0	0	0	0	0	0	0
dev600	the rooms are nicely appointed if bit old but our ocean view from the lanai was gorgeous	dev	0	0	0	0	0	0	0	0
dev601	the lobby has weird fishy smell that hard to get used to but the employees are all very nice	dev	0	0	0	0	0	0	0	0
dev602	great location too	dev	0	0	0	0	0	0	0	0
dev603	its got it all excellent room and excellent location	dev	0	0	0	0	0	0	0	0
dev604	it was the perfect place to see florence and close enough to the train station to check out other cities close by like pisa	dev	0	0	0	0	0	0	0	0
dev605	room was always clean and the staff always happy enough to help when asked	dev	0	0	0	0	0	0	0	0
dev606	couldnt have asked for better place in florence and will definately go back	dev	0	0	0	0	0	0	0	0
dev607	wonderful hotel	dev	0	0	0	0	0	0	0	0
dev608	we loved our stay at the chesterfield in late july	dev	0	0	0	0	0	0	0	0
dev609	thoughtful concierge helped plan theater trip including dinner	dev	0	0	0	0	0	0	0	0
dev610	rooms were decent sized and nicely equipped	dev	0	0	0	0	0	0	0	0
dev611	lovely breakfast with nice staff included in our rate	dev	0	0	0	0	0	0	0	0
dev612	good location few blocks from tube and buses the street itslef was quiet but there were restaurants nearby in shepherd market many of them open sunday night which we did not find in other nearby neighborhoods we would stay there again in moment	dev	0	0	0	0	0	0	0	0
dev613	mfortable room chic space stayed here recently on work trip	dev	0	0	0	0	0	0	0	0
dev614	the hotel was pretty cool as it had variety of art pieces throughout the location and in each of the rooms	dev	0	0	0	0	0	0	0	0
dev615	this hotel is in the warehouse district and within walking distance to some great restaurants coffee shop and galleries galore	dev	0	0	0	0	0	0	0	0
dev616	also not too far off from the quarter	dev	0	0	0	0	0	0	0	0
dev617	the workout room on the top floor was nice and well apportioned and the pool also on the top floor had nice views of the city river	dev	0	0	0	0	0	0	0	0
dev618	comfortable but little pricey compared to what you can get in other parts of the cbd downtown	dev	0	0	0	0	0	0	0	0
dev619	highly recommend the watertown an excellent experience all around	dev	0	0	0	0	0	0	0	0
dev620	not at all the same old boring hotel decor	dev	0	0	0	0	0	0	0	0
dev621	actually enjoyed being in my room	dev	0	0	0	0	0	0	0	0
dev622	the staff members went out of their way to be helpful and the breakfast was treat	dev	0	0	0	0	0	0	0	0
dev623	highly recommend the watertown	dev	0	0	0	0	0	0	0	0
dev624	wonderful staff great place on sold out summer weekend day saturday july we found ourselves in big trouble because of of the room type at the time of online reservation	dev	0	0	0	0	0	0	0	0
dev625	the hotel staff went out of their way to resolve the situation to our satisfaction	dev	0	0	0	0	0	0	0	0
dev626	the stay in this place was great	dev	0	0	0	0	0	0	0	0
dev627	this hotel is located within block of seattle center space needle and is within mintue monorail ride or short drive from downtown pike market area	dev	0	0	0	0	0	0	0	0
dev628	the room and particularly the beds are very comfortable and the breakfast is quite good	dev	0	0	0	0	0	0	0	0
dev629	this is friendly place with good location and plenty of free parking space	dev	0	0	0	0	0	0	0	0
dev630	friendly clean excellent small boutique hotel three minutes walk from eiffel tour	dev	0	0	0	0	0	0	0	0
dev631	wonderful breakfast decent prices on minibar items	dev	0	0	0	0	0	0	0	0
dev632	extremely clean and safe enviroment updated rooms	dev	0	0	0	0	0	0	0	0
dev633	lots of shops and markets within block radius	dev	0	0	0	0	0	0	0	0
dev634	stayed here with six year olds this week the staff couldn have been more friendly to the boys	dev	0	0	0	0	0	0	0	0
dev635	the price is amazing for the quality of this hotel	dev	0	0	0	0	0	0	0	0
dev636	ultra modern very good experience	dev	0	0	0	0	0	0	0	0
dev637	very modern lounge and bar	dev	0	0	0	0	0	0	0	0
dev638	busy but quiet location	dev	0	0	0	0	0	0	0	0
dev639	good star hotel but	dev	0	0	0	0	0	0	0	0
dev640	not really worth prices more than euros per night	dev	0	0	0	0	0	0	0	0
dev641	good value location as far as hotels in amsterdam go it is great value	dev	0	0	0	0	0	0	0	0
dev642	the hotel is clean provides comfortable accommodations and is in great location to get to museums	dev	0	0	0	0	0	0	0	0
dev643	they provide breakfast and the desk was helpful in guiding us when needed	dev	0	0	0	0	0	0	0	0
dev644	their business services were also accommodating	dev	0	0	0	0	0	0	0	0
dev645	really have nothing bad to say	dev	0	0	0	0	0	0	0	0
dev646	it was clean cheap and great location	dev	0	0	0	0	0	0	0	0
dev647	well situated great staff small rooms tho tastefully appointed	dev	0	0	0	0	0	0	0	0
dev648	great library lounge	dev	0	0	0	0	0	0	0	0
dev649	excellent staff most helpful can recall in paris	dev	0	0	0	0	0	0	0	0
dev650	great neighborhood	dev	0	0	0	0	0	0	0	0
dev651	great choice outside tourist district	dev	0	0	0	0	0	0	0	0
dev652	the hotel derby is an excellent choice and highly recommend it	dev	0	0	0	0	0	0	0	0
dev653	so often the staff in star hotels are too stuffy yet here	dev	0	0	0	0	0	0	0	0
dev654	the people couldn have been more helpful	dev	0	0	0	0	0	0	0	0
dev655	if you want to be in the heart of the tourist district of barcelona then this isn for you but if you prefer to do your sightseeing then escape to peaceful haven away from it	dev	0	0	0	0	0	0	0	0
dev656	all then this is fine choice	dev	0	0	0	0	0	0	0	0
dev658	we really enjoyed this hotel	dev	0	0	0	0	0	0	0	0
dev659	it is quite charming and friendly great very helpful staff	dev	0	0	0	0	0	0	0	0
dev660	good location walking distance to union square	dev	0	0	0	0	0	0	0	0
dev661	for the price we paid however the rooms were very small and cramped even for two night stay	dev	0	0	0	0	0	0	0	0
dev662	good choice for central location clean with nice decor and reasonably large rooms	dev	0	0	0	0	0	0	0	0
dev664	about minutes walk from barri gothic and minutes from the sangria familia	dev	0	0	0	0	0	0	0	0
dev665	the hotel is great as base base to visit the sites or even if you are there on business free internet connection	dev	0	0	0	0	0	0	0	0
dev666	however there are few facilities outside the room and the food breakfast only is very limitted in range and	dev	0	0	0	0	0	0	0	0
dev667	quality for euros you would be much better visitting on of the many local cafes	dev	0	0	0	0	0	0	0	0
dev668	not so charming	dev	0	0	0	0	0	0	0	0
dev669	it was nice that the hotel had an old charm feeling	dev	0	0	0	0	0	0	0	0
dev670	but underneath it all it was run down and dirty	dev	0	0	0	0	0	0	0	0
dev671	the girls staying next to me found cochroaches in their bathroom	dev	0	0	0	0	0	0	0	0
dev672	our room did look into small bricked in hallway that was bit strange	dev	0	0	0	0	0	0	0	0
dev673	had to have my door card reactivated every time came into the hotel for days straight which became very annoying	dev	0	0	0	0	0	0	0	0
dev674	wanted to leave days after getting here	dev	0	0	0	0	0	0	0	0
dev675	well am staying at the bahia principe right now	dev	0	0	0	0	0	0	0	0
dev676	am leaving not tomorrow but the day after	dev	0	0	0	0	0	0	0	0
dev677	ive been counting the days	dev	0	0	0	0	0	0	0	0
dev678	they say when you dont have anything good to say dont say anything so wont say anything	dev	0	0	0	0	0	0	0	0
dev679	location the best in san fransisco	dev	0	0	0	0	0	0	0	0
dev680	we stayed at the holiday inn from nov the hotel is an average star but the views from the hotel are second to none	dev	0	0	0	0	0	0	0	0
dev681	if possible ask for bay view room on high floor the views of the bay are breathtaking	dev	0	0	0	0	0	0	0	0
dev682	the best thing about this hotel is the location across the road from portsmouth square the heart of chinatown minute walk to north beach the italian district and minutes either direction walking to the shopping district of civic square and the tourist thoroughfare of fisherman wharf definately out of for location	dev	0	0	0	0	0	0	0	0
dev683	for breakfast would reccomend the garden restaurant outside the hotel on the left as breakfast in the hotel is overpriced and poor similaly if you need camera film etc the hotel shop is way overpiced so walk across to chinatown and get your goods in the shops there	dev	0	0	0	0	0	0	0	0
dev684	we would stay here again but that is down to the location the best in san fransisco rather than the hotel itself	dev	0	0	0	0	0	0	0	0
dev685	nice but noisy very mixed feelings about this hotel	dev	0	0	0	0	0	0	0	0
dev686	don need to dwell on the positives look feel location very friendly service as they re all pretty much covered in the previous reviews	dev	0	0	0	0	0	0	0	0
dev687	the big downside is noise	dev	0	0	0	0	0	0	0	0
dev688	both from outside the room the noise from the pool can continue late into the evening and from the thunderous air conditioning unit which you have no choice but to use given the heat and humidity of the summer	dev	0	0	0	0	0	0	0	0
dev689	notwithstanding this would probably stay here again	dev	0	0	0	0	0	0	0	0
dev690	but if you re light sleeper and you re travelling in the summer months would recommend you look elsewhere	dev	0	0	0	0	0	0	0	0
dev691	fantastic value we were very pleased with this hotel granted the rooms are not that smart and the decoration is bit old but everything was very clean and comfortable the lobby pool and staff are all lovely and the breakfast buffet was just amazing although quite expensive	dev	0	0	0	0	0	0	0	0
dev692	the free pool towels were very welcome and the housekeeping staff responded immediately when we had problem with an overflowing cistern	dev	0	0	0	0	0	0	0	0
dev693	it is good minute walk from all the action but during the day walking along the beachfront to the art deco area is lovely	dev	0	0	0	0	0	0	0	0
dev694	if you are averse to noise though make sure you ask for room high up as the bar in the lobby is very noisy	dev	0	0	0	0	0	0	0	0
dev695	great city centre hotel having just had night stay at the park plaza	dev	0	0	0	0	0	0	0	0
dev696	can understand why it gets such bad reviews	dev	0	0	0	0	0	0	0	0
dev697	it is typical city centre hotel and everyone should bear in mind that it is years old and so doesn have the modern look of some of the newer hotels in boston	dev	0	0	0	0	0	0	0	0
dev698	the staff were always happy to help the room we had was large very clean and comfortable and the hotel is in great location for seeing all boston has to offer	dev	0	0	0	0	0	0	0	0
dev699	would most definitely book here again	dev	0	0	0	0	0	0	0	0
dev700	majestic indeed	dev	0	0	0	0	0	0	0	0
dev701	really enjoyed our stay here	dev	0	0	0	0	0	0	0	0
dev702	we booked at great rate and upon checking in received great room corner with balcony	dev	0	0	0	0	0	0	0	0
dev703	the room was beautiful the view from the balcony was great and the bathroom had the best shower we have encountered so far in europe	dev	0	0	0	0	0	0	0	0
dev704	the staff was helpful and the location was fantastic walk to the gaudi sights and some of the best tapas bars in the city	dev	0	0	0	0	0	0	0	0
dev705	mice problems	dev	0	0	0	0	0	0	0	0
dev706	the hotel has really gone downhill since its change of owners	dev	0	0	0	0	0	0	0	0
dev707	used to be an okay hotel with balinese style decor	dev	0	0	0	0	0	0	0	0
dev708	now the decor looks old and is in need of updates they have scimped on wait help so the service is extremely bad and they have mice problems	dev	0	0	0	0	0	0	0	0
dev709	bit scary as we were coming home from dinner one night small little creature went scurrying across the floor to our horror	dev	0	0	0	0	0	0	0	0
dev710	do not stay here	dev	0	0	0	0	0	0	0	0
dev711	not too shabby sharing room with pal it cost us each per night which is really quite reasonable for nice hotel	dev	0	0	0	0	0	0	0	0
dev712	beds were comfy and food was nice	dev	0	0	0	0	0	0	0	0
dev713	staff were little rude though and beer was about pint	dev	0	0	0	0	0	0	0	0
dev714	bus into central amsterdam was worth it for the savings we made id say	dev	0	0	0	0	0	0	0	0
dev715	view room is must	dev	0	0	0	0	0	0	0	0
dev716	the view rooms here are amazing	dev	0	0	0	0	0	0	0	0
dev717	request high floor looking out all you ll see is water	dev	0	0	0	0	0	0	0	0
dev718	gives you that cruise ship effect	dev	0	0	0	0	0	0	0	0
dev719	rooms here are small but nice and comfortable	dev	0	0	0	0	0	0	0	0
dev720	also like most kimpton hotels it hosts wine hour in which they serve wine and beer complimentary	dev	0	0	0	0	0	0	0	0
dev721	good hotel	dev	0	0	0	0	0	0	0	0
dev722	the sheraton was good hotel to stay at	dev	0	0	0	0	0	0	0	0
dev723	will stay again next year when we go back to boston	dev	0	0	0	0	0	0	0	0
dev724	we booked room in the south tower because of reading this site	dev	0	0	0	0	0	0	0	0
dev725	the room was fine and the location was great	dev	0	0	0	0	0	0	0	0
dev726	the only negative was that the shower tub needed to be updated	dev	0	0	0	0	0	0	0	0
dev727	lovely decor	dev	0	0	0	0	0	0	0	0
dev728	we had quiet room on the top floor	dev	0	0	0	0	0	0	0	0
dev729	we called it the penthouse	dev	0	0	0	0	0	0	0	0
dev730	the decor was lovely and the glass lift well was amazing	dev	0	0	0	0	0	0	0	0
dev731	it looked into the courtyard where breakfast was served	dev	0	0	0	0	0	0	0	0
dev732	loved it myself my son and daughter and two of their friends stayed at the st james and we loved it	dev	0	0	0	0	0	0	0	0
dev733	they would have liked larger pool but we really didnt have that much time for swimming anyway	dev	0	0	0	0	0	0	0	0
dev734	the rooms were large clean and had wonderful atmosphere	dev	0	0	0	0	0	0	0	0
dev735	we go to new orleans several times year and usually stay at another hotel but this one is perfect and with in walking distance of all our favorite attractions	dev	0	0	0	0	0	0	0	0
dev736	this is our new hotel of choice	dev	0	0	0	0	0	0	0	0
dev737	barcelona gem	dev	0	0	0	0	0	0	0	0
dev738	in the heat of barcelona and the noise of the bustling city this lovely little hotel was pure heaven set right on the front of port vell only minutes from the beach las ramblas and the barri gottic district you really couldn wish for better location	dev	0	0	0	0	0	0	0	0
dev739	polite staff peaceful surroundings cool settings pool deck on the top floor to cool off in the hot afternoons	dev	0	0	0	0	0	0	0	0
dev740	have to say that this hotel made our stay near perfect	dev	0	0	0	0	0	0	0	0
dev741	we will definately go back to this hotel again	dev	0	0	0	0	0	0	0	0
dev742	nice clean and great place for families	dev	0	0	0	0	0	0	0	0
dev743	nice location within walking distance of the space needle	dev	0	0	0	0	0	0	0	0
dev744	we had bedroom suite which we felt was great price for the location	dev	0	0	0	0	0	0	0	0
dev745	free breakfast is your basic continental plus waffles although there were long lines for this	dev	0	0	0	0	0	0	0	0
dev746	the free parking was real plus	dev	0	0	0	0	0	0	0	0
dev747	stayed at other hotels downtown that charged night	dev	0	0	0	0	0	0	0	0
dev748	loved alam kulkul we stayed our last night in bali at alam kulkul as soon as we entered the room we liked it even though our room was on the very last corner but the atmosphere inside was homey it was not modernly designed or looked new but very comfortable	dev	0	0	0	0	0	0	0	0
dev749	think it was because the room was bright	dev	0	0	0	0	0	0	0	0
dev750	we also tried their jamu spa treatment hot stone massage and warm tea leaves facial which was divine	dev	0	0	0	0	0	0	0	0
dev751	we definitely will come back to alam kulkul in our next trip to bali and that time we would like to try their villa which we re sure that is well groomed too just like their hotel room	dev	0	0	0	0	0	0	0	0
dev752	we highly recommend alam kulkul to everyone	dev	0	0	0	0	0	0	0	0
dev753	perfect base we have just returned from our first ny visit and stayed at the casablanca for four nights largely on the basis of good reviews	dev	0	0	0	0	0	0	0	0
dev754	we were not disappointed	dev	0	0	0	0	0	0	0	0
dev755	the staff are friendly and helpful the rooms which had read were small were no smaller than most city hotels rick cafe with the complimentary breakfast all day tea coffee muffins newspapers and evening cheese	dev	0	0	0	0	0	0	0	0
dev756	wine was an oasis of sanity and the location is very convenient walkable for most first visit sightseeing	dev	0	0	0	0	0	0	0	0
dev757	we would strongly recommend this hotel unless you want the fitness club swimming pool restaurant type experience of large chain hotel	dev	0	0	0	0	0	0	0	0
dev758	the best wonderful location convenient to midtown without being in the awfulness of times square	dev	0	0	0	0	0	0	0	0
dev759	knowledgable and friendly staff	dev	0	0	0	0	0	0	0	0
dev760	only problem	dev	0	0	0	0	0	0	0	0
dev761	it is expensive	dev	0	0	0	0	0	0	0	0
dev762	plus side it is worth it	dev	0	0	0	0	0	0	0	0
dev763	perfect mu husband	dev	0	0	0	0	0	0	0	0
dev764	and were on short layover in london and we stayed here for one night	dev	0	0	0	0	0	0	0	0
dev765	we will be back	dev	0	0	0	0	0	0	0	0
dev766	great location it is only on one floor next to another hotel	dev	0	0	0	0	0	0	0	0
dev767	private quiet wonderful service and very spiffy decor	dev	0	0	0	0	0	0	0	0
dev768	look on the internet for good deals	dev	0	0	0	0	0	0	0	0
dev769	overbooked	dev	0	0	0	0	0	0	0	0
dev770	first we were quite pissed about the fact fact that we booked another hotel and had to stay in your hotel	dev	0	0	0	0	0	0	0	0
dev771	but the nice room very friendly people specialy matthieu croisiez and good location let us forget this very soon	dev	0	0	0	0	0	0	0	0
dev772	so no comments at all and we have hade en excellent weekend	dev	0	0	0	0	0	0	0	0
dev773	thanks	dev	0	0	0	0	0	0	0	0
dev774	grate service stayed at wyndham miami airpot nights for my work	dev	0	0	0	0	0	0	0	0
dev775	the hotel located few minunts from the airport	dev	0	0	0	0	0	0	0	0
dev776	the southern rooms have the view of the nice golf and water	dev	0	0	0	0	0	0	0	0
dev777	mostly want to share my highly satisfaction from the service and kindness of the staff everywere in the hotel including tansportation	dev	0	0	0	0	0	0	0	0
dev778	the room is big and convenient with every thing you need for business or vaction	dev	0	0	0	0	0	0	0	0
dev779	had good time with my friends crouching at the pool with good sigar and drinks at evening when it cooled down with light velvetly breeze listening to latin music and splashing water nearby	dev	0	0	0	0	0	0	0	0
dev780	loved the belvedere	dev	0	0	0	0	0	0	0	0
dev781	we loved the belvedere	dev	0	0	0	0	0	0	0	0
dev782	because of its location we were able to walk to theaters restaurants times square and the sightseeing bus terminal to pick up tickets	dev	0	0	0	0	0	0	0	0
dev783	the hotel staff was extremely accommodating	dev	0	0	0	0	0	0	0	0
dev784	we would stay there again for sure	dev	0	0	0	0	0	0	0	0
dev785	excellent hotel	dev	0	0	0	0	0	0	0	0
dev786	this was my family second stay at the baglioni	dev	0	0	0	0	0	0	0	0
dev787	the staff was quite helpful and the rooms were beautiful	dev	0	0	0	0	0	0	0	0
dev788	the hotel is located just short walk to many of florence best sights and is connected to the train station via an underground walkway	dev	0	0	0	0	0	0	0	0
dev789	highly recommend this property	dev	0	0	0	0	0	0	0	0
dev790	time square treat just back from night stay at the muse	dev	0	0	0	0	0	0	0	0
dev791	great location fabulous restaurant and bar clean comfy fully equipped room what more can you ask for	dev	0	0	0	0	0	0	0	0
dev792	staff were very friendly allowing us an early check in and offering some tips on theatre tickets etc	dev	0	0	0	0	0	0	0	0
dev793	only slight problem our room was on the th floor facing the street little bit noisy but hey its nyc	dev	0	0	0	0	0	0	0	0
dev794	our superior room had huge king size bed great mini bar huge bathroom with tub and shower and all the little extras you expect steam iron hairdryer lots of towels etc	dev	0	0	0	0	0	0	0	0
dev795	can recommend the hotel enough	dev	0	0	0	0	0	0	0	0
dev796	ok location great hotel spent one night at the hotel with my wife	dev	0	0	0	0	0	0	0	0
dev797	the room is neither luxurious nor large and the bathroom is also small but the hotel and room were new very clean and larger than some we had seen on the internet judging by the photos	dev	0	0	0	0	0	0	0	0
dev798	it even had nice view of one small charming canal	dev	0	0	0	0	0	0	0	0
dev799	the staff was also very polite and helpful	dev	0	0	0	0	0	0	0	0
dev800	this hotel is not so well located as the centraal station ibis but is close to the metro and you get very fast to the heart of the city	dev	0	0	0	0	0	0	0	0
dev801	really enjoyed the hotel the rate was euros	dev	0	0	0	0	0	0	0	0
dev802	fabulous classy hotel	dev	0	0	0	0	0	0	0	0
dev803	this is fantastic hotel reception were so friendly supplied us with maps and even highlighed places of interest	dev	0	0	0	0	0	0	0	0
dev804	the breakfast is lovely and very varied	dev	0	0	0	0	0	0	0	0
dev805	the rooms are beautiful spotlessly clean	dev	0	0	0	0	0	0	0	0
dev806	the pool and roof bar are lovely and give you fantastic views of the cityonly slight negative is there are bars beside the hotel it not soundproofed enough so the sound carries and can disturb you through the night	dev	0	0	0	0	0	0	0	0
dev807	highly recommend this hotel if you fancy relaxing base for sightseeing	dev	0	0	0	0	0	0	0	0
dev808	amazing holiday where the bad reviews come from for this hotel	dev	0	0	0	0	0	0	0	0
dev809	do not know because had fantastic time in this lovely resort	dev	0	0	0	0	0	0	0	0
dev810	the food was beautiful the scenery was lovely and the staff are amazing utterly amazing	dev	0	0	0	0	0	0	0	0
dev811	they would get games of football going or volleyball or take you away to learn spanish or do poolside game the bar staff are all lovely waiters in the buffet area were very hardworking where nothhing was too much hassle	dev	0	0	0	0	0	0	0	0
dev812	all the differant workers here wear uniforms so you know exactly who to see about anything the pool was great with balls supplied and goalposts in the pool and on the beach from my room both the pool and beach were less than minutes walk away	dev	0	0	0	0	0	0	0	0
dev813	best holiday have ever had	dev	0	0	0	0	0	0	0	0
dev814	bad experience this hotel is terrible	dev	0	0	0	0	0	0	0	0
dev815	my friend booked this hotel for me for the night of march	dev	0	0	0	0	0	0	0	0
dev816	however when reached the hotel that night around pm due to delayed flight was told my room reservation was cancelled	dev	0	0	0	0	0	0	0	0
dev817	they did not arrange me to another room or hotel	dev	0	0	0	0	0	0	0	0
dev818	this is terrible experience happened to me	dev	0	0	0	0	0	0	0	0
dev819	will never live in this hotel again	dev	0	0	0	0	0	0	0	0
dev821	we just got back from four day stay at the affinia and we just loved it	dev	0	0	0	0	0	0	0	0
dev822	the room was the biggest and best	dev	0	0	0	0	0	0	0	0
dev823	we have ever had there was even pillow menu	dev	0	0	0	0	0	0	0	0
dev824	the staff was helpful and pleasant	dev	0	0	0	0	0	0	0	0
dev825	highly recomended	dev	0	0	0	0	0	0	0	0
dev826	elegant bargain lovely hotel clean and new due to recent remodelling which seems to be completed	dev	0	0	0	0	0	0	0	0
dev827	as of there is some construction on the east side of the hotel but it does not affect hotel access	dev	0	0	0	0	0	0	0	0
dev828	breathtaking views of hudson river and wtc site	dev	0	0	0	0	0	0	0	0
dev829	close to tribeca subway and steps from train station at wtc you can get great deals directly from their website probably to build up business again after remodel	dev	0	0	0	0	0	0	0	0
dev831	racking hotel	dev	0	0	0	0	0	0	0	0
dev832	second time have stayed at this hotel and won be the last	dev	0	0	0	0	0	0	0	0
dev833	the rooms are very clean and it must be the nicest bed linen ever	dev	0	0	0	0	0	0	0	0
dev834	the breakfast buffet is very adequate to start your day and the staff are very pleasant and helpful	dev	0	0	0	0	0	0	0	0
dev835	well done room mario	dev	0	0	0	0	0	0	0	0
dev836	mate excell	dev	0	0	0	0	0	0	0	0
dev837	relaxing modern retreat	dev	0	0	0	0	0	0	0	0
dev838	this was our nd stay in as many years at bravo beach hotel and once again it was wonderful time	dev	0	0	0	0	0	0	0	0
dev839	thomas the manager and the rest of the staff are fantastic the property is fabulous and the two restaurants are excellent	dev	0	0	0	0	0	0	0	0
dev840	love the sleek design of the rooms very caribbean modern the intimate size of the hotel only rooms that almost every room has view of the ocean the ipod docks in the rooms the pools one with bar where you mix your own drinks and the groovy music that plays on the property all day long	dev	0	0	0	0	0	0	0	0
dev841	it just very cool relaxing setting with no pretense	dev	0	0	0	0	0	0	0	0
dev842	we love it and look forward to returning next year to bbh	dev	0	0	0	0	0	0	0	0
dev843	okay	dev	0	0	0	0	0	0	0	0
dev844	okay for basic accommodations	dev	0	0	0	0	0	0	0	0
dev845	the pool was nice and it was close to everything	dev	0	0	0	0	0	0	0	0
dev846	parking is problem	dev	0	0	0	0	0	0	0	0
dev847	superb value the upstalsboom hotel friedrichshain provides superb value to visitor to berlin	dev	0	0	0	0	0	0	0	0
dev848	located near the metro station it serves as good starting point to reach alexanderplatz zoogarten kadewe brandenburg gate sony centre etc	dev	0	0	0	0	0	0	0	0
dev849	the attached restaurant serves hearty breakfasts	dev	0	0	0	0	0	0	0	0
dev850	there are trendy bars pubs and bistros nearby that are away from the usual tourist spots	dev	0	0	0	0	0	0	0	0
dev851	the rooms are spacious and bathrooms are spotless	dev	0	0	0	0	0	0	0	0
dev852	fantastic hotel went to barcelona last year with group of mates and we stay at the vincci arena for night	dev	0	0	0	0	0	0	0	0
dev853	this is great hotel very clean and rooms beautifully decorated	dev	0	0	0	0	0	0	0	0
dev854	the staff were very friendly and could nt ask for more	dev	0	0	0	0	0	0	0	0
dev855	location very good and metro only round the corner	dev	0	0	0	0	0	0	0	0
dev856	for value and quality this hotel is very good	dev	0	0	0	0	0	0	0	0
dev857	perfect place to stay this hotel was absolutely fabulous	dev	0	0	0	0	0	0	0	0
dev858	the room was spotless the king size bed was comfortable and the location was magnificent	dev	0	0	0	0	0	0	0	0
dev859	it was in very safe neighborhood and within walking distance of great restaurants and shopping plus the bus stopped right down the street	dev	0	0	0	0	0	0	0	0
dev860	gary was great help in securing our shuttle to the airport and helping us with places to eat	dev	0	0	0	0	0	0	0	0
dev861	the hotel was very quiet as it was at the end of lombard street	dev	0	0	0	0	0	0	0	0
dev862	great place to stay and the price was right	dev	0	0	0	0	0	0	0	0
dev864	the rooms are very comfortable and clean loved the modern look and the wooden floor	dev	0	0	0	0	0	0	0	0
dev865	the staff were extrimly nice	dev	0	0	0	0	0	0	0	0
dev866	they helped us with information about the city and with reserving places in nice restaurants its	dev	0	0	0	0	0	0	0	0
dev867	been wonderful stay and highly recomend it	dev	0	0	0	0	0	0	0	0
dev868	one of the few good ones great service unbeatable location where in europe you have to struggle to fit into the bathroom space this hotel has great bath close to leidesplein min walk tram stop right outside also close to all museums	dev	0	0	0	0	0	0	0	0
dev869	bars clubs	dev	0	0	0	0	0	0	0	0
dev870	best to book on priceline select star and put price of night more than likely you will get this its one of the very few star hotels in ams taht is on priceline	dev	0	0	0	0	0	0	0	0
dev871	they even have turndown service	dev	0	0	0	0	0	0	0	0
dev872	enjoy	dev	0	0	0	0	0	0	0	0
dev873	excellent location and staff we stayed at the prestige for nights dutring our honeymoon and loved it	dev	0	0	0	0	0	0	0	0
dev874	the location was excellent and the ask me service was so helpful	dev	0	0	0	0	0	0	0	0
dev875	alvaro from the service recommended our favorite restaruants from our whole trip con gracia and el nou ramonet	dev	0	0	0	0	0	0	0	0
dev876	both delicious and great experiences	dev	0	0	0	0	0	0	0	0
dev877	we would highly recommend the hotel	dev	0	0	0	0	0	0	0	0
dev878	high marks to the antiche figure	dev	0	0	0	0	0	0	0	0
dev879	we were delighted to stay at this hotel	dev	0	0	0	0	0	0	0	0
dev880	location is very convenient to venezia santa lucia train station and it was great relief to get off the train cross the bridge and get to our hotel so fast	dev	0	0	0	0	0	0	0	0
dev881	the reception staff was charming and very helpful	dev	0	0	0	0	0	0	0	0
dev882	the room was very clean although not very spacious	dev	0	0	0	0	0	0	0	0
dev883	breakfast in the tables that face the canal was big plus	dev	0	0	0	0	0	0	0	0
dev884	loved this hotel	dev	0	0	0	0	0	0	0	0
dev885	we stayed at this hotel on may	dev	0	0	0	0	0	0	0	0
dev886	it was beautifuly decorated clean and the staff was wonderful	dev	0	0	0	0	0	0	0	0
dev887	felt very safe in this area of the quarter and if came back to	dev	0	0	0	0	0	0	0	0
dev888	this would be the only place would stay	dev	0	0	0	0	0	0	0	0
dev889	bugs and dirty bed bugs black bugs in the bed under the sheets and the housekeepers were not surprised and they did nothing to help the situation	dev	0	0	0	0	0	0	0	0
dev890	silverfish in the bathrooms	dev	0	0	0	0	0	0	0	0
dev891	dirt and grime on all kitchen counters and tables	dev	0	0	0	0	0	0	0	0
dev892	dirty floorsfor plus tax it seems good for br and baths kitchen and terrace	dev	0	0	0	0	0	0	0	0
dev893	bring your own bug spray and windex	dev	0	0	0	0	0	0	0	0
dev894	and you ll be fine	dev	0	0	0	0	0	0	0	0
dev895	great location and good value	dev	0	0	0	0	0	0	0	0
dev896	we were pleased with our stay at the hotel kapiolani	dev	0	0	0	0	0	0	0	0
dev897	it was only night and for that price it was clean the location was great thepool area was very nice as well as the lobby	dev	0	0	0	0	0	0	0	0
dev898	we stayed only nites but it was just what we wanted for the extra time in hawaii	dev	0	0	0	0	0	0	0	0
dev899	you can walk one block and you are at the major waikiki beaches and shops	dev	0	0	0	0	0	0	0	0
dev900	it is not luxurious but would stay there again	dev	0	0	0	0	0	0	0	0
dev901	couldn be better	dev	0	0	0	0	0	0	0	0
dev902	we couldn fault this wonderful condo	dev	0	0	0	0	0	0	0	0
dev903	after reading lots of reviews of lots of places have to say that everything was excellent except for the american fondness for dim lighting	dev	0	0	0	0	0	0	0	0
dev904	had to remove the lamp shades so we could read	dev	0	0	0	0	0	0	0	0
dev905	no elevator queues friendly competent staff in all areas gorgeous condo great location and views masonry construction so no noise transference between condos no street noise with doors closed	dev	0	0	0	0	0	0	0	0
dev906	we had been staying on the north shore in house booked over the internet and it was ok at best so finding accommodation in waikiki beach tower at the last minute was fantastic	dev	0	0	0	0	0	0	0	0
dev907	wonderful stay in great neighborhood november	dev	0	0	0	0	0	0	0	0
dev908	we ve just returned from six day stay in london	dev	0	0	0	0	0	0	0	0
dev909	the sumner hotel was just lovely	dev	0	0	0	0	0	0	0	0
dev910	it was in an excellent location close to the marble arch tube selection of restaurants and shops and nice walking tours	dev	0	0	0	0	0	0	0	0
dev911	the room was very warm and inviting and staff was extremely friendly and very helpful with directions and maps	dev	0	0	0	0	0	0	0	0
dev912	we would no doubt stay here again	dev	0	0	0	0	0	0	0	0
dev913	fantastic palace just back from long weekend over paddy day and	dev	0	0	0	0	0	0	0	0
dev914	this hotel is up there with some of the finest have ever stayed in	dev	0	0	0	0	0	0	0	0
dev915	the staff were all more than happy to help and always met us with smile	dev	0	0	0	0	0	0	0	0
dev916	the hotel is fantastically placed block from th avenue and about mins from central park	dev	0	0	0	0	0	0	0	0
dev917	food was excellent however we preferred to eat out just to make the most of the trip	dev	0	0	0	0	0	0	0	0
dev918	great hotel but look around the web and see if you cant get it any cheaper than you find at firs	dev	0	0	0	0	0	0	0	0
dev919	hotel great value very nice in every way cool decor definitely above usual star standard we re used to or star hotels and this fit the bill	dev	0	0	0	0	0	0	0	0
dev920	roof top pool and bar area is lovely and amazing views go up at sunset as the lights on the huge fountain nearby go on	dev	0	0	0	0	0	0	0	0
dev921	not central but right across from metro station and on bus route travel is no problem	dev	0	0	0	0	0	0	0	0
dev922	and great believer in not having to walk save that for las ramblas	dev	0	0	0	0	0	0	0	0
dev923	do not miss the light and music show at the magic fountains round the corner very memorable	dev	0	0	0	0	0	0	0	0
dev924	will definitely stay here again	dev	0	0	0	0	0	0	0	0
dev925	excellent location good value for money very friendly and competent staff very clean free wifi access to the internet is definite bonus truly lilliputian rooms at least the single room had	dev	0	0	0	0	0	0	0	0
dev926	but then this is amsterdam	dev	0	0	0	0	0	0	0	0
dev927	breakfast ok but nothing to write home about thin walled	dev	0	0	0	0	0	0	0	0
dev928	so earplugs are must if you have no desire to listen to your neighbour tv programmes overall good enough value for money for amsterdam in absolute terms though euros per night is really expensive for such small room	dev	0	0	0	0	0	0	0	0
dev929	it really is just for sleeping and showering	dev	0	0	0	0	0	0	0	0
dev930	southern decadence labor day at canal steet	dev	0	0	0	0	0	0	0	0
dev931	was thrilled finding sandwich deal for ea here for nights of labor day weekend started at days inn then ramada bourbon after	dev	0	0	0	0	0	0	0	0
dev932	the towers made me dizzy but the rooftop pools in between are pure heaven	dev	0	0	0	0	0	0	0	0
dev933	the room was custom tailored neat and perfectly appointed albeit it an unbeatable location if the lobby like hangar	dev	0	0	0	0	0	0	0	0
dev934	changed man nowadays prefer boutique inn or continental elegance	dev	0	0	0	0	0	0	0	0
dev935	elevator safety issues	dev	0	0	0	0	0	0	0	0
dev936	all three of the south bank of elevators malfunctioned the entire four days we were there	dev	0	0	0	0	0	0	0	0
dev937	one group of guests was stuck in elevator for over an hour and half	dev	0	0	0	0	0	0	0	0
dev938	my wife and got stuck between floors twice in elevators and two days in row when the electronics suddenly just went dead	dev	0	0	0	0	0	0	0	0
dev939	after fiddling with the buttons it started up again each time after about five minutes	dev	0	0	0	0	0	0	0	0
dev940	believe these sorts of maintenance safety issues are unforgivable in hotel this expensive and we will not be staying there again	dev	0	0	0	0	0	0	0	0
dev941	great trip great hotel	dev	0	0	0	0	0	0	0	0
dev942	this is great hotel it was superbly located by the flower market and the staff were all extremely friendly	dev	0	0	0	0	0	0	0	0
dev943	the room was clean and the shower was the best ve ever found in hotel	dev	0	0	0	0	0	0	0	0
dev944	because it was so centrally located it was little noisy at night	dev	0	0	0	0	0	0	0	0
dev945	but it wasn real problem	dev	0	0	0	0	0	0	0	0
dev946	overall would definitely stay there again	dev	0	0	0	0	0	0	0	0
dev947	green credentials this is new hotel that claims range of green features some of which seemed to be stretching the point somewhat	dev	0	0	0	0	0	0	0	0
dev948	however it was pleasant stay with particularly firendly and helpful staff	dev	0	0	0	0	0	0	0	0
dev949	minus points were the size of the bedroom small sliding door on the bathroom that didn have any pretence at privacy high bar prices for glass of wine and exorbitant parking charges per day when there were public facilities on the same block for	dev	0	0	0	0	0	0	0	0
dev950	day overall good but not exceptional enough to make me want to go back	dev	0	0	0	0	0	0	0	0
dev951	darrin the bar steward would make me want to go back though just for the entertainment value	dev	0	0	0	0	0	0	0	0
dev952	he was scream	dev	0	0	0	0	0	0	0	0
dev953	sleeping easy in the big easy	dev	0	0	0	0	0	0	0	0
dev954	after getting great rate on hotwire for three consecutive nights during convention was very pleased arriving in traditional hotel	dev	0	0	0	0	0	0	0	0
dev955	it had all the things you expect to find hip rockin lounge stylish goth lobby and surprisingly friendly and inviting staff	dev	0	0	0	0	0	0	0	0
dev956	even with hotwire booked reservation the staff honored my platinum starwood membership and upgraded me to huge suite three of us got upgraded separately	dev	0	0	0	0	0	0	0	0
dev957	the room was typical meaning all the comfort you expect big soft bed with great linens awesome shower and	dev	0	0	0	0	0	0	0	0
dev958	plasma tv the staff was always gracious and trying to help	dev	0	0	0	0	0	0	0	0
dev959	great hotel fab location we stayed nights at the vivaldi last weekend and had great time	dev	0	0	0	0	0	0	0	0
dev960	the room was spacious very clean and comfortable the location was great great for museums and sightseeing right next to one of the main stations and on one of the main streets but they have very good sound proofing	dev	0	0	0	0	0	0	0	0
dev961	so you would never know there	dev	0	0	0	0	0	0	0	0
dev962	are few decent eating drinking places literally over the road built under the railway	dev	0	0	0	0	0	0	0	0
dev963	couple are german style and one is italian we ate at couple of them and they were really good you do get the thunder of trains every so often tho would also recommend meal at dressler on the unter den linden about mins walk away	dev	0	0	0	0	0	0	0	0
dev964	it very nice and the staff are lovely	dev	0	0	0	0	0	0	0	0
dev965	ute hotel and great location	dev	0	0	0	0	0	0	0	0
dev966	stayed at the qt during the christmas new years week of with my wife	dev	0	0	0	0	0	0	0	0
dev967	we both really liked the design and coziness of the property	dev	0	0	0	0	0	0	0	0
dev968	also it is located just second walk from times square	dev	0	0	0	0	0	0	0	0
dev969	the staff is helpful and there are deli minute away	dev	0	0	0	0	0	0	0	0
dev970	overall had great time here and would highly recommend this hotel	dev	0	0	0	0	0	0	0	0
dev971	lean but noisy reasonably clean great location by attractions but horrifically noisy both from street traffic and denizens of the hotel itself	dev	0	0	0	0	0	0	0	0
dev973	room cleaning products very smelly so be careful if you are sensitive	dev	0	0	0	0	0	0	0	0
dev974	parking an issue not enough spots by the end of the day	dev	0	0	0	0	0	0	0	0
dev975	bottom line because it was so much less expensive than any other property in the area approximately night less we would likely stay here again if we couldn find better deal elsewhere	dev	0	0	0	0	0	0	0	0
dev976	excellente excellence	dev	0	0	0	0	0	0	0	0
dev977	punta cana is soooooooo amazing	dev	0	0	0	0	0	0	0	0
dev978	the grounds are beautiful and the staff are wonderful	dev	0	0	0	0	0	0	0	0
dev979	the entertainment team is great especially franklin	dev	0	0	0	0	0	0	0	0
dev980	he showed us great time definately recommended place for romantic adult only vacation	dev	0	0	0	0	0	0	0	0
test1	fantastic service am travel agent booking hotels all over the world so we are very very fussy	test	0	0	0	0	0	0	0	1
test2	this hotel offers customer service at its best	test	0	0	0	0	0	0	0	1
test3	great location great service nothing is too much bother	test	0	0	0	1	0	0	0	1
test4	the rooms are great cheaper than some of the well known names and frankly far better	test	0	0	0	0	0	0	1	0
test5	stay here and give yourself treat with staff who really do genuinely care	test	0	0	0	0	0	0	0	1
test6	we will continue to book our clients here as it gives great satisfaction to offer them such an outstanding property	test	0	0	1	0	0	0	0	0
test7	best deal in this category	test	0	0	0	0	0	0	0	0
test8	ny hotel rooms are known for being small and nasty until you hit some very premium pricing	test	0	0	0	0	0	0	0	0
test9	this place was very welcome exception	test	0	0	0	0	0	0	0	0
test10	great room with amenities good location nice and helpful staff	test	0	0	0	0	0	0	0	0
test11	would highly recommend	test	0	0	0	0	0	0	0	0
test12	venient helpful stayed here as single female and it was great place to be	test	0	0	1	0	0	0	0	0
test13	the concierge was able to recommend great restaurants and trips and the hotel is right next to lots of the sights and the cable car turnaround	test	0	0	0	1	0	0	0	1
test14	so it easy to get anywhere	test	0	0	0	0	0	0	0	0
test15	downside would have preferred facilities other than the adjoining seafood restaurant for breakfast etc	test	0	0	0	0	0	0	0	0
test17	always comfortable stay small rooms but nice hotel	test	0	0	1	0	0	0	1	0
test18	just had restaurant and bar makeover much improved	test	0	1	0	0	0	0	0	0
test19	always enjoy my stays here very good for business	test	0	0	1	0	0	0	0	0
test20	great location and friendly staff	test	0	0	0	1	0	0	0	1
test21	loved le pavillion we go to new orleans frequently for business and for pleasure	test	0	0	1	0	0	0	0	0
test22	this was the first time that we had stayed at le pavillion	test	0	0	0	0	0	0	0	0
test23	it was wonderful	test	0	0	1	0	0	0	0	0
test24	the staff was personable and professional	test	0	0	0	0	0	0	0	1
test25	the room was little small but if you are in new orleans you are not in your room that much	test	0	0	0	0	0	0	1	0
test26	can definitely say that le pavillion will be our hotel of choice from now on	test	0	0	1	0	0	0	0	0
test28	the castle inn was perfect very clean quiet great location	test	0	0	1	1	0	0	0	0
test29	not pretentious at all very comfortable	test	0	0	1	0	0	0	0	0
test30	the staff was friendly and extremely helpful	test	0	0	0	0	0	0	0	1
test31	would definitely recommend	test	0	0	1	0	0	0	0	0
test32	wonderful hotel wonderful location	test	0	0	1	1	0	0	0	0
test33	the hotel francois er right off the champs elysees is an excellent hotel in an excellent location	test	0	0	1	1	0	0	0	0
test34	the service rooms and food are first class and the location couldn be better	test	0	1	0	1	0	0	1	1
test35	we had wonderful week	test	0	0	0	0	0	0	0	0
test36	the rooms are beautiful and the service was very efficient	test	0	0	0	0	0	0	1	1
test37	we would definitely return to this this hotel	test	0	0	1	0	0	0	0	0
test38	great anniversary night	test	0	0	0	0	0	0	0	0
test39	we were able to check in early probably as it was slow day the saturday of three day weekend and the desk clerk when entering our hilton rewards card number found out it was our nd anniversary	test	0	0	0	0	0	0	0	0
test40	she upgraded us to fabulour corner room facing the harbor and gave us complimentary access to the executive suite hospitality room	test	0	0	0	0	0	0	1	1
test41	the staff were all very nice from the bell man who gave us tips on how to get into boston and what to do once we got there to the desk clerk to the health club attendant to the shuttle bus drivers	test	0	0	0	0	0	0	0	1
test42	would stay there again in heart beat	test	0	0	1	0	0	0	0	0
test43	was only sad it was one night stand at the end of our vacation	test	0	0	0	0	0	0	0	0
test44	up to our expectations an excellent stay at the elysee	test	0	0	1	0	0	0	0	0
test45	we had wonderful large room on th floor which had balcony and view which was just what we asked for	test	0	0	0	0	0	0	1	0
test46	the breakfast and afternoon cheese and wine were really enjoyed	test	0	1	0	0	0	0	0	0
test47	the hotel is ideally situated close to main attractions and central park and just across the road from metro but in very quiet road	test	0	0	0	1	0	0	0	0
test49	budget	test	0	0	1	0	0	0	0	0
test50	this hotel is typical budget down town amsterdam hotel	test	0	0	1	0	0	0	0	0
test51	in other words its not for you if you are looking for something nice and cosy	test	0	0	0	0	0	0	0	0
test52	it for you who are looking for cheaper great location walking distance to the centrum and amsterdam centraal station	test	0	0	1	1	0	0	0	0
test53	it not to clean and rooms are small typical down town european	test	0	0	0	0	0	0	1	0
test54	stay there because of price and location only and only when alone would not offer it for family	test	0	0	1	0	0	0	0	0
test55	fabulous place in florence	test	0	0	1	0	0	0	0	0
test56	my sister and spent seven days at ilguelfobianco in florence and wish it had been longer	test	0	0	0	0	0	0	0	0
test57	the staff goes out of their way to be friendly and helpful	test	0	0	0	0	0	0	0	1
test58	their information on the sights of florence was very accurate and they did not hesitate to make helpful suggestions	test	0	0	0	0	0	0	0	0
test59	the rooms are beautifully restored with historical furniture	test	0	0	0	0	0	0	1	0
test60	we felt that we found our home away from home	test	0	0	1	0	0	0	0	0
test61	lovely quiet quality hotel	test	0	0	1	0	0	0	0	0
test62	have had the pleasure to stay at this hotel twice in the past few months and was very impressed with it	test	0	0	1	0	0	0	0	0
test63	the staff are very friendly the hotel is very clean and quiet and so close to all in the city	test	0	0	1	1	0	0	0	1
test64	the location being next to central railway station is an asset and make it very easy to get to all locations whilst on holidays	test	0	0	0	1	0	0	0	0
test65	the renovations to this hotel have made it nice and fresh with quality fittings and pleasure to spend time in	test	0	0	1	0	0	0	0	0
test66	preferred business address nice amenities but since came here on business needed an internet connection in my room	test	0	0	0	1	0	1	0	0
test67	that service was sorely lacking	test	1	0	0	0	0	0	0	0
test68	not only that the connections only worked in the lobby where people had to jockey for position to use them	test	0	0	0	0	0	0	0	0
test69	this may sound insignificant but for hotel that bills itself as preferred business address and has no internet and no business center this hotel gets big fat zero	test	1	0	1	0	0	0	0	0
test70	not only that but the management seemed to not care less when voiced my concerns	test	0	0	0	0	0	0	0	1
test71	at the very least should ve been comped for my use of the cyber cafe few blocks away	test	0	0	0	0	0	0	0	0
test72	perfect for our lifestyle	test	0	0	0	0	0	0	0	0
test73	we weren looking for anything fancy since we knew we be out on the town rather than in hotel room during our trip and this place fit us perfectly	test	0	0	0	0	0	0	0	0
test74	creativity abounds here its minimalistic style is tasteful and artistic the bed comfortable and all amenities as described	test	0	0	0	0	0	0	0	0
test75	it has the youthful energy of hostel with the privacy of hotel	test	0	0	0	0	0	0	0	0
test76	we couldn have designed more suitable place ourselves	test	0	0	0	0	0	0	0	0
test77	expensive but good	test	0	0	1	0	0	0	0	0
test78	since years stay at the westin hotel when in tokyo	test	0	0	0	0	0	0	0	0
test79	okay it expensive and the rooms not furnished according to my taste but in general it very oppulent hotel with good service	test	0	0	1	0	0	0	1	1
test80	don miss the breakfast	test	0	1	0	0	0	0	0	0
test81	excellent hotel great hotel with very good service clean rooms small but very comfortable the	test	0	0	1	0	0	0	1	1
test82	hotel is in the best area few minutes by walk from tiannamen and the forbidden city and the staff is very kind and always is posible to find that at least one of them speack good english	test	0	0	0	1	0	0	0	1
test83	service in the desk is good and with smile de	test	0	0	0	0	0	0	0	1
test84	breackfast is tasteful with all that necessary to start the day with good feeling	test	0	1	0	0	0	0	0	0
test85	reccomend it for every one its great experience with convenient price	test	0	0	1	0	0	0	0	0
test86	disappointing business type hotel close to sants station convenient for access to the airport and the metro station for barcelona tourist spots	test	0	0	0	0	0	0	0	0
test87	the rooms were spacious clean and well kept	test	0	0	0	0	0	0	0	0
test88	for breakfast there was wide choice of food available but the organisation was dreadful and on the saturday it descended into the farcical with guests queueing for upwards of mins to get into the dining area	test	0	0	0	0	0	0	0	0
test89	one further point check your credit card bill carefully	test	0	0	0	0	0	0	0	0
test90	found euros were charged to my credit card after we had checked out	test	0	0	0	0	0	0	0	0
test92	this hotel was wonderful	test	0	0	1	0	0	0	0	0
test93	extremely comfortable beds very clean with very helpful friendly staff	test	0	0	0	0	0	0	1	1
test94	we would definitely return	test	0	0	1	0	0	0	0	0
test95	wonderful hotel unbelievable service from the moment you walk in the door	test	0	0	1	0	0	0	0	1
test96	not enough superlatives to describe the efficiency and friendliness even down to the maids	test	0	0	0	0	0	0	0	1
test97	great location in potzdammer platz and lots of nearby restaurants and entertainment	test	0	0	0	1	0	0	0	0
test98	the room was wonderful from the bed to the incredible shower bath	test	0	0	0	0	0	0	1	0
test99	worth the price	test	0	0	1	0	0	0	0	0
test100	realy nice hotel enjoyed staying there really nice hotel	test	0	0	1	0	0	0	0	0
test101	modern excellent beds great location even though is was near rembrandt	test	0	0	1	1	0	0	1	0
test102	square ti was very quiet really helpful staff breakfast ok the bathroom was with glass walls so little bit embarassing if you want your privacy	test	0	1	0	0	0	0	1	1
test103	the price was liitle bit high but guess that the standard price for amsterdam	test	0	0	1	0	0	0	0	0
test104	the staff responsible for cleaning the room didn do their best	test	0	0	0	0	0	0	0	1
test106	stylish friendly and first class	test	0	0	1	0	0	0	0	0
test107	the location of this hotel is second to none	test	0	0	0	1	0	0	0	0
test108	it is also quiet especially if you ask for room at the rear of the property	test	0	0	0	0	0	0	1	0
test109	the delux rooms are very spacious luxuriously appointed and comfortable	test	0	0	0	0	0	0	1	0
test110	the staff are friendly and helpful	test	0	0	0	0	0	0	0	1
test111	breakfast was great especially the coffee great place to stay	test	0	1	1	0	0	0	0	0
test112	avoid like the plague have traveled to amsterdam over times and never stayed in anywhere so terrible	test	0	0	0	0	0	0	0	0
test113	the rooms were tiny beds in room and in another	test	0	0	0	0	0	0	1	0
test114	the bed was for someone aged or under and the views of concrete wall were awful	test	0	0	0	0	0	0	1	0
test115	after checking out was told had to clean my own room which did and then week later was charged and extra euros for what don know	test	0	0	0	0	0	0	0	0
test116	persuing legal action so avoid this place like the plague	test	0	0	0	0	0	0	0	0
test117	hotel	test	0	0	0	0	0	0	0	0
test118	the hotel has perfect location to discover the heart of madrid by foot	test	0	0	0	1	0	0	0	0
test119	the facilities are very good for	test	1	0	0	0	0	0	0	0
test120	and spent many night in or hotels that are not up to this standard we booked superior room	test	0	0	0	0	0	0	1	0
test121	and can just recommend that anytime	test	0	0	1	0	0	0	0	0
test122	would go back there marcel swiss	test	0	0	1	0	0	0	0	0
test123	wonderful place but	test	0	0	1	0	0	0	0	0
test124	this is really nice hotel but it pretty expensive	test	0	0	1	0	0	0	0	0
test125	the hotel bar is awesome get mojito or pina	test	0	1	0	0	0	0	0	0
test126	coladaparking is extra or	test	0	0	0	0	0	0	0	0
test127	the beds aren all that comfortable	test	0	0	0	0	0	0	1	0
test128	but it good plac	test	0	0	1	0	0	0	0	0
test129	really average service really ordinary service	test	0	0	0	0	0	0	0	1
test130	not able to place any call from the room local long distance nobody could help up in different rooms	test	0	0	0	0	0	0	0	0
test131	breakfast is great	test	0	1	0	0	0	0	0	0
test132	rooms are big	test	0	0	0	0	0	0	1	0
test133	location is okay in dc	test	0	0	0	1	0	0	0	0
test134	last year stayed the sheraton four points for usd was better deal than embassy suites dc on nd	test	0	0	1	0	0	0	0	0
test135	does the job	test	0	0	0	0	0	0	0	0
test136	perfect place to crash whilst in transit through frankfurt	test	0	0	1	0	0	0	0	0
test137	this hotel is clean cheap ideally situated next to the central train station and staffed by friendly and professional people who do their jobs very well	test	0	0	1	1	0	0	0	1
test138	it isn exactly hilton sheraton but in so many ways is so much better	test	0	0	0	0	0	0	0	0
test139	honest budget hotel that will almost certainly exceed your expectations	test	0	0	1	0	0	0	0	0
test140	double charged	test	0	0	0	0	0	0	0	0
test141	while the hotel itself was nice was deeply troubled when the hotel billed me twice for the night stay	test	0	0	0	0	0	0	0	0
test142	the nightly room rate was something like and paid upon checking out	test	0	0	0	0	0	0	0	0
test143	was shocked therefore to find separate charge to my credit card by the arctic club hotel for an additional	test	0	0	0	0	0	0	0	0
test144	calls to the hotel have not yet received any response was merely directed to leave message for the hotel management	test	0	0	0	0	0	0	0	0
test145	will not contemplate staying at this hotel again until they rectify their error and take steps to prevent its recurrence	test	0	0	0	0	0	0	0	0
test146	loved it after reading the reviews on this site was terrified of my choice but had already paid in full through expedia	test	0	0	1	0	0	0	0	0
test147	the hotel turned out better than expected and completely relaxed	test	0	0	1	0	0	0	0	0
test148	room was charming although it was the absolute smallest hotel room that have ever stayed in and the bathroom was really itty bitty didn have much contact with the staff but what contact did have was pleaseant	test	0	0	1	0	0	0	1	1
test149	arrived at the hotel at was allowed to check in which helped me enjoy full day in san francisco without worrying about check in times etc	test	0	0	0	0	0	0	0	0
test150	took bart from the airport and highly recommend it over taking or more taxi ride	test	0	0	0	0	0	0	0	0
test151	very good hotel	test	0	0	1	0	0	0	0	0
test152	we booked this hotel for the last night of our vacation using our marriott rewards points	test	0	0	0	0	0	0	0	0
test153	we didn expect much	test	0	0	0	0	0	0	0	0
test154	but it actually turned out great	test	0	0	1	0	0	0	0	0
test155	the bed was comfortable the room was nice and the restaurant nearby they suggested at the front desk was excellent	test	0	0	0	0	0	0	1	1
test156	we used the computer to map our way to few places and were able to use the printer there for free	test	1	0	0	0	0	0	0	0
test157	cannot fault it	test	0	0	0	0	0	0	0	0
test158	my husband and stayed here over easter for nights with our daughters plus of their friends	test	0	0	0	0	0	0	0	0
test159	we cannot fault the hotel the staff were very friendly even the doormen the rooms were huge we were on the rd floor with great views from both rooms	test	0	0	0	0	0	0	0	0
test160	excellent location and very quiet inside the hotel after leaving the noisy times square	test	0	0	0	0	0	0	0	0
test161	we ate breakfast at nearby delis as there were such good value	test	0	0	0	0	0	0	0	0
test162	cant wait to go back	test	0	0	0	0	0	0	0	0
test163	the best around for the budget traveler	test	0	0	1	0	0	0	0	0
test164	my stay at cosmo hotel was everything that was looking for	test	0	0	1	0	0	0	0	0
test165	found the hotel to be well furnished clean and well located	test	0	0	1	1	0	0	0	0
test166	the staff were helpful thoughtful and courteous	test	0	0	0	0	0	0	0	1
test167	overall great value for money	test	0	0	1	0	0	0	0	0
test168	obsessed with this hotel	test	0	0	1	0	0	0	0	0
test169	we got great deal on orbitz for this amazing hotel	test	0	0	0	0	0	0	0	0
test170	the location is outstanding smack between the duomo and piazza signoria	test	0	0	0	1	0	0	0	0
test171	we had room facing the back from which we could open our windows to overlook the picturesque florentine rooftops and an overwhelming view of the duomo itself	test	0	0	0	0	0	0	1	0
test172	our room was huge comfortable and modern furniture very clean and beautiful bathroom maybe tad on the small side but separate sitting room with sofa twin bed and separate tv with its own amazing view	test	0	0	0	0	0	1	1	0
test173	we would stay here again in heartbeat	test	0	0	1	0	0	0	0	0
test174	beautiful view from room	test	0	0	0	0	0	0	1	0
test175	we stayed here in june	test	0	0	0	0	0	0	0	0
test176	very nice hotel right on the arno river	test	0	0	1	0	0	0	0	0
test177	we had view of the city that was wonderful	test	0	0	1	0	0	0	0	0
test178	the staff was very helpful	test	0	0	0	0	0	0	0	1
test179	superb	test	0	0	1	0	0	0	0	0
test180	my husband and just spent four wonderful nights and mornings and afternoons at matteo beautiful new small elegant hotel on the grand canal	test	0	0	1	0	0	0	0	0
test181	his great hospitality creates house party atmosphere where guests are treated and treat each other like old friends	test	0	0	0	0	0	0	0	1
test182	the wonderful terrace for breakfast and evening spritzers and whatever else you like provides the remarkable setting	test	0	0	1	0	0	0	0	0
test183	although near the rialto bridge serenity reigns	test	0	0	0	0	0	0	0	0
test184	al ponte antico is magical place and we will return again and again	test	0	0	1	0	0	0	0	0
test185	hidden paradise in middle of the city	test	0	0	1	1	0	0	0	0
test186	when make the reservation for this hotel have no idea of the hidden paradise that found in the middle of the city	test	0	0	0	0	0	0	0	0
test187	this small hotel offers more than expected	test	0	0	1	0	0	0	0	0
test188	it has beautiful rooms with floors in marble and each bath has jacuzzi bathtubs	test	0	0	0	0	0	1	1	0
test189	it has enchanting patio with tropical flowers terracota tiles and marvlous mobiliary little but confortable pool and very kind personnel	test	1	0	1	0	0	0	0	1
test190	definitively will visit this great place again	test	0	0	1	0	0	0	0	0
test191	great stay had great stay	test	0	0	1	0	0	0	0	0
test192	the hotel is very comfortable the room was surprisingly large for major city	test	0	0	1	0	0	0	1	0
test193	everything was very clean and the staff were very friendly	test	0	0	1	0	0	0	0	1
test194	the location is just off times square but is not overly busy and is very convenient for getting around	test	0	0	0	1	0	0	0	0
test196	rydges world square hotel in downtown sydney was wonderful classy comfortable hotel	test	0	0	1	0	0	0	0	0
test197	the staff were excellent the room well appointed	test	0	0	0	0	0	0	1	1
test198	and it was located right downtown with many services nearby including number of internet cafes so that you can catch up with happenings world away	test	0	0	0	1	0	0	0	0
test199	would certainly recommend it	test	0	0	1	0	0	0	0	0
test200	great hotel great location and good value	test	0	0	1	1	0	0	0	0
test201	we spent lovely weekend at the hotel set in this quiet oasis in the middle of madrid	test	0	0	0	0	0	0	0	0
test202	good value nicely finished rooms and good quality public areas	test	1	0	0	0	0	0	1	0
test203	not only were the breakfasts good with lots of choice to suit all tastes but we also would recommend that you do not miss the the afternoon tea in the bar something we did not expect in down town madrid	test	0	1	0	0	0	0	0	0
test204	all of the staff that we met were friendly and could not do enough to make our stay enjoyable	test	0	0	0	0	0	0	0	1
test205	stunning hotel and staff	test	0	0	1	0	0	0	0	1
test206	hotel is uber cool and beautifully decorated in contemporary style minutes walk from sol square and tube and also the centre point of spain bar is lovely for drink and the restaurant looked equally nice	test	1	0	1	1	0	0	0	0
test207	but we did not eat there so cant comment on food	test	0	0	0	0	0	0	0	0
test208	rooms are bit on the small side though staff are very attractive and also really nice and helpful	test	0	0	0	0	0	0	1	1
test209	would definately stay there again but am in no hurry to go back to madrid	test	0	0	1	0	0	0	0	0
test210	expensive and nice	test	0	0	1	0	0	0	0	0
test211	we stayed in century suite and it was really comfortable quite and spacious	test	0	0	0	0	0	0	1	0
test212	be careful with the minibar in the room because you have to pay for items at the moment you move them	test	0	0	0	0	0	1	0	0
test213	but in spite of that would come back to the same room	test	0	0	1	0	0	0	0	0
test214	and recommend it	test	0	0	1	0	0	0	0	0
test215	loved emporio reforma we loved hotel emporio reforma	test	0	0	1	0	0	0	0	0
test216	it was very clean safe and	test	0	0	1	0	0	0	0	0
test217	the staff was very helpful and friendly	test	0	0	0	0	0	0	0	1
test218	the food served on the breakfast buffet was fresh and delicious and affordably priced	test	0	1	0	0	0	0	0	0
test219	the taxi service available through the hotel was very friendly and helpful	test	0	0	0	0	0	0	0	1
test220	this centrally located hotel was the nicest hotel in this price range have ever stayed in for such big city think it was wonderful surprise to have place so affordable be so nice	test	0	0	1	1	0	0	0	0
test221	excellent hotel great location excellent location right next to gran via metro station and within walking distance of many of the tourist attractionswe had nice room with balcony which enabled us to see all the way down the gran via	test	0	0	1	1	0	0	1	0
test222	the free mini bar was bonus and the free glass of cava in reception was also nice touch	test	0	0	0	0	0	1	0	0
test223	breakfast had many options and the staff were pleasant and courteous throughout	test	0	1	0	0	1	0	0	1
test224	we booked the senator on the back of positive reviews here and they were not wrong	test	0	0	0	0	0	0	0	0
test226	ok but the hotel is located ideally for tourism	test	0	0	0	1	0	0	0	0
test227	if they offer you room around by the pool do not take it	test	0	0	0	0	0	0	0	0
test228	these rooms are not refurbished noisy surroundings generartors etc	test	0	0	0	0	0	0	1	0
test229	the staff are very false behind their smile is very miserable person	test	0	0	0	0	0	0	0	1
test230	the rooms in the main building are to standard not the biggest but goog enough	test	0	0	0	0	0	0	1	0
test231	frequent return business traveller having to work away from home in the city is far from ideal and there are few quality hotels within the price range and vicinity of the apex	test	0	0	0	0	0	0	0	0
test232	the hotel is stylish and well appointed rooms with spacious beds bathrooms wide screen tvs and dvd players make for comfortable stay	test	0	0	1	0	0	1	1	0
test233	the hotel has good gym by comparison to other hotels in the area more than the usual machines room service is prompt and food standard is good	test	1	1	0	0	0	0	0	1
test234	the staff are very attentive and professional	test	0	0	0	0	0	0	0	1
test235	to be recommended for the business traveller or tourist	test	0	0	1	0	0	0	0	0
test236	best hotel in times square	test	0	0	1	0	0	0	0	0
test237	this is fantastic place to stay in nyc	test	0	0	1	0	0	0	0	0
test238	you can get it for pretty low prices on priceline if you can wait until last minute but as far as times square hotels its the best of over we ve stayed at	test	0	0	0	0	0	0	0	0
test239	great location great security great friendly service from everyone	test	0	0	1	1	0	0	0	1
test240	justly lovely	test	0	0	1	0	0	0	0	0
test241	this is the ritz carlton	test	0	0	0	0	0	0	0	0
test242	days nites july	test	0	0	0	0	0	0	0	0
test243	ran out of towels at pool side not enough waiters at poolside rib eye steak for dinner poor waited min	test	0	1	0	0	0	0	0	1
test244	for sandwich lunch time room wasn ready when we arrived very disappointed	test	0	0	1	0	0	0	1	0
test245	nice stay little expensive nice place	test	0	0	1	0	0	0	0	0
test246	nice rooms bigger than regular ny hotelsi travel with kids so place with tv and other ammenities good enough nice rooms just renewed myabe poor service inbathroom supplies but nice think for the same price paid can book room at the waldorf but little smaller room	test	0	0	0	0	0	1	1	1
test247	by the hotel there is restaurant and good service and nearby area	test	0	0	0	0	0	0	0	0
test248	there is nice places to dine out	test	0	0	0	0	0	0	0	0
test249	walking distance to ny natural history museum	test	0	0	0	1	0	0	0	0
test250	excellence is excellent	test	0	0	1	0	0	0	0	0
test251	this resort was sooooo	test	0	0	0	0	0	0	0	0
test252	romantic and peaceful	test	0	0	1	0	0	0	0	0
test253	the entertainment staff rey frankin mariel and rosemary made every day whole lot of fun	test	0	0	0	0	0	0	0	1
test254	the food was excellent the excursions was good	test	1	1	0	0	0	0	0	0
test255	definitely recommend this resort to any one looking for romantic getaway	test	0	0	1	0	0	0	0	0
test256	felt great beeing low fare airline traveller have been looking forward to new concept in accomodation	test	0	0	0	0	0	0	0	0
test257	and here it is stay at qbic and experience new way of business trevelling	test	0	0	1	0	0	0	0	0
test258	in amsterdam ideally located in wtc at station zuid minutes from both schiphool and amsterdam city	test	0	0	0	1	0	0	0	0
test259	stefa	test	0	0	0	0	0	0	0	0
test260	nice hotel small room rooms are small but have been recently remodeled and my room had plasma tv	test	0	0	0	0	0	0	0	0
test261	everything was very clean and the front desk was helpful and pleasant	test	0	0	0	0	0	0	0	0
test262	the only noise heard was one ambulance go by but when don you hear that in big city	test	0	0	0	0	0	0	0	0
test263	downsides small room no bath tub	test	0	0	0	0	0	0	0	0
test264	not that needed it and breakfast wasn complimentary	test	0	0	0	0	0	0	0	0
test265	no internet access in hotel rooms	test	1	0	0	0	0	0	0	0
test266	the hotel itself is of average quality but there is no internet access of any type in hotel rooms	test	1	0	1	0	0	0	0	0
test267	the staff could be somewhat more polite and helpful at least in opinion of someone used to european standards	test	0	0	0	0	0	0	0	1
test268	if you use the shower be aware that you may get burned as the valve system is obsolete and not well maintained	test	0	0	0	0	0	1	0	0
test269	the hotel is located very close to the airport but not so easy to find as there are no road signs indicating proper direction and the hotel name is not visible from main roads	test	0	0	1	1	0	0	0	0
test270	fun and unique room great big room with ladder going up to loft	test	0	0	0	0	0	0	0	0
test271	very spacious with bathrooms	test	0	0	0	0	0	0	0	0
test272	very high ceilings	test	0	0	0	0	0	0	0	0
test273	very clean and modern with fun decorations and colors decent location but not as good as room mate alicia in madrid free internet and laptop for hotel guests to use in	test	0	0	0	0	0	0	0	0
test274	lobby breakfast included no swimming pool but apparently all room mate guests can access the pool at room mate mario in marid	test	0	0	0	0	0	0	0	0
test275	like old home week	test	0	0	0	0	0	0	0	0
test276	my wife and have been staying at place armes about once year sometimes oftener for over twenty years and continue to love the beautiful grounds and the wonderful people who maintain it	test	0	0	0	0	0	0	0	0
test277	this past trip was especially memorable because my wife died last year so my three daughters and spent long weekend to celebrate her birthday which was on july	test	0	0	0	0	0	0	0	0
test278	she was travel agent for over years so has seen hotels all over the world	test	0	0	0	0	0	0	0	0
test279	place armes was her favorite	test	0	0	0	0	0	0	0	0
test280	keith bates	test	0	0	0	0	0	0	0	0
test281	good price and value for miami	test	0	0	1	0	0	0	0	0
test282	recently stayed at the hyatt in downtown miami and was pleasantly surprised after reading some of the reviews on this site	test	0	0	0	0	0	0	0	0
test283	the hotel is very conveniently located to the airport and downtown and is just short cab ride to all the action in south beach	test	0	0	0	1	0	0	0	0
test284	the hotel was recently rennovated and my room was nicely furnished	test	0	0	1	0	0	0	1	0
test285	the lobby was nice and the service experienced at this hotel was excellent	test	0	0	1	0	0	0	0	1
test286	you can beat it for this caliber of hotel in miami	test	0	0	1	0	0	0	0	0
test287	it is the flower of st charles had never heard of this hotel but was pleasantly surprised to find it looking great	test	0	0	1	0	0	0	0	0
test288	lobby is inviting personnel helpful lovely ambience cannot say enough about the accomodations	test	0	0	1	0	0	0	1	1
test289	would definitely stay there again now that know about it	test	0	0	1	0	0	0	0	0
test290	the only thing would change is the hot water in the bathroom it didn get hot enough	test	0	0	0	0	0	1	0	0
test291	golf ball soap	test	0	0	0	0	0	0	0	0
test292	this is great hotel for the price	test	0	0	1	0	0	0	0	0
test293	it has free mini bar with coke and beer	test	1	0	0	0	0	0	0	0
test294	the decor is modern and the rooms are always clean the pool is tiny but didn care	test	1	0	0	0	0	0	1	0
test295	wasn in town to hang out at the hotel	test	0	0	0	0	0	0	0	0
test296	pool they only thing that gets me is that stupid little golf ball soap just don get it	test	0	0	0	0	0	0	0	0
test297	nice hotel but horrible concierge and desk staff	test	0	0	1	0	0	0	0	1
test298	the room was comfy and clean	test	0	0	0	0	0	0	1	0
test299	then we used the concierge service to make our dinner reservations since we were unfamiliar with the area	test	0	0	0	0	0	0	0	1
test300	we had bad meals in row	test	0	0	0	0	0	0	0	0
test301	the check in process wasn exactly seamless either	test	0	0	0	0	0	0	0	1
test302	agree with previous re bedrooms	test	0	0	0	0	0	0	0	0
test303	agree with the previous review	test	0	0	0	0	0	0	0	0
test304	the bedrooms let the hotel down there is obviously variety of bedrooms	test	0	0	0	0	0	0	1	0
test305	our first bedroom was on the fourth floor at the back with view of the inner courtyard would have been fine if the room had not been so hot	test	0	0	0	0	0	0	1	0
test306	complained and told that this room did not have air conditioning moved to the room previously described with floor level windows and air conditioning	test	0	0	0	0	0	1	0	0
test307	otherwise the hotel was excellent including the breakfast and location	test	0	1	1	1	0	0	0	0
test308	great base for seeing la	test	0	0	0	1	0	0	0	0
test309	we were very pleased with our stay at the holiday inn universal studios formerly known as the beverly garland	test	0	0	1	0	0	0	0	0
test310	although it is bit noisy due to proximity to highway it didn stop us from sleeping and the proximity to meant driving around was easy	test	0	0	1	1	0	0	0	0
test311	the rooms were clean and comfortable the pool area was great and the food in the restaurant was excellent	test	1	1	0	0	0	0	1	0
test312	altogether great value for money	test	0	0	1	0	0	0	0	0
test313	city convenience we stayed here as lay over on our way home	test	0	0	0	0	0	0	0	0
test314	the avenue is about ten minute walk from the station and allowed us to leave our luggage all day so that we could go round the city long before we could check in	test	0	0	0	0	0	0	0	0
test315	it is within minutes of dam square and really well placed on one of the main tram routes	test	0	0	0	0	0	0	0	0
test316	the rooms were small but clean and all of the staff really friendly	test	0	0	0	0	0	0	0	0
test317	bar prices were very reasonable for hotel	test	0	0	0	0	0	0	0	0
test318	breezes was brilliant	test	0	0	1	0	0	0	0	0
test319	best	test	0	0	0	0	0	0	0	0
test320	holiday	test	0	0	0	0	0	0	0	0
test321	yet mexican restaura	test	0	0	0	0	0	0	0	0
test322	silly style over substance	test	0	0	1	0	0	0	0	0
test323	spent two nights at the recently and had to supress myself from laughing on several occasions	test	0	0	0	0	0	0	0	0
test324	the pool has the letters wet printed on the bottom thanks would never have guessed	test	0	0	0	0	0	0	0	0
test325	this place has pseudo hip styling flourishes that serve no purpose and dance music is piped into every conceivable public area gym elevators lobby restrooms etc	test	0	0	1	0	0	0	0	0
test326	as you approach the main entrance large motorized drapes automatically part and reveal staff of slacker	test	0	0	0	0	0	0	0	0
test327	overall those over age may want to look elsewhere	test	0	0	1	0	0	0	0	0
test329	my wife and recently had the opportunity to stay at the sheraton airport in amsterdam	test	0	0	0	0	0	0	0	0
test330	we found it very comfortable and accessable to locale transportation	test	0	0	1	1	0	0	0	0
test331	would also like to mention how the staff was very friendly and helpful	test	0	0	0	0	0	0	0	1
test332	frank in the restaurant and daniel as bell staff	test	0	0	0	0	0	0	0	0
test333	clean and new hotel	test	0	0	1	0	0	0	0	0
test334	this is very new hotel it is non smoking hotel which was pleasant	test	0	0	1	0	0	0	0	0
test335	the location is very close to the center tram way is outside the hotel about mins walk and there is bike hire place on the basement of the hotel which was very convenient as cycling is one of the easiest way to get around amsterdam in the day or at night	test	0	0	0	1	0	0	0	0
test336	the room is very big and the toilet is state of the art	test	0	0	0	0	0	0	0	0
test337	only complain is the free wifi is on the slow side of things	test	1	0	0	0	0	0	0	0
test338	the buffet was really good and the dinner at the restaurant is nice with very nice view of the river and the other side	test	0	1	1	0	0	0	0	0
test339	good value location hotel	test	0	0	0	0	0	0	0	0
test340	we were surpriesed that the rooms were spacious and clean and the location of the hotel is good and they have shutter service to the shinjuku station which is mins away	test	0	0	0	0	0	0	0	0
test341	the staff were very helpful	test	0	0	0	0	0	0	0	0
test342	we will definitely go back to this hotel again if we visit tokyo again	test	0	0	0	0	0	0	0	0
test343	jeani	test	0	0	0	0	0	0	0	0
test344	fantastic place for the price for the second time in the span of about four weeks ll be visiting london on business	test	0	0	1	0	0	0	0	0
test345	and for the second time booked my hotel stay at the parkcity	test	0	0	0	0	0	0	0	0
test346	as others have mentioned the hotel is situated at clean and relatively quiet location in kensington	test	0	0	0	1	0	0	0	0
test347	it within short walking distance from hyde park and the natural history museum	test	0	0	0	1	0	0	0	0
test348	the staff are friendly and pleasure to chat	test	0	0	0	0	0	0	0	1
test349	was suitably impressed with my previous stay at the parkcity and will be so again in early july	test	0	0	1	0	0	0	0	0
test350	weekend to remember we my fianc茅 and stayed in this lovely hotel for the weekend the weather was terrible however it did not seem to bother us	test	0	0	0	0	0	0	0	0
test351	and it was all thanks to the wonderful people and atmosphere in this hotel	test	0	0	0	0	0	0	0	0
test352	we had the normal person chamber but there was nothing normal to it	test	0	0	0	0	0	0	0	0
test353	the whole decoration was stylish and very comfortable	test	0	0	0	0	0	0	0	0
test354	we had all we need it	test	0	0	0	0	0	0	0	0
test355	want to say thanks to the persons working at the roemer hotel for making this weekend to remember	test	0	0	0	0	0	0	0	0
test356	ustomer service is amazing	test	0	0	0	0	0	0	0	1
test357	when it comes right down to it the renew is great place to stay because of the attitude of the staff who take customer service very seriously and did everything that they could to make my one week stay comfortable	test	0	0	1	0	0	0	0	1
test358	the renew still needs to renew their air conditioner units which are aging and little week	test	0	0	0	0	0	1	0	0
test359	on the whole great place to stay	test	0	0	1	0	0	0	0	0
test360	such nice alternative to places like the hilton	test	0	0	1	0	0	0	0	0
test361	avoid at all costs how this place can call itself star hotel is beyond me	test	0	0	1	0	0	0	0	0
test362	obviously the management have no grasp of hospitality unless they previosuly ran prison or similar	test	0	0	0	0	0	0	0	1
test363	room wasn clean service non existent bordering on	test	0	0	0	0	0	0	1	1
test364	don care attitudes can honestly say that have had better experiences in bbs	test	0	0	0	0	0	0	0	0
test365	dreadful simply dreadful	test	0	0	1	0	0	0	0	0
test366	avoid suggest tent if this was the only place left to stay in nsw	test	0	0	0	0	0	0	0	0
test367	rip off	test	0	0	0	0	0	0	0	0
test368	consumer beware	test	0	0	0	0	0	0	0	0
test369	arrived to find depressingly hot dank tiny shabby unacceptable room for the taxes	test	0	0	0	0	0	0	1	0
test370	although agreed to pay their cancellation fee my credit card was charged for no services rendered	test	0	0	0	0	0	0	0	1
test371	surely they rented the room twice that night april and somebody pocketed some easy money want refund	test	0	0	0	0	0	0	0	0
test372	why should consumer be so easily tricked into paying for bad product site unseen	test	0	0	0	0	0	0	0	0
test373	very good choice excellent location close to every touristic spot and surrounded by restaurants and bars	test	0	0	1	1	0	0	0	0
test374	of course bit noisy at night as this is the busy area to go out	test	0	0	1	0	0	0	0	0
test375	rooms are clean and decoration is great	test	0	0	0	0	0	0	1	0
test376	staff was very helpful	test	0	0	0	0	0	0	0	1
test377	very good choice for madrid	test	0	0	1	0	0	0	0	0
test378	good service but loud	test	0	0	0	0	0	0	0	0
test379	the location is quite convienent with many good restaurants in the neighborhood	test	0	0	0	0	0	0	0	0
test380	the staff was very friendly and very helpful	test	0	0	0	0	0	0	0	0
test381	on dinner recommendations they were for and they greeted every request with smile	test	0	0	0	0	0	0	0	0
test382	the main negative is the room was very loud although being from nyc it did not prevent me from sleeping	test	0	0	0	0	0	0	0	0
test383	also the room was bit small	test	0	0	0	0	0	0	0	0
test384	very good experience at this hotel stayed for nights while touring through texas	test	0	0	1	0	0	0	0	0
test385	located to the north of the city but convenient for attractions if you have car	test	0	0	0	1	0	0	0	0
test386	we did the jfk museum in downtown dallas before heading over to fort worth stockyards and then to southfork ranch so you can do these attractions in day from this base	test	0	0	0	0	0	0	0	0
test387	nice restaurants and other facilities	test	1	0	0	0	0	0	0	0
test388	excellent well appointed room at very competitive rate	test	0	0	0	0	0	0	1	0
test389	overall very good experience and would recommend this hotel	test	0	0	1	0	0	0	0	0
test390	good value weekend break	test	0	0	0	0	0	0	0	0
test391	when we stayed they did special weekend rate of euros pp for three nights including breakfast arriving on friday and leaving on monday which offered good value for money	test	0	0	0	0	0	0	0	0
test392	we had spacious and well equipped fourth floor bedroom at the quiet back of the hotel	test	0	0	0	0	0	0	0	0
test393	only downside is that the breakfast area can get congested at peak times	test	0	0	0	0	0	0	0	0
test394	good location in quiet area and convenient for buses and trains	test	0	0	0	0	0	0	0	0
test395	just from both kadewe store and the tourist office in the europa centre	test	0	0	0	0	0	0	0	0
test396	great location clean rooms and convenient location	test	0	0	0	1	0	0	1	0
test397	close to shopping and city centre attractions	test	0	0	0	1	0	0	0	0
test398	good restaurants nearby	test	0	0	0	1	0	0	0	0
test399	down stanley st and friendly staff	test	0	0	0	0	0	0	0	1
test400	stayed there for days	test	0	0	0	0	0	0	0	0
test402	old and small	test	0	0	1	0	0	0	0	0
test403	the rooms are small and outdated	test	0	0	1	0	0	0	1	0
test405	the lobby was nice comp	test	0	0	1	0	0	0	0	0
test406	wine was rewarding and needed if you stay here	test	0	1	0	0	0	0	0	0
test407	delightful	test	0	0	1	0	0	0	0	0
test408	my wife and stayed at the hotel vieux paris september to	test	0	0	0	0	0	0	0	0
test409	wonderful property in an historic th century building and very accomodating and friendly staff	test	0	0	1	0	0	0	0	1
test410	location is great half block from the seine midway between the louvre and notre dame	test	0	0	0	1	0	0	0	0
test411	we would definitely stay here again	test	0	0	1	0	0	0	0	0
test412	my go to hotel in sfo great location near market street union square and theatre district	test	0	0	0	1	0	0	0	0
test413	best indoor swimming pool in the city for short laps	test	1	0	0	0	0	0	0	0
test414	in and out parking allowed	test	0	0	0	0	0	0	0	0
test415	rooms are very comfortable tastefully decorated and impeccably clean	test	0	0	0	0	0	0	1	0
test416	you get more than you pay for	test	0	0	1	0	0	0	0	0
test417	days in hk	test	0	0	0	0	0	0	0	0
test418	we stayed at the south pacific hotel from and found our stay to be most enjoyable	test	0	0	1	0	0	0	0	0
test419	the hotel is quite basic with bar fridge and kettle very clean and well located in wanchai with shops two good bakeries nearby and times square an easy walk transport is very close	test	0	0	1	1	0	1	0	0
test420	the concierge the doorman and the cleaning staff were very friendly and attentive	test	0	0	0	1	0	0	0	1
test421	the twin bed room was more spacious than the double room the beds are easy enough to push together	test	0	0	0	0	0	1	1	0
test422	we would have no hesitation in returning to this budget hotel	test	0	0	1	0	0	0	0	0
test423	nice place to stay	test	0	0	1	0	0	0	0	0
test424	the residence michalangiolo has fantastic rooms and is run by the nicest freindliest people you could hope to meet	test	0	0	0	0	0	0	1	1
test425	it is easy walking distance to the centre of florence or there is great inexpensive bus service	test	0	0	0	1	0	0	0	0
test426	as there is no restarant and bar if you are hoping to meet other guests this hotel is not for you but with hotplate and fridge cleverly hidden in the room it is great if you want to do your own thing	test	0	0	0	0	0	1	0	0
test427	you can drink your own drinks on terrace or in the garden	test	0	0	0	0	0	0	0	0
test428	new york finest hotel	test	0	0	1	0	0	0	0	0
test429	this is the best hotel in new york over the years have stayed in many for business and pleasure but if you are spending your own money and want value and lovely place to stay this is the place	test	0	0	1	0	0	0	0	0
test430	we had park view room and waking up was pleasure	test	0	0	0	0	0	0	1	0
test431	indeed the curtains were never shut	test	0	0	0	0	0	0	0	0
test432	what sets this hotel apart is the location and the extra amenities the bar is one of the best in ny and the concierge can help enough	test	0	1	0	1	0	1	0	1
test433	and it all done unintrusively	test	0	0	0	0	0	0	0	0
test434	not star need refurbish this hotel can not be considered as star hotel	test	0	0	1	0	0	0	0	0
test435	the bathroom was old fashioned conditioned and the room seems like you were on the 麓s	test	0	0	0	0	0	0	1	0
test436	am spanish and am used to go to star hotels which are less than half the price of this hotel and with double quality bathroom and room	test	0	0	0	0	0	0	0	0
test437	the breakfast almost euro is expensive and not worth it	test	0	1	0	0	0	0	0	0
test438	this hotel need to de refurbish	test	0	0	1	0	0	0	0	0
test439	anniversary spot absolutely beautiful	test	0	0	1	0	0	0	0	0
test440	awesome location	test	0	0	0	1	0	0	0	0
test441	nice food	test	0	1	0	0	0	0	0	0
test442	service is good	test	0	0	0	0	0	0	0	1
test443	room size is little small	test	0	0	0	0	0	0	1	0
test444	would recommend it for romantic getaway	test	0	0	1	0	0	0	0	0
test445	will stay here again when in nyc	test	0	0	0	0	0	0	0	0
test446	the location is great in walking distance to so much	test	0	0	0	0	0	0	0	0
test447	the staff was wonderful and responsive to our needs	test	0	0	0	0	0	0	0	0
test448	the room was so clean and flawless and the food was great in the restaurant on the main floor	test	0	0	0	0	0	0	0	0
test449	overall super experience	test	0	0	0	0	0	0	0	0
test450	one tip we walked one block east to the port authority and caught the new york airport service express bus for each way to and from la guardia	test	0	0	0	0	0	0	0	0
test451	superb hotel me and my wife stayed in the in singapore for nights in our honeymoon trip around asia and pacific	test	0	0	0	0	0	0	0	0
test452	the staff is excellent as well as the service and the breakfest buffet fantastic	test	0	0	0	0	0	0	0	0
test453	the room is large with all new and modern amenities	test	0	0	0	0	0	0	0	0
test454	marble bathroom is with separate walk in shower and bath tub	test	0	0	0	0	0	0	0	0
test455	air conditioning was little too cold for us but was ok	test	0	0	0	0	0	0	0	0
test456	we enjoyed very much our stay and we highly recommend this top class hotel close to underground station and market and food court	test	0	0	0	0	0	0	0	0
test457	rather disappointed	test	0	0	1	0	0	0	0	0
test458	dear reader after our recent one night stay at the bali hyatt we unfortunately have to confirm the negative review written by lukeperth dated nov	test	0	0	1	0	0	0	0	0
test459	our room was very humid and loud which may relate to the structural set up of the hotel property	test	0	0	0	0	0	0	1	0
test460	we think that it could be worthwhile to invest some more and stay at the sheraton laguna beach resort in nusa dua	test	0	0	0	0	0	0	0	0
test461	great at the ic	test	0	0	0	0	0	0	0	0
test462	was in new orleans for business and truly enjoyed my sta at the ic	test	0	0	1	0	0	0	0	0
test463	the location was the best and the service excellent	test	0	0	0	1	0	0	0	1
test464	usually have stayed at the windsor court but for my money the ic is better	test	0	0	1	0	0	0	0	0
test466	my fiance and spent nights at this hotel and were so happy with our stay	test	0	0	0	0	0	0	0	0
test467	the staff was so pleasent and always willing to help	test	0	0	0	0	0	0	0	0
test468	the location couldn be any better	test	0	0	0	0	0	0	0	0
test469	extremely recommended especially for romantic getaways	test	0	0	0	0	0	0	0	0
test470	good hotel booked package through eurostar nice modern hotel near the peripeherique mins walk to the metro and then mins into the centre of paris	test	0	0	1	1	0	0	0	0
test471	in the centre of conference tradeshow town so could be busy	test	0	0	0	0	0	0	0	0
test472	good room clean and tidy and attentive staff	test	0	0	0	0	0	0	1	1
test473	check in problem was expertly and politely solved	test	0	0	0	0	0	0	0	1
test474	bar expensive and you are better off taking breakfast in local bar than the hotel euro buffet anyone	test	0	1	0	0	0	0	0	0
test475	recommended for long weekend we ll stay there again	test	0	0	1	0	0	0	0	0
test476	worthy of the praise	test	0	0	1	0	0	0	0	0
test477	all we can do is echo the praise that other reviewers have bestowed upon this wonderful oasis	test	0	0	1	0	0	0	0	0
test478	what an endearing spot	test	0	0	1	0	0	0	0	0
test479	we felt welcome from the moment we arrived via the tiny elevator until the time of our all too soon departure	test	0	0	0	0	0	0	0	1
test480	the other reviews accurately describe the warm and friendly atmosphere of this gem	test	0	0	1	0	0	0	0	0
test481	we would stay at the colomba again in heartbeat and strongly encourage all to do the same	test	0	0	1	0	0	0	0	0
test483	the grand hyatt is beautiful property located close to tianamen square and the forbidden city	test	0	0	1	1	0	0	0	0
test484	it located floor or two above large shopping center handy as there are banks drugstores and quick cheap places to eat	test	0	0	0	0	0	0	0	0
test485	we stayed on the club level which meant check in was in our room nice touch we had separate concierge albeit not speaking english as well as those in the lobby and delicious free breakfast and afternoon drinks	test	0	1	0	0	0	0	0	1
test486	we had the grand suite nice bedroom with separate living work area	test	0	0	0	0	0	1	1	0
test487	perfect stay have used the holiday inn miami airport west few times and every stay was perfect	test	0	0	1	0	0	0	0	0
test488	clean and new rooms quiet nice staff and near to the airport	test	0	0	0	1	0	0	1	1
test489	some people here write about disco restaurant and loud music from the th floor the holiday inn miami airport west do not have disco and floors only floors and restaurant on the ground	test	0	0	0	0	0	0	0	0
test490	floor all	test	0	0	0	0	0	0	0	0
test491	the people with this bad disco and loud music experience have not stayed at the hi miami airport west hotel this peoples have stayed at the hi miami international airport hotel	test	0	0	0	0	0	0	0	0
test492	great central hotel	test	0	0	1	1	0	0	0	0
test493	we have just returned from weekend in amsterdam staying at the hotel eden	test	0	0	0	0	0	0	0	0
test494	after reading previous reviews on trip advisor we didnt know what to expect but the hotel couldnt have been better	test	0	0	1	0	0	0	0	0
test495	we stayed on the th floor in lovely clean room with the most comfortable bed and pillows ever	test	0	0	0	0	0	0	1	0
test496	the staff were friendly helpful and the hotel is in great location	test	0	0	0	1	0	0	0	1
test497	would definitely stay agai	test	0	0	1	0	0	0	0	0
test498	relaxed with the reflexologist	test	0	0	0	0	0	0	0	0
test499	went to the millennium hotel with my husband and absolutely fell in love with the spa pool area	test	1	0	1	0	0	0	0	0
test500	the view of the city was breathtaking	test	0	0	0	0	0	0	0	0
test501	they also offer reflexology sessions our practioner rose was wonderful	test	1	0	0	0	0	0	0	1
test502	would definitely recommend stopping by the spa for an afternoon break	test	1	0	0	0	0	0	0	0
test503	excellent expereince great service	test	0	0	1	0	0	0	0	1
test504	the hotel was amazing	test	0	0	1	0	0	0	0	0
test505	the decor was really modern and nice the hotel was clean and beds were confortable	test	0	0	1	0	0	0	1	0
test506	the staff very helpful they directed us on how to save hundreds on show tickets where most hotels would only offer you there services stadd multiple times	test	0	0	0	0	0	0	0	1
test507	showed us the best options which were outside the hotels services	test	0	0	0	0	0	0	0	0
test508	we had end corner room which had an elevator next to it felt like we had our own private elevator only once in day was another person in it	test	0	0	0	0	0	0	0	0
test509	marriotts have never disappointed me	test	0	0	1	0	0	0	0	0
test510	just got back had great marriott service as always do and would stay at this one again in heartbeat	test	0	0	1	0	0	0	0	1
test511	great fitness center free internet at the business center friendly friendly helpful staff very clean room star service in star hotel	test	1	0	0	0	0	0	1	1
test512	its also stone throw from the wharf and not noisy	test	0	0	0	0	0	0	1	0
test513	price was good considering the location paid about night	test	0	0	1	0	0	0	0	0
test514	the staff was always always ready to help me out	test	0	0	0	0	0	0	0	1
test515	very bad hotel very good location but very very very bad hotel	test	0	0	1	1	0	0	0	0
test516	the breakfast was not good	test	0	1	0	0	0	0	0	0
test517	allot off noise from the pipe in the room	test	0	0	0	0	0	0	1	0
test518	very noise room	test	0	0	0	0	0	0	1	0
test520	excellent hotel we ll stay there again	test	0	0	1	0	0	0	0	0
test521	my wife and enjoyed staying at this excellent hotel and will definitely stay there again whenever we are in los angeles	test	0	0	1	0	0	0	0	0
test522	the room was excellent and the staff were pleasant and helpful	test	0	0	0	0	0	0	1	1
test523	the facilities including restaurant bar grounds and laundry were excellent	test	1	1	0	0	0	0	0	0
test524	we were impressed by the number of people we saw who were maintaining the hotel and grounds to very high standard	test	0	0	0	0	0	0	0	1
test525	above average for holiday inn and hotel with character	test	0	0	1	0	0	0	0	0
test526	favorite hotel in theatre district	test	0	0	1	0	0	0	0	0
test527	found this hotel perfect for my needs good area large enough room clean friendly staff not ridiculously expensive	test	0	0	1	1	0	0	1	1
test528	even had view which is not often the case in less expensive new york hotels	test	0	0	0	0	0	0	0	0
test529	booked an executive double double and it was nicely renovated and felt fresh	test	0	0	0	0	0	0	1	0
test530	perfect for going to plays taking the subway and finding good resturants close by	test	0	0	1	1	0	0	0	0
test531	superb breakfast view	test	0	1	0	0	0	0	0	0
test532	ok little biased because berlin in the snow in mid february is inspiring but this was superbly located hotel with great facilities and very helpful staff whose english is far better than mein deutsche	test	1	0	0	1	0	0	0	1
test533	my girlfriend pointed out that were it slightly further up the ku damm by only about metres it would be more expensive to reflect the slight change in area so it really is bargain	test	0	0	1	0	0	0	0	0
test534	ve never been in hotel where for such little outlay you have massive bath in marble bathroom set in large well laid out clean and comfortable room	test	0	0	0	0	0	0	1	0
test535	my top tips would be to have the very ample buffet breakfast there whilst enjoying the view from the th floor fruhstuck even runs until so you can still have bit of lie in and to get city welcome card as the hotel is very close to stations for all the forms of transport except trams being located in the west thereby utilising its much raved about location	test	0	1	0	1	0	0	0	0
test536	we would eagerly use it again	test	0	0	1	0	0	0	0	0
test537	good find in paris good hotel away from the main touristy areas of paris	test	0	0	1	1	0	0	0	0
test538	staff were very friendly helpful and the accomodation was fair size	test	0	0	0	0	0	0	1	1
test539	although the bathroom in my room seemed little dated compared to others in the hotel the whole room very clean and comfortable offering excellent value for money	test	0	0	0	0	1	0	1	0
test540	location wise the hotel has plenty of cafes and restuarants nearby as well as some excellent patisseries	test	0	0	0	1	0	0	0	0
test541	it between two metro stops and one metro stop down from the gare de nord so for getting around public transport in and out of paris	test	0	0	0	1	0	0	0	0
test542	it was ideal	test	0	0	0	1	0	0	0	0
test543	good stay this hotel is located in one the better parts of amsterdam and it shows	test	0	0	0	0	0	0	0	0
test544	no busy streets close to all important attractions amsterdam has to offer and now weird people wandering around at night	test	0	0	0	0	0	0	0	0
test545	the staff is well trained and polite	test	0	0	0	0	0	0	0	0
test546	they lent me very nice umbrella when it rained which of course kept our room was bit small but otherwise nice	test	0	0	0	0	0	0	0	0
test547	would recommend this hotel to anyone	test	0	0	0	0	0	0	0	0
test548	lose to cultural venues	test	0	0	0	0	0	0	0	0
test549	my husband and stayed at the omni for one stay for birthday trip	test	0	0	0	0	0	0	0	0
test550	the staff and rooms were great	test	0	0	0	0	0	0	1	1
test551	the location one block from the music center and disney auditorium was the real reason for our choice	test	0	0	0	1	0	0	0	0
test552	the museum next door was also nice	test	0	0	0	1	0	0	0	0
test553	our room was spacious the bed was so comfortable and it was very quiet	test	0	0	0	0	0	0	1	0
test554	great location great location check in was very quick asked for high floor which we had	test	0	0	0	0	0	0	0	0
test555	king size room everything you needed apart from tea and cooffee but did know this and took my own kettle etc	test	0	0	0	0	0	0	0	0
test556	we were on the th floor think you need to be at least this high to avoid traffic noise	test	0	0	0	0	0	0	0	0
test557	the bar was very friendly also served snacks	test	0	0	0	0	0	0	0	0
test558	hotel staff very helpful	test	0	0	0	0	0	0	0	0
test559	easy walking to times square empire state and central station	test	0	0	0	0	0	0	0	0
test560	great location comfortable hotel shame about the building we picked the radisson by chance out of very long list of boston hotels	test	0	0	1	1	0	0	0	0
test561	despite being the ugliest building in boston it is comfortable hotel whose location is fantastic for most of the central boston attractions	test	0	0	1	1	0	0	0	0
test562	the bed and breakfast package is good value toorooms were comfortable and well furnished and most with great views	test	0	0	1	0	0	0	1	0
test563	ask for high floor number	test	0	0	0	0	0	0	0	0
test564	the foyer and pool are dingy and in need of bit of work	test	1	0	0	0	0	0	0	0
test566	the location is everything with this hotel you can even catch the train from sydney airport and get off right opposite	test	0	0	0	1	0	0	0	0
test567	the room we were originally allocated was upgraded free of charge due to about the bed available for the third person staying with us	test	0	0	0	0	0	0	0	1
test568	we booked via an internet site and were charged au per night for two nights with au tariff for the extra person	test	0	0	0	0	0	0	0	0
test569	if you don expect star service in this star hotel you won be disappointed	test	0	0	1	0	0	0	0	0
test570	fantastic pools shame about teh beach replenishment stayed in this hotel for nights in october and whilst the rooms were pretty bland	test	1	0	0	0	0	0	1	0
test571	the pools and outside areas facing the beach are lovely	test	1	0	0	0	0	0	0	0
test572	pools one infinity one with pool bar and spa pool	test	0	0	0	0	0	0	0	0
test573	the hotel is right on the beach but the beach was being replenished during our stay so you couldn actually use it and had to walk to the main kuta beach about minutes	test	0	0	0	1	0	0	0	0
test574	all in all though this is good holiday hotel and the staff were always very friendly	test	0	0	1	0	0	0	0	1
test575	four season mexico city perfect way to end our week in mexico	test	0	0	1	0	0	0	0	0
test576	you can walk right past this building and never know its there	test	0	0	0	0	0	0	0	0
test577	once inside however you know your there	test	0	0	0	0	0	0	0	0
test578	have never had the oppurtunity to stay at such hotel for me this was brilliant	test	0	0	1	0	0	0	0	0
test579	wonderful location on reforma easy ride to the airport	test	0	0	0	1	0	0	0	0
test580	best of the bests	test	0	0	0	0	0	0	0	0
test581	have no words to explain our experince at the majestic hotel in barcelona	test	0	0	0	0	0	0	0	0
test582	we had superb stay in one of the penthouse apartments the best sourprise that my husband did to me in his entire life	test	0	0	0	0	0	0	0	0
test583	champagne vip treatment one smart roadster included in the price at our disposal etro amenities bang olufsen plasma screen amazing interior design huge jacuzzi fresh flowers	test	0	0	0	0	0	0	0	0
test584	dream come true	test	0	0	0	0	0	0	0	0
test585	location and service impeccable stayed here for convention that was held few blocks away and was blown away at how incredibly perfect everything was	test	0	0	1	1	0	0	0	1
test586	the price was super reasonable	test	0	0	1	0	0	0	0	0
test587	the service was perfect	test	0	0	0	0	0	0	0	1
test588	the accommodations and amenities left nothing more to be desired except maybe an indoor pool but not big deal in my opinion	test	0	0	0	0	0	1	1	0
test589	not to mention the location was in the dead heart of everything and walking distance to the convention center	test	0	0	0	1	0	0	0	0
test590	will stay nowhere else when staying downtown sf than the palomar	test	0	0	1	0	0	0	0	0
test591	xcellent resort march we returned from punta cana yesterday and still are amazed at how wonderful the resort was	test	0	0	1	0	0	0	0	0
test592	especially the calm quiet breeze waves crashing on the shore wide open beach lots of empty lounge chairs waiting for us and no vendors	test	0	0	0	0	0	0	0	0
test593	the food was amazing especially the breakfast buffet	test	0	1	0	0	0	0	0	0
test594	there was so much choice and everything was beautifully prepared	test	0	1	0	0	0	0	0	0
test595	the wine we were served is good quality	test	0	1	0	0	0	0	0	0
test596	champagne was available at all times we would return and recommend this place to everyone	test	0	1	1	0	0	0	0	0
test597	highly recommended we were looking for reasonably priced hotel in good location and found this to be the perfect choice	test	0	0	1	1	0	0	0	0
test598	although it is not especially plush the moore hotel is spotlessly clean and the staff were very helpful	test	0	0	1	0	0	0	0	1
test599	if you want to see all that seattle has to offer you cannot be in better location two blocks from pike street market with macys and other major stores blocks in the other direction	test	0	0	0	1	0	0	0	0
test600	the tour bus stop is just minute walk away which takes you all around seattle and stops at all the major attractions	test	0	0	0	1	0	0	0	0
test601	just ok conveniently located in waikiki	test	0	0	1	1	0	0	0	0
test602	can be very noisy at night	test	0	0	1	0	0	0	0	0
test603	bit outdated too	test	0	0	1	0	0	0	0	0
test604	overall nothing special for what you pay	test	0	0	1	0	0	0	0	0
test605	guess would try another hotel if had to get back to waikiki which guess is unlikely	test	0	0	0	0	0	0	0	0
test606	lovely hotel brilliant location loved this hotel and would recommend it to anyone	test	0	0	1	1	0	0	0	0
test607	brilliant location loads of nice restuarants near to the lodge and close enough to mid and downtown to make it easy to get everywhere else	test	0	0	0	1	0	0	0	0
test608	yes the rooms are small but they are perfectly adequate especially if you are planning to be out most of the time	test	0	0	0	0	0	0	1	0
test609	toilets were never busy and the whole place was clean and beautifully finished	test	1	0	0	0	0	0	0	0
test611	great location and spacious room can argue with the location short walk to universal studios short drive to hollywood and downtown or the room which was massive and comfortable with great bathroom	test	0	0	0	1	0	0	1	0
test612	price for room was pretty good and they were able to extend our stay by day you will need time to explore la	test	0	0	0	0	0	0	1	0
test613	only downside were the exorbitant charges for even short local phone calls and internet access	test	1	0	0	0	0	0	0	0
test614	everyone knows hotels love to charge for any extras but their prices were outragous and we simply couldn avoid them due to crcumstances	test	0	0	1	0	0	0	0	0
test615	breakfast was nice and reasonably priced extra to cost of room	test	0	1	0	0	0	0	1	0
test616	overall pretty good just shame they feel they have to rip off tourists who need to make urgent calls	test	0	0	1	0	0	0	0	0
test617	well located phone booth size accomodations moved here from hotel on north st great location near shops and food and fun	test	0	0	0	0	0	0	0	0
test618	anyone over foot tall will find great deal ofdifficulty in the elfin beds	test	0	0	0	0	0	0	0	0
test619	rooms were clean but very verysmall	test	0	0	0	0	0	0	0	0
test620	just had the feeling that or wealthy local students withdeep pockets decided to do this place as thesis project	test	0	0	0	0	0	0	0	0
test621	great place	test	0	0	1	0	0	0	0	0
test622	me and my wife have just returned from the sirenis tropical	test	0	0	0	0	0	0	0	0
test623	this was our second stay at this resort and it was even better than our first trip two years ago	test	0	0	0	0	0	0	0	0
test624	the food was excellent it was very clean entertainement was great the staff was friendly overall it was fantastic stay	test	0	1	1	0	0	0	1	1
test625	we will go back for sure	test	0	0	1	0	0	0	0	0
test626	best location location was absolutely superb	test	0	0	0	1	0	0	0	0
test627	the best of barcelona鈥檚 shops are just on the doorstep and do not forget to ask for shopping recommendations at reception	test	0	0	0	0	0	0	0	0
test628	the room was very clean lots of light and spacious	test	0	0	0	0	0	0	1	0
test629	the black out blinds were fantastic for sleeping	test	0	0	0	0	0	0	1	0
test630	we had very enjoyable meal in the restaurant very good value for money	test	1	1	0	0	0	0	0	0
test631	nice we stayed here for nights over new year and couldn really fault it	test	0	0	1	0	0	0	0	0
test632	the concept the design and the comfort levels are all worthy of praise as are the staff one of whom on seeing us getting out of taxi in downpour met us at the door with couple of towels	test	0	0	1	0	0	0	0	1
test633	nice touch	test	0	0	1	0	0	0	0	0
test634	thanks sonja	test	0	0	0	0	0	0	0	0
test636	we stayed for two nights in early april and found the hotel to be in good location with comfortable accommodations	test	0	0	0	1	0	0	1	0
test637	the staff was also helpful with directions finding hours for museums etc	test	0	0	0	0	0	0	0	1
test638	it is not as warm and hospitable as bb but for busy city like florence it is comfortable and can definitely recommend it	test	0	0	1	0	0	0	0	0
test639	beautiful accomodations we stayed at the legacy in september and found the accomodations to be very clean and beautifully decorated	test	0	0	0	0	0	0	1	0
test640	there were two tv sets with dvd players kitchen jacuzzi tub dining room area etc	test	0	0	0	0	0	1	0	0
test641	the workout room was very well equipped with up to date machines and tvs	test	1	0	0	0	0	0	0	0
test642	would definitely return	test	0	0	1	0	0	0	0	0
test643	firmed reservation but no room available when we arrived reserved two rooms several months in advance and confirmed them via email one week before arrival	test	0	0	0	0	0	0	0	1
test644	nonetheless we were apologetically told by the staff that they had overbooked and had no rooms available and were transferring us to its sister hotel colon	test	0	0	0	0	0	0	0	0
test645	unfortunately the colon hotel rooms turned out to be run down with stained upholstery linens and carpeting no air conditioning and an old lumpy bed	test	0	0	1	0	0	1	1	0
test646	we found new hotel	test	0	0	0	0	0	0	0	0
test647	never saw the rooms at the regencia so can comment on them the lobby was simple but clean but the experience was disappointing and stressful as we scrambled to find an acceptable hotel	test	0	0	0	0	0	0	0	0
test648	friendly comfortable and welcoming recently had an excellent stay in this friendly and comfortable hotel	test	0	0	1	0	0	0	0	0
test649	the welcoming and efficient staff made everything go very smoothly and our room was lovely	test	0	0	0	0	0	0	1	1
test650	the hotel is very handily placed for london bridge mainline and tube and for the attractions of the southbank tate modern the globe theatre and borough market all in easy walking distance although it would be good base for any visit to london	test	0	0	0	1	0	0	0	0
test651	ve stayed in number of well known central london hotels but this is the one will return to	test	0	0	1	0	0	0	0	0
test652	very nice breakfast too	test	0	1	0	0	0	0	0	0
test653	good for stop over	test	0	0	1	0	0	0	0	0
test654	we had somewhat small room in the 鈥渢ower鈥 section of the hotel which think is mainly used by stopover passengers en route to australia	test	0	0	0	0	0	0	1	0
test655	the staff were friendly and helpful and the hotel was very clean and welcoming	test	0	0	1	0	0	0	0	1
test656	wardrobe space was somewhat limited after luggage storage and the small sit in bath required careful negotiation in order to stand in flat area for shower	test	0	0	0	0	0	1	1	0
test657	the room although small was pleasant enough but the lighting was very poor and found it very difficult to read standard size font such as of point after it had got dark	test	0	0	0	0	0	0	1	0
test659	we stayed for nights and it was better than we expected	test	0	0	1	0	0	0	0	0
test660	free parking great bonus nice neighboorhood with good restaurants and stores if you need them walking distance and very friendly service	test	1	0	0	1	0	0	0	1
test661	walking distance to fishermans warf	test	0	0	0	1	0	0	0	0
test662	good value	test	0	0	1	0	0	0	0	0
test663	great room and nice place to say we only got to stay one night here we were on two week trip out west wished we could have stayed longer	test	0	0	1	0	0	0	1	0
test664	the room was wonderful	test	0	0	0	0	0	0	1	0
test665	the hotel was clean staff was helpful it was in great location just beautiful	test	0	0	1	1	0	0	0	1
test666	we walked to the diamondbacks game	test	0	0	0	0	0	0	0	0
test667	great place to stay would definitely recommend it	test	0	0	1	0	0	0	0	0
test668	the robey welcome maryland	test	0	0	0	0	0	0	0	0
test669	nights at dorsett olympic hotel	test	0	0	0	0	0	0	0	0
test670	stayed at this hotel for nights	test	0	0	0	0	0	0	0	0
test671	we choose this hotel because it was the cheapest in town area	test	0	0	1	0	0	0	0	0
test672	clean but small room slightly dirty carpet small tv set	test	1	0	0	0	0	1	1	0
test673	poor tv programms bed is extremely hard	test	0	0	0	0	0	0	1	0
test674	colorful	test	0	0	0	0	0	0	0	0
test675	the triton is in great location right next to the gates of chinatown	test	0	0	0	1	0	0	0	0
test676	the good pet friendly organic coffee and tea available in the lobby every morning aveda toiletries soft bathrobes great wine reception soft wonderful linensthe bad room size	test	0	0	0	0	0	1	1	1
test677	musty smell in some halls shower only bathrooms small elevators smelly gym	test	1	0	0	0	0	0	0	0
test678	splendid friendly staff and very clean rooms	test	0	0	0	0	0	0	0	0
test679	yes the rooms are on the small size however it all you need while in hong kong	test	0	0	0	0	0	0	0	0
test680	free shuttle service to mtr station and other dorsett hotel close walking distance to markets	test	0	0	0	0	0	0	0	0
test681	mcdonalds and eleven block away	test	0	0	0	0	0	0	0	0
test682	breakfast was very nice	test	0	0	0	0	0	0	0	0
test683	ice hotel beware of parking valet fee	test	0	0	0	0	0	0	0	0
test684	great location clean comfy stylish room great service nice views but was so put off by the parking fee	test	0	0	0	0	0	0	0	0
test685	was expecting or so but seriously	test	0	0	0	0	0	0	0	0
test686	bucks	test	0	0	0	0	0	0	0	0
test687	it hurt to cough up that money	test	0	0	0	0	0	0	0	0
test688	good location this is great location but don expect great view from your room	test	0	0	0	1	0	0	1	0
test689	the staff was pleasant but small	test	0	0	0	0	0	0	0	1
test690	the mattress was very firm	test	0	0	0	0	0	1	0	0
test691	it is right next to the market area which has great place to exchange currency for no fee	test	0	0	0	0	0	0	0	0
test692	it is also good place to pick up low priced breakfast or lunch	test	0	1	0	0	0	0	0	0
test694	enjoyed the orchard experience booked this hotel after reading other reviews on trip advisor and was not disappointed	test	0	0	1	0	0	0	0	0
test695	the hotel is small but very reasonably priced for the area	test	0	0	1	0	0	0	0	0
test696	the rooms are very comfortable and we had great nights sleep didn eat in hotel as was abit pricey for our liking they did recommend very good eating places nearby that suited our requirements perfectly	test	0	1	0	0	0	0	1	0
test697	overall we were very pleased with this accommodation and would choose to stay here again	test	0	0	1	0	0	0	1	0
test698	the cable car is very handy but quite expensive to travel on single trips so get long term or multi trip ticket from the start	test	0	0	0	0	0	0	0	0
test700	this is wonderful hotel probably the best we ve ever stayed in lovely spacious room and bathroom and the friendliest and most helpful staff with no exceptions	test	0	0	1	0	0	0	1	1
test701	its location is excellent too	test	0	0	0	1	0	0	0	0
test702	well worth paying extra for access to the executive lounge	test	0	0	1	0	0	0	0	0
test703	even the heavy rain couldn dampen our enjoyment as the hotel provided huge umbrellas free of charge for the duration of our stay	test	1	0	0	0	0	0	0	0
test704	would have no hesitation in recommending this hotel and will definitely stay there again	test	0	0	1	0	0	0	0	0
test705	great front desk staff purchased via hotwire so was unsure what was in for	test	0	0	0	0	0	0	0	1
test706	very pleasantly surprised	test	0	0	1	0	0	0	0	0
test707	great location nice clean room large glass of free wine nightly between pm was bonus	test	0	1	0	1	0	0	1	0
test708	the front desk staff could not have been more helpful assisting with confirming tours had booked prior to leaving	test	0	0	0	0	0	0	0	1
test709	sat chatting with them one day they provided maps and routes for sightseeing etc	test	0	0	0	0	0	0	0	0
test710	doggie hotel not for people the smell and stains in hallways and in rooms tells everything	test	0	0	1	0	0	0	1	0
test711	this hotel caters to people with dogs	test	0	0	0	0	0	0	0	0
test712	we checked into our room and the stench of dog with potent cleaning solution smell practically knocked us over	test	0	0	0	0	0	0	1	0
test713	the staff was friendly and tried to accommodate but they said there weren any rooms that were designated for just people	test	0	0	0	0	0	0	1	1
test714	so if you don mind paying to stay in room where dogs have obviously been then summerfield may be just the place for you	test	0	0	1	0	0	0	0	0
test715	rude people at the qt bartender in the hotel was jerk and used strong language towards my wife and after complaining to the manager she made us feel like it was our fault for requesting drink around midnight	test	0	0	0	0	0	0	0	1
test716	don call the hotel for rates shop through hotels or something similar for best rates	test	0	0	0	0	0	0	0	0
test717	another couple traveling with us got cheaper rate by doing so and the manager would not match their rate	test	0	0	0	0	0	0	0	0
test718	ok location block from time squ	test	0	0	0	1	0	0	0	0
test719	not sure if would ever stay there again	test	0	0	1	0	0	0	0	0
test720	there are ton of hotels and say look elsewher	test	0	0	1	0	0	0	0	0
test721	great modern hotel with perfect location	test	0	0	0	0	0	0	0	0
test722	great modern design hotel perfect location at plaza espa帽a bus and metro connecting all barcelona meters from the hotel serviceminded staff lovely teracce area nice pool view comofortable spacious rooms tasty various breakfast free internet use	test	0	0	0	0	0	0	0	0
test723	everything was perfect	test	0	0	0	0	0	0	0	0
test724	absolutely recommended	test	0	0	0	0	0	0	0	0
test725	ae	test	0	0	0	0	0	0	0	0
test726	the best	test	0	0	1	0	0	0	0	0
test727	we booked this hotel at the last minute and what pleasant surprise	test	0	0	1	0	0	0	0	0
test728	it is more expenseive than we would usually pay but it was worth every penny	test	0	0	1	0	0	0	0	0
test729	the staff were ever so helpful and the suite had everything you could think of	test	0	0	0	0	0	0	1	1
test730	the hotel is well located for business in the west end and for shopping we will be back	test	0	0	1	1	0	0	0	0
test731	definately recommend nicely renovated hotel three great pools to choose from	test	0	0	0	0	0	0	0	0
test732	my tip would be to check the hotel sites specials we were american express cardholders	test	0	0	0	0	0	0	0	0
test733	so we got free upgrade resort credit complimentary bottle of wine	test	0	0	0	0	0	0	0	0
test734	would recommend little restaurant right down the street called hacienda we got breakfast there almost every morning for like bucks person	test	0	0	0	0	0	0	0	0
test735	it was really good food with an excellent view	test	0	0	0	0	0	0	0	0
test738	service was great	test	0	0	0	0	0	0	0	1
test739	rooms were clean	test	0	0	0	0	0	0	1	0
test740	would stay here again	test	0	0	1	0	0	0	0	0
test741	look no further for your sydney stay if you re looking for comfortable central hotel then look no further	test	0	0	1	1	0	0	0	0
test742	our room was well proportioned and clean staff went out of their way to help us and our three year old daughter	test	0	0	0	0	0	0	1	1
test743	slap bang in the middle of everything	test	0	0	0	1	0	0	0	0
test744	tourist wise it about ten minute stroll from circular quay and five minutes from darling harbour	test	0	0	0	1	0	0	0	0
test745	can recommend this enough	test	0	0	1	0	0	0	0	0
test746	vibe at the drake	test	0	0	0	0	0	0	0	0
test747	had the pleasure of spending at night at the drake earlier this month and had very cool experience from the kind reception received upon arriving to the awesome crash pad	test	0	0	0	0	0	0	0	0
test748	only good things to say	test	0	0	0	0	0	0	0	0
test749	special mention must be made about their beds	test	0	0	0	0	0	0	0	0
test750	honestly the best sleep have had in while	test	0	0	0	0	0	0	0	0
test751	only challenge is leaving it in the morning	test	0	0	0	0	0	0	0	0
test752	uldn have been better stayed nites in mid april	test	0	0	0	0	0	0	0	0
test753	perfect location in center of old berlin	test	0	0	0	1	0	0	0	0
test754	large well appointed rooms especially deluxe executive	test	0	0	0	0	0	0	1	0
test755	particularly enjoyed proximity to outstanding hip and inexpensive restaurants and bars all within three minute walk	test	0	0	0	1	0	0	0	0
test756	museum island short stroll easy public transit few steps from the door	test	0	0	0	1	0	0	0	0
test757	can imagine better place from which to explore all of berlin	test	0	0	1	0	0	0	0	0
test758	great thanksgiving stay just returned from stay here over the thanksgiving holiday nights	test	0	0	0	0	0	0	0	0
test759	very impressed with this hotel wonderful location for the sights spacious rooms super staff	test	0	0	1	1	0	0	1	1
test760	considering that it on busy nd st this hotel is amazingly quiet	test	0	0	1	0	0	0	0	0
test761	security is excellent	test	0	0	0	0	0	0	0	1
test762	if you want to be in the heart of things highly recommend the hilton times square	test	0	0	1	0	0	0	0	0
test763	good hotel good location stayed here for nights in july	test	0	0	1	1	0	0	0	0
test764	found it as you would expect for large chain hotel	test	0	0	0	0	0	0	0	0
test765	large smart lobby check in staff advised us on safe areas to walk at night on arrival	test	0	0	1	0	0	0	0	0
test766	however they were unable to locate the safe we apparantly had in our room	test	0	0	0	0	0	0	0	0
test767	friendly attendant in the swimming pool gym although lots of kids in the pool	test	0	0	0	0	0	0	0	1
test768	room fine clean fair size	test	0	0	0	0	0	0	1	0
test769	bit overrated our stay at this hotel was okay but think the hotel is bit overrated on the internet	test	0	0	0	0	0	0	0	0
test770	our room was incredibly small and the view of the yacht harbor was decent but not spectacular	test	0	0	0	0	0	0	0	0
test771	we ate breakfast at the hotel and while expensive our server was very friendly and attentive	test	0	0	0	0	0	0	0	0
test772	he was actually one of our nicest servers we had in oahu	test	0	0	0	0	0	0	0	0
test773	think you could probably get more bang for your buck at one of the other area hotels	test	0	0	0	0	0	0	0	0
test774	ritz carlton true star delivered true star service in star accomodation	test	0	0	0	0	0	0	1	1
test775	club lounge excellent	test	1	0	0	0	0	0	0	0
test776	staff knowledgeable and spoke excellent english	test	0	0	0	0	0	0	0	1
test778	couldn have asked for better	test	0	0	1	0	0	0	0	0
test779	good hotel above standard	test	0	0	1	0	0	0	0	0
test781	the staff are friendly and helpful and eventhough	test	0	0	0	0	0	0	0	1
test782	they were very very busy they managed to check us in early	test	0	0	0	0	0	0	0	0
test783	the rooms are standard but the bathrooms are exceptionally big and nice	test	0	0	0	0	0	0	1	0
test784	the best part of the hotel is the easy reach of all the places in singapore and their bar with good cocktails and amazing view of the skyline of singapore	test	0	1	1	1	0	0	0	0
test785	satisfied stayed here for nights	test	0	0	1	0	0	0	0	0
test786	check in was brisk and the room was adequate neat not too large yet not too small considering this is hong kong	test	0	0	0	0	0	0	1	0
test787	location was good near the hustle and bustle of times square	test	0	0	0	1	0	0	0	0
test788	for everything else there is always the mtr	test	0	0	0	0	0	0	0	0
test790	this hotel was very nice and great location	test	0	0	0	0	0	0	0	0
test791	fisherman wharf is only few blocks aways as well as all the alcatraz tours and the trolleys	test	0	0	0	0	0	0	0	0
test792	the rooms were large and were always clean	test	0	0	0	0	0	0	0	0
test793	the front desk staff were always happy to assist with recommendations for food and booze	test	0	0	0	0	0	0	0	0
test794	it great place to stay on you next trip to sf	test	0	0	0	0	0	0	0	0
test795	best location in barceloma	test	0	0	0	1	0	0	0	0
test796	this is possibly the best located hotel in barcelona	test	0	0	0	1	0	0	0	0
test797	right in front of the gothic quarter and only minutes walk to la ramblas just far enough away	test	0	0	0	1	0	0	0	0
test798	also right on the harbour front which is ideal for restaurants and shopping	test	0	0	0	1	0	0	0	0
test799	room and service were excellent and highly recommended	test	0	0	1	0	0	0	1	1
test800	clean and great customer service my friend	test	0	0	1	0	0	0	0	1
test801	and stayed four nights and had great time the rooms were clean and had everthing we	test	0	0	1	0	0	0	1	0
test802	needed by	test	0	0	0	0	0	0	0	0
test803	clean	test	0	0	0	0	0	0	0	0
test804	mean checking the sheets in detail for hair or any other objects the customer service was also great look for mark he will happily help you with anything you need to make your stay more comfortable	test	0	0	0	0	0	0	0	1
test805	very comfortable and elegant very comfortable and elegant room	test	0	0	1	0	0	0	1	0
test806	the hotel is in nice location in barcelona near the center	test	0	0	0	1	0	0	0	0
test807	very tasty the breakfast buffet	test	0	1	0	0	0	0	0	0
test808	very kind the staff of the hotel	test	0	0	0	0	0	0	0	1
test809	fine relaxing experience	test	0	0	1	0	0	0	0	0
test810	value for money	test	0	0	1	0	0	0	0	0
test811	the location is excellent right next to centraal station	test	0	0	0	1	0	0	0	0
test812	the rooms are small but cleanbreakfast is adequatefree porn channel for those interested	test	0	1	0	0	0	0	1	0
test813	to sum up it is what it is cheap hotel at cheap price	test	0	0	1	0	0	0	0	0
test814	if you want luxorious hotel pay more and get one if you just want nice clean cheap room in an excellent location	test	0	0	0	1	0	0	1	0
test815	this is for you	test	0	0	0	0	0	0	0	0
test816	enjoyed the library great hotel	test	0	0	0	0	0	0	0	0
test817	loved the lounge	test	0	0	0	0	0	0	0	0
test818	it was relaxing and enjoyed the complimentary snacks	test	0	0	0	0	0	0	0	0
test819	the staff was helpful and room was great	test	0	0	0	0	0	0	0	0
test822	this hotel is in great location in terms of walking distance to key fisherman wharf attractions	test	0	0	0	1	0	0	0	0
test823	from the wharf area you can catch trolley car or sightseeing bus to other parts of the city	test	0	0	0	0	0	0	0	0
test824	overall the hotel is great for the value	test	0	0	1	0	0	0	0	0
test825	the lobby is large with warm atmosphere and helpful concierge desk	test	0	0	1	0	0	0	0	1
test826	the room we had was well furnished and clean but it was small with no view however we were not paying top rack rate and had no plans to spend much time in the room anyway	test	0	0	0	0	0	0	1	0
test827	best hotel we ve ever stayed in this hotel is absolutely suberb perfect location min walk to main shopping street and min walk to forbidden city tian anmen square very efficient helpful and friendly staff who speak good english and the rooms leisure facilities are excellent	test	1	0	1	1	0	0	1	1
test828	very good breakfast and the one evening meal we had	test	0	1	0	0	0	0	0	0
test829	there was first class too	test	0	1	0	0	0	0	0	0
test830	all in all perfect hotel from which to see beijing from and the best hotel we ve ever stayed in	test	0	0	1	0	0	0	0	0
test831	when walking around beijing take toilet paper with you as the public loos don provide it	test	0	0	0	0	0	0	0	0
test832	good hotel good location hotel aalders was the best choice we could have made	test	0	0	1	1	0	0	0	0
test833	good location nice hotel with extreme friendly staff	test	0	0	1	1	0	0	0	1
test834	the staff was big help to reserve several tours for us as explaining where to go in amsterdam without feeling tourist our room was clean and comfortable with television telephone and in the bathroom bath toilet sink hair and shower gel and hairdryer at	test	0	0	0	0	0	0	1	1
test835	the hotel bar you could use the internet service at any time	test	1	0	0	0	0	0	0	0
test836	breakfast was good with different choices and we could come in to the hotel at anytime of the day or night because of the day and night receptionists	test	0	1	0	0	0	0	0	1
test837	we were very happy to stay at the aalders hotel and will return for sure to this hotel when we are back in amsterdam	test	0	0	1	0	0	0	0	0
test838	lovely hotel	test	0	0	1	0	0	0	0	0
test839	we stayed here the th feb just for one night and really enjoyed it	test	0	0	1	0	0	0	0	0
test840	we were upgraded on arrival to superior room which was lovely	test	0	0	0	0	0	0	1	0
test841	its only couple of minutes walk from the tube station	test	0	0	0	1	0	0	0	0
test842	the hotel is lovely and modern and the breakfast buffet was nice too	test	0	1	1	0	0	0	0	0
test843	would deffinately stay here again and recommend to others	test	0	0	1	0	0	0	0	0
test844	classy hotel classy hotel in classy part of barcelona near to all the sights bit of walk to las ramblas so bit further away from the party scene	test	0	0	1	0	0	0	0	0
test845	very helpful staff rooms very tastefully decorated with nice bathrooms	test	0	0	0	0	0	0	1	1
test846	turn down service and pillow menu	test	0	0	0	0	0	0	0	0
test847	some of the rooms do differ considerably in size though maybe ask for larger room also	test	0	0	0	0	0	0	0	0
test848	the rooftop pool is only really aplunge pool but the rooftop is lovley to sit out and have few relaxing drinks breakfast very expensive	test	1	1	0	0	0	0	0	0
test849	great if it weren for the desk staff beds location and cleanliness were excellent	test	0	0	0	1	0	0	1	0
test850	however the front desk screwed up simple kinkos delivery for me and my traveling companion reservation then tried assigning blame on him despite his ability to produce confirmation numbers and dates	test	0	0	0	0	0	0	0	1
test851	all ended well but customer service was amazingly bad	test	0	0	0	0	0	0	0	1
test852	probably fine for tourist travel but be warned that for business travel this is the worst starwood property we ve ever stayed in	test	0	0	1	0	0	0	0	0
test853	beautiful place in very good location stayed here for three nights in june adults and teenagers in the annex rooms second third floor	test	0	0	1	1	0	0	0	0
test854	an absolutely beautiful place clean and new with real venetian decor go to the ca rezzonico museum and see the same style furniture you have in your room	test	0	0	1	0	0	0	0	0
test855	breakfast was very good featuring home made apple croissants	test	0	1	0	0	0	0	0	0
test856	am super light sleeper and on the first night heard noises from the private residence above our room walter and sandro at the front desk contacted owner of the building the next day and immediately resolved the issue they were super nice and helpful	test	0	0	0	0	0	0	0	1
test857	not hard to walk to this hotel from the train station save some money on the overpriced vaporetto tickets and head there on foot	test	0	0	0	1	0	0	0	0
test858	great location but extras missing my family	test	0	0	0	1	0	0	0	0
test859	and stayed here for nights before going to cape cod this hotel is great base for seeing all the sights in boston	test	0	0	0	1	0	0	0	0
test860	our room in the north tower was quiet and comfortable but had some drawbacks bathroom shabby and basic	test	0	0	0	0	0	0	1	0
test861	no refridgerator for kids drinks water	test	0	0	0	0	0	1	0	0
test862	otherwise no complaints and would recommend this hotel	test	0	0	1	0	0	0	0	0
test863	super hotel in great location	test	0	0	1	1	0	0	0	0
test864	friend recommended that use trip advisor to search online for hotels and	test	0	0	0	0	0	0	0	0
test865	so glad did	test	0	0	0	0	0	0	0	0
test866	my original booking for paris hotel showed dismal rating so when this gem of hotel showed up booked it straight away	test	0	0	0	0	0	0	0	0
test867	the hotel was so clean comfortable and quiet	test	0	0	1	0	0	0	0	0
test868	and would definitely stay there again if visit paris in the future	test	0	0	1	0	0	0	0	0
test869	very nice perfect location	test	0	0	1	1	0	0	0	0
test870	the location of the hotel is just perfect	test	0	0	0	1	0	0	0	0
test871	the suites are very nice and compared to other standards not expensive at all	test	0	0	0	0	0	0	1	0
test872	euros	test	0	0	0	0	0	0	0	0
test873	the hotel has very nice restaurant	test	0	1	0	0	0	0	0	0
test874	would go back immediately	test	0	0	1	0	0	0	0	0
test875	why go to venice when you have amsterdam	test	0	0	0	0	0	0	0	0
test876	the ambassade is located on one of the most scenic and quiet canals in amsterdam	test	0	0	0	0	0	0	0	0
test877	although our room was very spacious and located facing the canal we found bench on the corner where we would spend our evenings relaxing and just soaking up the atmosphere before retiring for the evening	test	0	0	0	0	0	0	0	0
test878	the hotel staff was very helpful and very courteous	test	0	0	0	0	0	0	0	0
test879	we would definitely recommend this hotel to anyone visiting amsterdam	test	0	0	0	0	0	0	0	0
test880	very nice we chose to stay at embassy suites for our first night after flying to los angeles as it was very close to the hertz rental site	test	0	0	1	0	0	0	0	0
test881	the staff were very polite and the room was spacious and clean	test	0	0	0	0	0	0	1	1
test882	the in room service food was delicious	test	0	1	0	0	0	0	0	0
test883	all in all an enjoyable place to stay and very convenient to the airport	test	0	0	1	1	0	0	0	0
test884	would be happy to recommend it to anyone and will return there again when we fly to los angeles in the future	test	0	0	1	0	0	0	0	0
test885	great hotel excellent location	test	0	0	1	1	0	0	0	0
test886	we group of stayed at the marina in june on hen weekend and would highly reccomend this hotel	test	0	0	1	0	0	0	0	0
test887	it is clean well kept with minimalist modern decor and the staff are extremely friendly and helpful	test	0	0	0	0	0	0	1	1
test888	the location is also great about minutes walk from the bars at port olympic	test	0	0	0	1	0	0	0	0
test889	the pool area is quite small so if that is priority for you it may not be ideal but as we didn have time for sunbathing that was no issue	test	1	0	0	0	0	0	0	0
test890	fine but pricey stayed here for long weekend nice hotel and obviously can beat the location	test	0	0	1	1	0	0	0	0
test891	we were in the castle club which is worth the extra money	test	0	0	0	0	0	0	0	0
test892	as had character breakfasts every morning that way you can gets lots of photos and avoid eating in the hotel for lunch and dinner had the buffet at the inventions restaurant one night which was awful go up to the disney village if you want to eat something decent for half the price there is planet hollywood and few other acceptable chains in the village good standard of room but od on the air freshner very comfy beds staff	test	0	1	0	0	0	0	1	0
test893	were	test	0	0	0	0	0	0	0	0
test894	fine kids loved the weekend though which is the whole point still considering the cost could make better effort to feed the grown ups	test	0	0	0	0	0	0	0	1
test895	friendly helpful staff this hotel is located near moulen rouge with small but adequate rooms	test	0	0	0	1	0	0	1	1
test896	the staff were very helpful even the manager offered to allow us to leave our big luggage there for small trip to london	test	0	0	0	0	0	0	0	1
test897	also all staf spoke english which was big plus	test	0	0	0	0	0	0	0	1
test898	in fact the only reason would return to paris is because of the great service we got at the hotel and the pub next door everywhere else seemed unfriendly and offered little help	test	0	0	0	0	0	0	0	1
test899	small tip	test	0	0	0	0	0	0	0	0
test900	the breakfast is not included it quite expensive at euros	test	0	1	0	0	0	0	0	0
test901	wonderful place to stay	test	0	0	0	0	0	0	0	0
test902	we were two women older traveling alone	test	0	0	0	0	0	0	0	0
test903	we can not say enough good things about this hotel	test	0	0	0	0	0	0	0	0
test904	it was very clean safe area easy access to public transportation the staff was wonderful	test	0	0	0	0	0	0	0	0
test905	we were there to	test	0	0	0	0	0	0	0	0
test906	very nice very nice hotel and very clean	test	0	0	1	0	0	0	0	0
test907	the staff are extremely friendly	test	0	0	0	0	0	0	0	1
test908	would highly recommend to other couples and kids	test	0	0	1	0	0	0	0	0
test909	the pool is brilliant with plenty to do for kids and plenty of pool activities	test	1	0	0	0	1	0	0	0
test910	restaurants are nice too	test	0	1	0	0	0	0	0	0
test912	very nice hotel located in quite area close to the metro station	test	0	0	1	1	0	0	0	0
test913	very helpful staff and great breakfast	test	0	1	0	0	0	0	0	1
test914	the rooms were elegant ant everthing clean	test	0	0	0	0	0	0	1	0
test915	located by very nice park	test	0	0	0	1	0	0	0	0
test916	would recomend to anyone	test	0	0	1	0	0	0	0	0
test917	great rooms	test	0	0	0	0	0	0	0	0
test918	the check in was extremely fast and friendly and we were even given room upgrade which was lovely surprise	test	0	0	0	0	0	0	0	0
test919	there was some building work going on to the outside but other than bit of dust there were no issues with thisthe room itself was immaculately clean and had very contemporary and well thought out feel	test	0	0	0	0	0	0	0	0
test920	the rain shower was lovely and the bed was extremely comfortablethe location was great with easy walking access to all the major parts of the city	test	0	0	0	0	0	0	0	0
test921	would definately stay here agai	test	0	0	0	0	0	0	0	0
test922	lovely hotel really enjoyed our weekend in this hotel	test	0	0	1	0	0	0	0	0
test923	read some other reports and decided not to stay in centre of amsterdam	test	0	0	0	0	0	0	0	0
test924	train station was next door and took very little time to get into amsterdam	test	0	0	0	1	0	0	0	0
test925	hired bikes outside hotel on our last day and had terrific time cycling all around zaandam check out the lovely restaurants in zaandam ma romsey hampshir	test	0	0	0	0	0	0	0	0
test927	stayed in residence foch for valentines day in feb location	test	0	0	0	0	0	0	0	0
test928	was perfect staff were great	test	0	0	0	1	0	0	0	1
test929	room was very small but was perfect for us it had all we needed including minibar and very nice bathroom	test	0	0	0	0	0	1	1	0
test930	we stayed for three nights in total it may be bit small for people on longer stay week as mentioned in other reviews it have more of bb feel than hotel feel so if you are looking for somewhere more like hotel then would look elsewhere	test	0	0	0	0	0	0	1	0
test931	would definetely recommend residence foch the area was perfect literally max ten mins walk from the arc de troimph lovely safe area	test	0	0	1	1	0	0	0	0
test932	the phoenix is fun and comfortable	test	0	0	0	0	0	0	0	0
test933	my wife and have stayed at the phoenix some ten times in the past four years with and without our kids	test	0	0	0	0	0	0	0	0
test934	we like its quirky clean rooms friendly employees and proximity to our favorite restaurants and live music venues	test	0	0	0	0	0	0	0	0
test935	the neighborhood is indeed sketchy but we never have problems getting taxi cabs either through the front desk or by simply standing on the corner outside the hotel	test	0	0	0	0	0	0	0	0
test936	the parking is convenient bonus right in front of the hotel where it should be	test	0	0	0	0	0	0	0	0
test937	great hotel ok location	test	0	0	1	1	0	0	0	0
test938	the rooms were lovely and the breakfast great	test	0	1	0	0	0	0	1	0
test939	convenient location for getting around barcelona on foot	test	0	0	0	1	0	0	0	0
test940	the negatives were	test	0	0	0	0	0	0	0	0
test941	being woken up in the early hours by the lorries delivering to the adjacent market	test	0	0	0	0	0	0	1	0
test942	being given incorrect information about finding the bus to the airport which resulted in stress at the end of the good value hotel with lovely features	test	0	0	1	0	0	0	0	0
test943	nice hotel no elevator we stayed at this hotel for three nights	test	1	0	1	0	0	0	0	0
test944	the staff was great family run operation and they seemed genuinely concerned about our stay	test	0	0	0	0	0	0	0	1
test945	there is no elevator and we had room on the rd floor which was lot of steps	test	1	0	0	0	0	0	0	0
test946	breafast was included and was nice	test	0	1	0	0	0	0	0	0
test947	the room itself was nice large restroom and even desk if you need to set up computer	test	0	0	0	0	0	1	1	0
test948	good airport hotel nice hotel close to the airport	test	0	0	1	1	0	0	0	0
test949	our room was on the top floor and was non smoking room that was still little stuffy smokey	test	0	0	1	0	0	0	0	0
test950	stayed at this location about years ago for the first time	test	0	0	0	1	0	0	0	0
test951	overall this hotel has been well managed maintained over the past years	test	0	0	0	0	0	0	0	0
test952	would recommend it if you have late arrival or early departure	test	0	0	1	0	0	0	0	0
test953	it also has nice breakfas	test	0	1	0	0	0	0	0	0
test954	outstanding this hotel is beautiful	test	0	0	0	0	0	0	0	0
test955	wonderful classical chinese furniture and the friendliest hotel staff have ever encountered	test	0	0	0	0	0	0	0	0
test956	cannot recommend this hotel more highly	test	0	0	0	0	0	0	0	0
test957	the hot water is bit slow but that was the only problem	test	0	0	0	0	0	0	0	0
test958	obviously due to its converted courtyard house nature this hotel is far more suitable for romantic holiday than business stay	test	0	0	0	0	0	0	0	0
test959	wonderfully comfortable we stayed for three nights april	test	0	0	1	0	0	0	0	0
test960	the room was very spacious and comfortable in every way	test	0	0	0	0	0	0	1	0
test961	enormous choice at the huge buffet breakfast and the best pool sauna health club we had ever used	test	1	1	0	0	0	0	0	0
test962	near all the sights if little qiet at night	test	0	0	0	0	0	0	0	0
test963	but all in all luxurious place to stayin great location	test	0	0	1	1	0	0	0	0
test964	di fronte	test	0	0	0	0	0	0	0	0
test965	all hotel	test	0	0	0	0	0	0	0	0
test968	tradeoffs	test	0	0	1	0	0	0	0	0
test969	this location has huge tradeoffs	test	0	0	0	1	0	0	0	0
test970	the good news is that this is convenient tourist area with amusing sights such as street performers	test	0	0	0	1	0	0	0	0
test971	the bad news is that the area also attracts activity such as pickpockets and other mischief	test	0	0	0	0	0	0	0	0
test972	factor that risk into your decision whether to stay near las ramblas	test	0	0	0	0	0	0	0	0
test973	dull	test	0	0	1	0	0	0	0	0
test974	this hotel is standard business hotel	test	0	0	1	0	0	0	0	0
test975	it in fairly dull location the rooms are spacious and clean but there is nothing to get excited about at all	test	0	0	0	1	0	0	1	0
test976	the hotel staff when we stayed there were extremely helpful and friendly and added to the hotel but as hotels go it good value for money but dull	test	0	0	1	0	0	0	0	1
test977	pretty good not much activity inside the hotel except for salsa bandsthe hotel is mins away from the major malls and old san juan	test	0	0	1	1	0	0	0	0
test978	the bell boys were terrific staff polite and friendlybuffet breakfast was	test	0	1	0	0	0	0	0	1
test979	good pools were nice gym was basic internet was fast enough	test	1	0	0	0	0	0	0	0
test980	clean spaious rooms just wish the rates were cheaper there is only one restaurant in the hotel and its not the greatest but its ok	test	1	0	1	0	0	0	1	0
test981	wear	test	0	0	0	0	0	0	0	0
test982	comfortable shoes had great stay at this hotel great service comfortable bed good location for all of our sightseeing needs	test	0	0	1	1	0	0	1	1
test983	wherever you stay in new york make sure you bring some comfortable shoes for walking	test	0	0	0	0	0	0	0	0
test984	my feet were killing me after day pounding the pavements	test	0	0	0	0	0	0	0	0
test985	the concierge at this hotel was so kind to give me advice about finding comfortable shoes he ponted me to great website where have since found comfortable walking shoes	test	0	0	0	0	0	0	0	1
test986	affordably elegant	test	0	0	1	0	0	0	0	0
test987	if you don need an elevator this is wonderful find in the queen anne district near seattle center	test	0	0	0	0	0	0	0	0
test988	my room on the third floor was enormous with separate well stocked kitchen and eating nook living area with large couch and recessed king sized bed all very elegant and comfortable	test	0	0	0	0	0	1	1	0
test990	seriously lacking this particular four seasons property was absolutely forgettable	test	0	0	1	0	0	0	0	0
test991	from the moment we pulled up the service was way below expectation sitting in the car with the luggage for several minutes no bellhop and having to re circle	test	0	0	0	0	0	0	0	1
test992	the property to get help with the bags to the missed wake up call to waiting for minutes for coctail server to approach our table in the lounge	test	0	0	0	0	0	0	0	1
test993	everything seemed to be bit off	test	0	0	1	0	0	0	0	0
test994	the saving grace of this hotel aside from the great location would be front desk management team	test	0	0	0	1	0	0	0	1
test995	they were overall very professional and super courteous	test	0	0	0	0	0	0	0	1
test996	beautiful hotel in the middle of tokyo	test	0	0	1	0	0	0	0	0
test997	after staying in the akasaka excel hotel we moved to the prince because it was cheaper and are we glad we did	test	0	0	1	0	0	0	0	0
test998	the prince is beautiful hotel with big modern rooms some with panaoramic view of tokyo	test	0	0	1	0	0	0	1	0
test999	the service was also excellent and the price was excellent	test	0	0	1	0	0	0	0	1
test1000	we never ate there as there are many local dining options just down the street	test	0	0	0	1	0	0	0	0
test1002	good choice stayed here for one night while visiting family	test	0	0	1	0	0	0	0	0
test1003	the room was small but clean and comfortable with good range of toiletries etc	test	0	0	0	0	0	1	1	0
test1004	prior to our stay we had made some requests and the hotel had fulfilled these and we found the staff were all very pleasant and helpful	test	0	0	0	0	0	0	0	1
test1005	the breakfast was also excellent with plenty of choice and fresh foods used	test	0	1	0	0	0	0	0	0
test1006	would certainly stay here again when next in london	test	0	0	1	0	0	0	0	0
test1007	fast lifts	test	1	0	0	0	0	0	0	0
test1008	this is smart hotel with slow checking in service	test	0	0	1	0	0	0	0	1
test1009	close to macy for shopping	test	0	0	0	1	0	0	0	0
test1010	we had room with two double beds but the beds were very small for double beds	test	0	0	0	0	0	0	1	0
test1011	the hotel is used by lots of airline staff and the information desk was very helpfull for maps and sightseeing info	test	0	0	0	0	0	0	0	1
test1012	highly recommend coutyard marriott downtwon san francisco excellent location renovated rooms clean good value except parking at about day	test	1	0	1	1	0	0	1	0
test1013	but san francisco parking is expensive everywhere	test	0	0	0	0	0	0	0	0
test1014	car rentals are expensive but airport taxi is even more	test	0	0	0	0	0	0	0	0
test1015	there are number of restaurants in walking distance	test	0	0	0	1	0	0	0	0
test1016	perfect for short break in paris	test	0	0	1	0	0	0	0	0
test1017	charming small hotel in an excellent position directly opposite the pantheon	test	0	0	1	1	0	0	0	0
test1018	we greatly enjoyed our two nights here	test	0	0	1	0	0	0	0	0
test1019	the staff were very helpful and the room small but immaculate	test	0	0	0	0	0	0	1	1
test1020	every aspect of the hotel and service was well above average	test	0	0	1	0	0	0	0	1
test1021	such elegance	test	0	0	0	0	0	0	0	0
test1022	loved the kimberly	test	0	0	1	0	0	0	0	0
test1023	it small as hotels go but never felt claustrophobic in it and especially not in my room	test	0	0	0	0	0	0	1	0
test1024	the parlor was comfortable the kitchen surprisingly complete and the bedroom was quite spacious with an awesome bed	test	1	0	0	0	0	1	1	0
test1025	the staff was delightful especially the doorman an older african american man who was quick with smile and never ever gave me the feeling he was looking for tip which made me tip him more it conveniently located to many midtown attractions and also the subway at st and lexington	test	0	0	0	1	0	0	0	1
test1026	would definitely stay here again but word to the wise make sure you get your car out of the garage within hour time period or they will charge you for an extra day even if you re only minute or two late	test	0	0	1	0	0	0	0	0
test1027	absolute rip off pretty good by the book for the star rateing except the howard johnson part	test	0	0	1	0	0	0	0	0
test1028	was charged more for an international call that lasted barely minute to australia by the howard johnson organisation than paid for the room	test	1	0	0	0	0	0	0	0
test1029	beware local calls dialed through the hotel system are very inexpensive but by the telephone in the room are instructions to make international calls useing your credit card	test	0	0	0	0	0	0	0	0
test1030	did this the conections are made thru us thru the howard johnson org	test	0	0	0	0	0	0	0	0
test1031	and that as far as concerned is rip off	test	0	0	1	0	0	0	0	0
test1032	hoped for more went on orbitz com to book the hotel and was quite excited after reading the reviews and seeing pictures of the hotel	test	0	0	1	0	0	0	0	0
test1033	arrival and check in was breeze	test	0	0	0	0	0	0	0	0
test1034	but the room was not what expected	test	0	0	0	0	0	0	1	0
test1035	the bed was terribly uncomfortable the room was small and the view was terrible	test	0	0	0	0	0	0	1	0
test1036	it very close to the action but next time will spend couple extra bucks to stay somewhere	test	0	0	0	1	0	0	0	0
test1037	know will enjoy	test	0	0	0	0	0	0	0	0
test1038	top notch service	test	0	0	0	0	0	0	0	1
test1039	stayed at the windsor court for three nights while in nola for work	test	0	0	0	0	0	0	0	0
test1040	was sick one day and the kitchen staff went the extra mile to make sure had fresh chicken soup and asprin	test	0	1	0	0	0	0	0	1
test1041	every single employee seemed to go above beyond	test	0	0	0	0	0	0	0	1
test1042	especially enjoyed the friendly staff at the polo lounge	test	0	0	0	0	0	0	0	1
test1043	wonderful benefits was thrilled when called seattle pacific hotel and was given fantastic weekly rate	test	0	0	1	0	0	0	0	0
test1044	during my stay all personnel were always responsive to my needs	test	0	0	0	0	0	0	0	1
test1045	had very late flight out of seattle the day left and was allowed to stay longer in my room with no extra charge	test	0	0	0	0	0	0	0	1
test1046	all the people at the hotel were very accommodating	test	0	0	0	0	0	0	0	1
test1048	lucy wrigh	test	0	0	0	0	0	0	0	0
test1049	bravo	test	0	0	0	0	0	0	0	0
test1050	we could not have been more pleased with the warm reception and excellent service provided at hotel casci	test	0	0	0	0	0	0	0	1
test1051	the rooms were well appointed and clean the bathrooms were nice size	test	0	0	0	0	0	0	1	0
test1052	the owners and staff were very knowledgeable about the area went out of their way to make us feel comfortable	test	0	0	0	0	0	0	0	1
test1054	good location comfy beds rooms were great although the bedroom area was little on the small side the bathrooms and comfortable beds really made up for this	test	0	0	0	1	0	0	1	0
test1055	all sights within easy walking distance mins walk to the flower market and mins to museumplein	test	0	0	0	1	0	0	0	0
test1056	near to metro trams and canalbus stops	test	0	0	0	0	0	0	0	0
test1057	just round the corner from the hotel is utrechtsestraat which contains some of the best restaurants in amsterdam	test	0	0	0	0	0	0	0	0
test1058	during our stay there was lot of unexpected construction work both to us and the hotel which the hotel kindly compensated us for	test	0	0	0	0	0	0	0	0
test1060	watertown hotel amazing	test	0	0	1	0	0	0	0	0
test1061	this place is dream we had great spacious room	test	0	0	1	0	0	0	1	0
test1062	there funky modern upbeat feeling to the lobby and all of the public spaces	test	0	0	1	0	0	0	0	0
test1063	the price includes parking and breakfast and there is free winetasting every evening	test	0	1	1	0	0	0	0	0
test1064	the only downside is that the neighborhood is little unsavory after dark	test	0	0	0	1	0	0	0	0
test1065	but if you have your own car you can drive directly into the hotel underground parking	test	0	0	0	0	0	0	0	0
test1066	walk to everything read the reviews on this hotel after had booked	test	0	0	0	1	0	0	0	0
test1067	then started to worry about where was staying but it was all good the rooms are tired and bathrooms need renovating	test	0	0	0	0	0	0	1	0
test1068	but you are hardly ever in your room	test	0	0	0	0	0	0	0	0
test1069	we had partial ocean view on the th floor	test	0	0	0	0	0	0	0	0
test1070	it was very relaxing good buffet breakfast included and so close to everything	test	0	1	0	0	0	0	0	0
test1071	would deffinately stay there again from what hear most of the hotels need good overhaul in hawaii dont worry about staying there you will have great time	test	0	0	1	0	0	0	0	0
test1072	very good time returned first trip there	test	0	0	0	0	0	0	0	0
test1073	apparently less crowded than the week before	test	0	0	0	0	0	0	0	0
test1074	we had very good service all around	test	0	0	0	0	0	0	0	1
test1075	also discovered one of the few people in the caribbean who can remove cork from the inside of an empty wine bottle he is luis the maitre at le gourmet one of the reservation only restaurants	test	0	0	0	0	0	0	0	0
test1076	if you go there make it point to see him	test	0	0	0	0	0	0	0	0
test1077	great hotel just returned from wonderful day trip to paris	test	0	0	1	0	0	0	0	0
test1078	our hotel relais bosquet was great	test	0	0	1	0	0	0	0	0
test1079	room was lovely and clean with wonderful view of the eiffel tower	test	0	0	0	0	0	0	1	0
test1080	both gerard and frederika were most helpful with any questions we had	test	0	0	0	0	0	0	0	1
test1081	very well appointed rooms with everything you need quiet and peaceful minutes to metro station and of course rue cler	test	0	0	0	1	0	0	1	0
test1083	wow	test	0	0	0	0	0	0	0	0
test1084	loved the westin	test	0	0	1	0	0	0	0	0
test1085	if you are staying in beijing the brand new westin is the way to go	test	0	0	1	0	0	0	0	0
test1086	very convenient to the metro and all of the attractions	test	0	0	0	1	0	0	0	0
test1087	spa was awesome as were the restaurants inside the hotel which by the way were not overpriced	test	1	0	0	0	0	0	0	0
test1088	amazing views and jazz club	test	0	0	0	0	0	0	0	0
test1089	we spent nights in the above	test	0	0	0	0	0	0	0	0
test1090	our room was very large with bedroom and lounge	test	0	0	0	0	0	0	1	0
test1091	it would of slept people the	test	0	0	0	0	0	0	0	0
test1092	views over the river charles were wonderful the staff first rate and helpful for such large hotel	test	0	0	0	0	0	0	0	1
test1093	scullers jazz club was located in the hotel and is great place to hear live jazz at reasonable pric	test	0	0	1	0	0	0	0	0
test1094	rown was just fine	test	0	0	0	0	0	0	0	0
test1095	the crown plaza was very nice	test	0	0	1	0	0	0	0	0
test1096	it was perfect for an overnight stay before our cruise	test	0	0	1	0	0	0	0	0
test1097	we had no problems and they did not change for parking	test	1	0	0	0	0	0	0	0
test1098	would certainly stay there again	test	0	0	1	0	0	0	0	0
test1099	very nice hotel	test	0	0	1	0	0	0	0	0
test1100	this is modern and stylish hotel in great location in central barcelona	test	0	0	1	1	0	0	0	0
test1101	the rooms are generous size and decor leans toward minimalist and modern clean lines	test	0	0	0	0	0	1	1	0
test1102	the rooms are quite reasonably priced considering the surroundings although drinks in the bar are very expensive by local standards	test	0	1	0	0	0	0	1	0
test1103	stay here again happily	test	0	0	1	0	0	0	0	0
test1104	really lovely hotel in lovely district close to all hotel monge was lovely place to stay really great value for long weekend to celebrate our first wedding anniversary	test	0	0	1	0	0	0	0	0
test1105	staff were very helpful location amazing and metro so close although notre dame and latin quarter was only minutes walk	test	0	0	0	1	0	0	0	1
test1106	mouffetard was lovely district up very closeby with great bars and restaurants we loved nights morrocan bar with hooker pipes and avocado milk shakes	test	0	0	0	0	0	0	0	0
test1107	the market at mouffetard on sunday was gorgeous cheese meat fish coffee veg chocs baked goods	test	0	0	0	0	0	0	0	0
test1108	etcetcetcany way this was by far the best value stay in paris and saw some gorgeus quieter quarters as well as the main sights	test	0	0	1	0	0	0	0	0
test1109	great experience	test	0	0	1	0	0	0	0	0
test1110	my family had lovely stay at this hotel	test	0	0	1	0	0	0	0	0
test1111	from the warm welcome from pierpaolo to paolo鈥檚 recommendations for family friendly sights to the cup of hot chocolate that was kept full for my son at breakfast鈥 was great experience	test	0	1	0	0	0	0	0	1
test1112	close to everything we wanted to do and close enough to the train station for my family to walk	test	0	0	0	1	0	0	0	0
test1113	their graciousness helped make our family鈥檚 visit to florence special	test	0	0	0	0	0	0	0	0
test1114	great place to stay we stayed at the seattle sheraton nights from july st	test	0	0	1	0	0	0	0	0
test1115	that was the second time we ve stayed at the sheraton and like the first time we enjoyed our stay very much	test	0	0	1	0	0	0	0	0
test1116	the only thing was that it is under renovation so it was little inconvenient	test	0	0	1	0	0	0	0	0
test1117	but it was still great stay	test	0	0	0	0	0	0	0	0
test1118	the rooms were very nice and the staff were very nice and helpful	test	0	0	0	0	0	0	1	1
test1119	if we went back to seattle we would definitely stay at the sheraton	test	0	0	1	0	0	0	0	0
test1120	great stay stayed here for week in june and thoroughly enjoyed my stay	test	0	0	1	0	0	0	0	0
test1121	for an airport hotel it was surprisingly quiet rooms were extremely comfortable and well prepared and the staff were all extremely helpful and courteous	test	0	0	1	0	0	0	1	1
test1122	the only drawback was that the restaurant was little on the pricey side for breakfast but there are many places nearby to eat	test	0	1	0	0	0	0	0	0
test1123	great hotel that would happily stay again in	test	0	0	1	0	0	0	0	0
test1125	the borgmann villa backs on to amsterdams beautiful vondel park and room with view is great its min walk to the museum and leidseplein the tram is min away breakfast at cafe vertigo in voldel park is worth the trouble	test	0	0	0	1	0	0	1	0
test1126	some single rooms are small but only slept there	test	0	0	0	0	0	0	1	0
test1127	so it was fine	test	0	0	0	0	0	0	0	0
test1128	thought it was good value and the location was great the staff very very helpful they even loaned me bike and its quiet after busy day	test	0	0	1	1	0	0	0	1
test1129	will stay there again	test	0	0	1	0	0	0	0	0
test1130	great find we just returned from spain and stayed at the plaza mayor while we were in madrid	test	0	0	0	0	0	0	0	0
test1131	the staff were friendly and helpful the rooms were clean and cute and the breakfast was excellent	test	0	0	0	0	0	0	0	0
test1132	what more do you want	test	0	0	0	0	0	0	0	0
test1133	we definitely stay there again	test	0	0	0	0	0	0	0	0
test1134	nice hotel great price for ny stayed in the sofitel june	test	0	0	1	0	0	0	0	0
test1135	the sofitel is in very good location one block from times square	test	0	0	0	1	0	0	0	0
test1136	the rates are very good try expedia or their website	test	0	0	1	0	0	0	0	0
test1137	the room had very comfortable queen bed with turndown service and nice bathrobe	test	0	0	0	0	0	1	1	1
test1138	the bathroom was large and clean with good toiletries	test	0	0	0	0	0	1	1	0
test1139	plan to stay here again on my return trips to ny	test	0	0	1	0	0	0	0	0
test1140	excellent property this property is well above average	test	0	0	1	0	0	0	0	0
test1141	the staff are extremely helpfull	test	0	0	0	0	0	0	0	1
test1142	the location is very convenient	test	0	0	0	1	0	0	0	0
test1143	the restaurant is very good	test	1	0	0	0	0	0	0	0
test1144	the property is smaller than the other local major chains and affords more personal attention to your stay	test	0	0	1	0	0	0	0	0
test1145	although the rooms are smaller this property and its staff make up for the shortcome	test	0	0	1	0	0	0	1	1
test1146	it is what it is having seen some of these reviews had to coment yes its not five star hotel	test	0	0	1	0	0	0	0	0
test1147	but then it dosnt claim to be and the pool will certainly leave you amazed if not happy but hey you pay fraction what you would pay in the hilton village and you can easily walk there and spend all your day there on the best stretch of beach in waikiki all in all this hotel is what it says it is great base to explore waikiki from clean friendy and reasonably priced	test	1	0	1	1	0	0	0	0
test1148	loved the hotel truly grand dame in boston	test	0	0	1	0	0	0	0	0
test1149	hotel is clean staff is professional they call you by last name when you check your car	test	0	0	1	0	0	0	0	1
test1150	gracious attentive spectacular bathrooms guestrooms	test	0	0	0	0	0	0	1	0
test1151	all housekeeping are gracious and attentive	test	0	0	0	0	0	0	0	1
test1152	this is my third time visiting this fine hotel	test	0	0	0	0	0	0	0	0
test1153	great stay stayed here for nights in september and found the hotel lovely	test	0	0	0	0	0	0	0	0
test1154	we had big room which was clean and had good air conditioning	test	0	0	0	0	0	0	0	0
test1155	free shuttle bus was great to city centre even though its only about minute walk not great area to be walking through late at night	test	0	0	0	0	0	0	0	0
test1157	so	test	0	0	0	0	0	0	0	0
test1160	smalle cafe bar jordaan	test	0	0	0	0	0	0	0	0
test1161	it dutch it good	test	0	0	1	0	0	0	0	0
test1162	excellent service at cost good location on side road of orchard road but not necessarily the best location as orchard road is like oxford st in london busy and full of tourists	test	0	0	0	1	0	0	0	1
test1163	the service was amazing using your name when you check in giving you butler etc	test	0	0	0	0	0	0	0	1
test1164	rooms are excellent well appointed and descent size pure luxury	test	0	0	0	0	0	0	1	0
test1165	concierge and all the staff very helpful however did find the cost of drinks little on the steep side as was breakfast	test	0	1	0	0	0	0	0	1
test1166	pool little disappointing more of large plunge pool	test	1	0	0	0	0	0	0	0
test1167	jury boston beautiful hotel lovely rooms but for per night they should be	test	0	0	1	0	0	0	1	0
test1168	only complaint was the food	test	0	0	0	0	1	0	0	0
test1169	bar food expensive and not very good	test	0	1	0	0	0	0	0	0
test1170	for breakfast recommend au bon pain	test	0	0	0	0	0	0	0	0
test1171	minutes walk from the the hotel and excellent and extensive and cheap menu	test	0	0	0	0	0	0	0	0
test1172	small friendly hotel	test	0	0	0	0	0	0	0	0
test1173	the staff in this hotel were very friendly and helpful	test	0	0	0	0	0	0	0	1
test1174	the bedroom was big enough for the few days we were there	test	0	0	0	0	0	0	1	0
test1175	we had breakfast mornings which was good value for money	test	0	1	0	0	0	0	0	0
test1176	thought overall the hotel was excellent value for money in good location and would return to this hotel if visited barcelona again	test	0	0	1	1	0	0	0	0
test1177	mother day weekend	test	0	0	0	0	0	0	0	0
test1178	considering the price of night priceline it was great stay	test	0	0	1	0	0	0	0	0
test1179	we had rooms all with beds at this rate	test	0	0	1	0	0	0	0	0
test1180	and it our rd year in row winning this hotel	test	0	0	0	0	0	0	0	0
test1181	we use the parking lot just outside the hotel for overnight parking night love the coffee shop for quick snack or breakfast and haven had issues the staff service or anything	test	0	0	0	0	0	0	0	1
test1182	excellent location and view	test	0	0	0	1	0	0	0	0
test1183	was very pleasantly surprised by the hotel location new decorum view from our st level room and complementary breakfast in the early morning before our tour	test	0	1	0	1	0	0	0	0
test1184	haven visited waikiki beach in decades and this overnight was great way to end our week in hawaii	test	0	0	0	0	0	0	0	0
test1185	stacey and agnes at the expedia desk were extremely helpful booking	test	0	0	0	0	0	0	0	1
test1186	pearl harbor tour and last minute shuttle to the airport	test	0	0	0	0	0	0	0	0
test1187	great styling great styled hotel	test	0	0	1	0	0	0	0	0
test1188	got good deal on the internet for the room with breakfast	test	0	0	1	0	0	0	0	0
test1189	breakfast restaurant were good	test	0	1	0	0	0	0	0	0
test1190	prices at bar were high ml of water door closers are bit fierce and there were regular lod bangs from doors closing didn stop us sleeping though very close to tower hill tube and easy to get into the city centre	test	0	1	0	1	0	0	0	1
test1191	very close to tower of london and tower bridge	test	0	0	0	1	0	0	0	0
test1192	da wurde ich	test	0	0	0	0	0	0	0	0
test1194	verlauf der jahre gerne stammgast	test	0	0	0	0	0	0	0	0
test1196	lose to convention center about blocks to convention center	test	0	0	0	0	0	0	0	0
test1197	stay here on business if main purpose is convention center	test	0	0	0	0	0	0	0	0
test1198	wouldn stay here for vacation	test	0	0	0	0	0	0	0	0
test1199	not in very good area not close to any restaurants	test	0	0	0	1	0	0	0	0
test1200	walls are very thin	test	0	0	0	0	0	0	1	0
test1201	rooms are clean	test	0	0	0	0	0	0	1	0
test1202	fabulous we stayed at the fantastic raddisson sas berlin over the new year and it simply one of the best hotels ve ever stayed in	test	0	0	1	0	0	0	0	0
test1203	as soon as you walk in the aquarium just stuns you with its beauty and size	test	0	0	0	0	0	0	0	0
test1204	the staff are attentative and polite and the rooms are superb	test	0	0	0	0	0	0	1	1
test1205	the lcd tv really make difference and the room design and the wet room style bathrooms are great	test	0	0	0	0	0	0	1	0
test1206	the spa is also one of the best	test	1	0	0	0	0	0	0	0
test1207	all in all have no hesitation in reccomending this wonderful hotel	test	0	0	1	0	0	0	0	0
test1208	happy again having booked standard room for our second long weekend at ku鈥檇amm we were positively surprised to be given comfort room for the same price	test	0	0	1	0	0	0	1	0
test1209	the young staff was very friendly and helpful again	test	0	0	0	0	0	0	0	1
test1210	when the going gets tough in the breakfast room though the service isn鈥檛 always up to speed	test	0	0	0	0	0	0	0	0
test1211	important for those who like to sleep late	test	0	0	0	0	0	0	0	0
test1212	breakfast till on sunday is nice touch	test	0	0	0	0	0	0	0	0
test1213	we鈥檒l be back	test	0	0	0	0	0	0	0	0
test1214	jewel in the rough internet special rates made this very affordable stay in an expensive area of the country especially since had pets with me	test	1	0	1	0	0	0	0	0
test1215	the staff was friendly and accommodating	test	0	0	0	0	0	0	0	1
test1216	the room was surprisingly clean especially for an older facility	test	0	0	0	0	0	0	1	0
test1217	the hotel is convenient to area highways and very accessible to long beach	test	0	0	0	1	0	0	0	0
test1218	very comfortable beds colourful and clean great little hotel motel that has been turned into very pleasant hotel	test	0	0	0	0	0	0	0	0
test1219	the room was very clean and the bathroom although small was nicely decorated and also clean	test	0	0	0	0	0	0	0	0
test1220	beds very comfortable and good aircon if needed the pool is not large but perfectly adeqhate for refreshing dip after long hour flight from the uk breakfast was fresh pastries and bagels etc with coffee juice and fresh fruit eaten near the pool or back in rooms	test	0	0	0	0	0	0	0	0
test1221	nice relaxed area	test	0	0	0	0	0	0	0	0
test1222	and we walked to fisherman wharf via park and along the side of the bay you can also take bus from nearby	test	0	0	0	0	0	0	0	0
test1223	certainly would recommend this hotel	test	0	0	0	0	0	0	0	0
test1224	great location great location just outside the red light district	test	0	0	0	1	0	0	0	0
test1225	staff are friendly and helpful	test	0	0	0	0	0	0	0	1
test1226	onsite pub has great prices and the free hot breakfast buffet is excellent	test	1	1	0	0	0	0	0	0
test1227	rooms are clean but small and include all amenities	test	0	0	0	0	0	1	1	0
test1228	the hotel is also very close to the train station and all amsterdam attractions	test	0	0	0	1	0	0	0	0
test1229	all round excellence	test	0	0	1	0	0	0	0	0
test1230	we stayed at the embassy suites reforma during january and we loved it	test	0	0	1	0	0	0	0	0
test1231	it had very convenient central location on the beautiful tree lined paseo de la reforma	test	0	0	0	1	0	0	0	0
test1232	the rooms were very comfortable and quite large and we were very impressed with the service staff at the hotel	test	0	0	0	0	0	0	1	1
test1233	were extremely helpful from the concierge to the bell boys	test	0	0	0	0	0	0	0	1
test1234	highly recommend this quiet star	test	0	0	1	0	0	0	0	0
test1235	no more doubt as to where to spend night or two in paris	test	0	0	1	0	0	0	0	0
test1236	this two star hotel is above average well kept well organised honest and forthright	test	0	0	1	0	0	0	0	0
test1237	the hotel team was quick and eager to help with any projects my wife and felt we were respected part of things and paris became accessible and comprehensible for us	test	0	0	0	0	0	0	0	1
test1238	we recommend the hotel monte carlo	test	0	0	1	0	0	0	0	0
test1239	new safe quality hotel in hk for me	test	0	0	1	0	0	0	0	0
test1240	changed hotel in hongkong after having read comments from other tripadvisor visitors	test	0	0	0	0	0	0	0	0
test1241	no regret at all contrarely the best price quality service had since travel to hk years for business make sure you upgrade for the executive club lounge saving early evening drinks and starters for dinner if you want	test	0	0	1	0	0	0	0	1
test1242	but this than much more relaxed and of high value and quality	test	0	0	0	0	0	0	0	0
test1243	used the boardroom for two day meeting just and just more than what you need all perfectly well organized and controlled	test	1	0	0	0	0	0	0	0
test1244	langham place is my new business hotel from now onwards in hongkong did not had the time to explore suroundings but the better can conclude on the hotel and his facilities	test	1	0	1	0	0	0	0	0
test1245	fantastic location we stayed here for one night on the rd leg of our honeymoon and it was fantastic we had suite with little kitchen and lounge and large bedroom	test	0	0	0	1	0	1	1	0
test1246	we were travelling with our year old little girl	test	0	0	0	0	0	0	0	0
test1247	the location was great as it was only min walk to the cn tower which was great	test	0	0	0	1	0	0	0	0
test1248	in the morning we received complementary breakfast which was great and it set us up for the day	test	0	1	0	0	0	0	0	0
test1249	would definatly stay here if we returned to toronto	test	0	0	1	0	0	0	0	0
test1250	good place to stay we stayed at this hotel for days apr	test	0	0	0	0	0	0	0	0
test1252	the price was just right	test	0	0	0	0	0	0	0	0
test1253	just min walk to montgomery or powell st	test	0	0	0	0	0	0	0	0
test1254	the room is very basic	test	0	0	0	0	0	0	0	0
test1255	not too bad having stayed here number of times in the past the hotel is beginning to show wear bit	test	0	0	1	0	0	0	0	0
test1256	staff were pleasant and helpful throughout which is always as have found it	test	0	0	0	0	0	0	0	1
test1257	the room facilities are as you would expect and the rooms are quite spacious from european point of view like this hotel because of it proximity to the central rail station where can get into and out of the airport quickly without relying on taxi or other transport food is of reasonably good standard for breakfast	test	0	1	0	1	0	1	1	0
test1258	the restaurant is highly regarded for it dutch food	test	0	1	0	0	0	0	0	0
test1259	the hotel is close to the nightlife centres without being on top of them dam sq being about mins walk	test	0	0	0	1	0	0	0	0
test1260	great stay we spent nights at the benjamin	test	0	0	1	0	0	0	0	0
test1261	centrally located very nice and clean room	test	0	0	0	1	0	0	1	0
test1262	staff was very friendly and helpful	test	0	0	0	0	0	0	0	1
test1263	highly recommend it	test	0	0	1	0	0	0	0	0
test1264	harming personal service at hotel casci	test	0	0	0	0	0	0	0	1
test1265	the rooms were clean comfortable and lovely to look at	test	0	0	0	0	0	0	1	0
test1266	breakfast was wonderful	test	0	1	0	0	0	0	0	0
test1267	and most of all the staff was thoroughly accomodating and helpful	test	0	0	0	0	0	0	0	1
test1268	three thumbs up	test	0	0	1	0	0	0	0	0
test1269	wonderful vacation	test	0	0	0	0	0	0	0	0
test1270	we stayed for nights in room we got special deal on	test	0	0	0	0	0	0	0	0
test1271	this was beautiful hotel the decor and ambiance was exactly what we were hoping for	test	0	0	1	0	0	0	0	0
test1272	the pool and hot tub area was amazing although we had hardly any time to relax we were so busy touring la	test	1	0	0	0	0	0	0	0
test1274	we also ran into some late night filming of csi right outside the hotel which was great experience	test	0	0	0	0	0	0	0	0
test1275	heart of times square	test	0	0	0	0	0	0	0	0
test1276	brillient loved the hilton	test	0	0	0	0	0	0	0	0
test1277	all the staff were really nice and helpful	test	0	0	0	0	0	0	0	0
test1278	the hotel rooms are really big and the beds	test	0	0	0	0	0	0	0	0
test1279	heaven after all the walking around the big apple will deff stay there again when we visit new york	test	0	0	0	0	0	0	0	0
test1280	plus you feel really really safe as there are handsome mounted police right outside the entrance	test	0	0	0	0	0	0	0	0
test1281	better than expected stayed here for conference located at the hotel	test	0	0	1	0	0	0	0	0
test1282	based on previous reviews wasn quite sure what to expect but was pleasantly suprised	test	0	0	1	0	0	0	0	0
test1283	the room was clean and large nice bathroom dressing room set up	test	0	0	0	0	0	0	1	0
test1284	conference facilities and food were above average	test	1	1	0	0	0	0	0	0
test1285	the staff was very friendly and helpful	test	0	0	0	0	0	0	0	1
test1286	diamond in the ruff	test	0	0	0	0	0	0	0	0
test1287	the chancelor is ideally located seconds away from union square and you can catch the trolley to take you to the trains muni or just walk it its just blocks away	test	0	0	0	1	0	0	0	0
test1288	the rooms are beautiful and cozy	test	0	0	0	0	0	0	1	0
test1289	the staff is amazingly helpful and accomadating	test	0	0	0	0	0	0	0	1
test1290	the weather in sf makes it unnecessary for ac an open window was just enough for us	test	0	0	0	0	0	0	0	0
test1291	and we re from tx where ac is absolutely necessary	test	0	0	0	0	0	0	0	0
test1292	enjoyed	test	0	0	1	0	0	0	0	0
test1293	my stay everything about my stay	test	0	0	0	0	0	0	0	0
test1294	was great	test	0	0	1	0	0	0	0	0
test1295	the staff was helpful and their knowledge of san francisco was excellent	test	0	0	0	0	0	0	0	1
test1296	would highly recommend hotel rex and will stay there again myself	test	0	0	1	0	0	0	0	0
test1297	great gardens and damp rooms absolutely beautiful gardens lovely pool area	test	1	0	0	0	0	0	1	0
test1298	food in indonesian restaurant very poor really don recommend you eat there	test	0	1	0	0	0	0	0	0
test1299	room had very musty smell and was damp	test	0	0	0	0	0	0	1	0
test1300	bathroom small and disappointing	test	0	0	0	0	0	0	1	0
test1301	in summary hotel with beautiful exterior let down by sub standard rooms	test	0	0	1	0	0	0	1	0
test1302	ok but not great given the reviews we were expecting more than the lazy parrot turned out to have to offer	test	0	0	0	0	0	0	0	0
test1303	the room was ok but needed updating and we never did get hot water in the shower	test	0	0	0	0	0	0	0	0
test1304	the smilin joe was closed for remodeling	test	0	0	0	0	0	0	0	0
test1305	they re in the process of building an additional building next door so while the pool was open it really wasn usable	test	0	0	0	0	0	0	0	0
test1306	location is just one feature here	test	0	0	0	1	0	0	0	0
test1307	we had four great days here	test	0	0	0	0	0	0	0	0
test1308	recently location is fantastic given that there is so much within walking distance including stadia and railway station and if it rains which is does here	test	0	0	0	1	0	0	0	0
test1309	transit is free in large zone of downtown	test	0	0	0	0	0	0	0	0
test1310	front desk staff could not have been more helpful and have sense of humour the concierge knew the answers to the questions we had and the room was quiet and clean and comfortable	test	0	0	1	0	0	0	1	1
test1311	we will return	test	0	0	0	0	0	0	0	0
test1312	hotel allessandra was great we just returned from day stay in italy with wonderful evenings spend at the hotel alessandra	test	0	0	1	0	0	0	0	0
test1313	highly recomend this quaint perfectly located hotel	test	0	0	1	1	0	0	0	0
test1314	just blocks from the uffizzi and one block north of the arno the location is perfecto	test	0	0	0	1	0	0	0	0
test1315	more importanly the rooms were spacious and comfortable	test	0	0	0	0	0	0	1	0
test1316	the service stands out as some of the best have experience the staff was very outgoing and knowledgeable with recommendations for meals	test	0	0	0	0	0	0	0	1
test1317	be sure to chat with the delightful and engaging monti his joie de vivre is infectious and he is loads of fun	test	0	0	0	0	0	0	0	0
test1318	never again	test	0	0	1	0	0	0	0	0
test1319	two nights never again	test	0	0	0	0	0	0	0	0
test1320	no aircondition sloppy service unsafe neigborhood extrem noisy hallways doors automatically slam shut could go on and on and on	test	0	0	1	1	0	1	0	1
test1321	do not believe the flood of positive comments posted here funny most of them showed up in the first week of august and are from ca it seems to me the hotel employees had some spare time to post	test	0	0	0	0	0	0	0	0
test1322	there are dozens of better choices in sfo	test	0	0	0	0	0	0	0	0
test1323	awful hotel	test	0	0	1	0	0	0	0	0
test1324	there is no way this is star hotel more like star	test	0	0	1	0	0	0	0	0
test1325	the room was big but dirty walls and horrible lighting	test	0	0	0	0	0	0	1	0
test1326	very noisy and very uninformed staff	test	0	0	1	0	0	0	0	1
test1327	it has completely made me not want to ever stay at radisson hotel again	test	0	0	1	0	0	0	0	0
test1328	sehr gut	test	0	0	0	0	0	0	0	0
test1329	f眉r	test	0	0	0	0	0	0	0	0
test1330	sterne	test	0	0	0	0	0	0	0	0
test1332	great business trip	test	0	0	0	0	0	0	0	0
test1333	last week stayed in the hotel le cirque in new orleans because had an event over there	test	0	0	0	0	0	0	0	0
test1334	it surprised me with the great service and kindness of the staff	test	0	0	0	0	0	0	0	1
test1335	there is one guy who helped us mike he is very nice	test	0	0	0	0	0	0	0	1
test1336	they tell you how to get to places and also the hotel is so clean which is what look for in hotel	test	0	0	1	0	0	0	0	0
test1337	definetely recommend it	test	0	0	1	0	0	0	0	0
test1338	lovely having stayed in the sofitel in new york and thoroughly enjoying it decided to give the london one try and wasn disappointed	test	0	0	1	0	0	0	0	0
test1339	very simply it was lovely concierge helpful and friendlyfront desk friendly and efficientroom absolutely lovely particularly the shower and spotlessly clean	test	0	0	0	0	0	0	1	1
test1340	also really quiet due to very good double glazing	test	0	0	0	0	0	0	1	0
test1341	so between the quietness and the comfortable bed had fantastic night sleep	test	0	0	0	0	0	1	0	0
test1342	bar area friendly	test	1	0	0	0	0	0	0	0
test1343	was slightly worried that they might have been bit pompous but not at all would be delighted to have an opportunity to stay here again	test	0	0	0	0	0	0	0	0
test1344	perfect we have just returned from nights at the apsis atrium palace	test	0	0	1	0	0	0	0	0
test1345	perfect location perfect hotel beautifull rooms we stayed at the front hotel rooms no noise from the gran via street	test	0	0	1	1	0	0	1	0
test1346	very good breakfast for the value book in advance from the hotel website	test	0	1	0	0	0	0	0	0
test1347	so it is only half price euros	test	0	0	0	0	0	0	0	0
test1348	the staff is very nice and the free bottles of water per day are bonus very wellcome barcelona is hot	test	0	1	0	0	0	0	0	1
test1349	nice hotel stayed here last year	test	0	0	0	0	0	0	0	0
test1350	it was very nice hotel in good location	test	0	0	0	0	0	0	0	0
test1351	min walk to the centre	test	0	0	0	0	0	0	0	0
test1352	very nice rooms however did not particularly enjoy barcelona that much	test	0	0	0	0	0	0	0	0
test1353	if you do decide to go then you should consider staying here	test	0	0	0	0	0	0	0	0
test1354	xcellent hotel and city just come back from beijing stayed nights at the crown plaza this is an excellent hotel good location spotless rooms great service especially in the champagne bar	test	0	0	1	1	0	0	0	1
test1355	booked on the hotel website and payed for the room for week an excellent price for this level of hotel	test	0	0	1	0	0	0	0	0
test1356	few tips make sure you get metre taxi from the airport and that the metre is used	test	0	0	0	0	0	0	0	0
test1357	we had no problems with this cost to wangfujing street should be yuan about and takes about mins	test	0	0	0	0	0	0	0	0
test1358	taxi to the great wall yuan that includes waiting for as long as you like we were their about hrs recommend the wall at mutianyu takes about hours to get to	test	0	0	0	0	0	0	0	0
test1359	great resturant is buffalo at houhai lake you will have great time in this fab city	test	0	0	0	0	0	0	0	0
test1360	warm memories of hotel david	test	0	0	0	0	0	0	0	0
test1361	we had very nice stay for christmas at the hotel david in florence italy	test	0	0	0	0	0	0	0	0
test1362	the staff hospitality the warmth of the hotel all decorated for christmas the happy hour next to the fireplace the spacious clean rooms and wonderful freshly baked pastries for breakfast and christmas eve all contributed to very memorable visit to florence	test	0	0	0	0	0	0	0	0
test1363	highly recommend the hotel	test	0	0	0	0	0	0	0	0
test1364	you will be lucky if at the height of the season you manage to book room in this hotel give it rating of excellent for our overall experience	test	0	0	0	0	0	0	0	0
test1365	beware of leaving cash in the gift shop for postage	test	0	0	0	0	0	0	0	0
test1366	very pleasant experience with one exception	test	0	0	1	0	0	0	0	0
test1367	the gift shop stated they out of postage and if would leave cash the stamps would be purchased at the post office and my post cards would be mailed for me	test	0	0	0	0	0	0	0	0
test1368	had number of cards and left the saleslady approximately equivalent of us dollars for the postage	test	0	0	0	0	0	0	0	0
test1369	while cards mailed from other locations across china arrived at their destinations not one of the cards left in the hotel gift shop were ever received	test	0	0	0	0	0	0	0	0
test1370	great location midtown trendy spot great place to stay in midtown manhattan	test	0	0	0	1	0	0	0	0
test1371	excellent rooms friendly staff spacious room compared to other places	test	0	0	0	0	0	0	1	1
test1372	trendy and modern atmosphere fashion magazines in lobby etc	test	0	0	0	0	0	0	0	0
test1373	would definitely stay there in the future	test	0	0	1	0	0	0	0	0
test1374	restaurant koi is great and cellar lounge is hip for dancing late night drinks	test	1	1	0	0	0	0	0	0
test1375	best time of my life me and my girlfriend spent week at the villas and it was beautiful	test	0	0	1	0	0	0	0	0
test1376	we stayed at apt and could not belive how all had to do to beat to the beach was walk down flight of steps	test	0	0	0	1	0	0	0	0
test1377	recomend these villas to anyone who is planning on going to culebra	test	0	0	1	0	0	0	0	0
test1378	air comditioned rooms right on the beach	test	0	0	0	0	0	1	0	0
test1379	what else can you ask for	test	0	0	0	0	0	0	0	0
test1380	excellent stay at casablanca casablanca is the perfect location for those who wish central location and like to walk to get around	test	0	0	1	1	0	0	0	0
test1381	everything was closeby including an off broadway play	test	0	0	0	1	0	0	0	0
test1382	restaurants in the immediate area were great	test	0	0	0	0	0	0	0	0
test1383	the staff at rick cafe and at the front desk were very helpful and extremely enjoyable to spend few minutes chatting with	test	0	0	0	0	0	0	0	1
test1384	we requested quiet room and enjoyed restful sleep every night which we thought amazing because of the close proximity to time square	test	0	0	0	0	0	0	1	0
test1385	great value great location and value of money	test	0	0	1	1	0	0	0	0
test1386	rooms are small but clean	test	0	0	0	0	0	0	1	0
test1387	staff is friendly and helpfull	test	0	0	0	0	0	0	0	1
test1388	the only thing sometimes you can hear your neighbour walking in the room	test	0	0	0	0	0	0	1	0
test1389	but anyway would stay here again	test	0	0	1	0	0	0	0	0
test1390	perfect spot to enjoy paris in the spring nicely renovated hotel in prime location right by the eiffel with bars restaurants and shops all just seconds away	test	0	0	0	0	0	0	0	0
test1391	staff are superb and very helpful and pour generous glass of vin blanc perfect at the end of busy day sightseeing	test	0	0	0	0	0	0	0	0
test1392	rooms are small but very comfortable and bright with all amenities you need	test	0	0	0	0	0	0	0	0
test1393	we only had two days but the location meant we could easily see everything on our hotlist	test	0	0	0	0	0	0	0	0
test1394	would definitely return if staying in paris again	test	0	0	0	0	0	0	0	0
test1396	my wife and just returned from three night stay at the hotel regina in barcelona	test	0	0	0	0	0	0	0	0
test1397	this hotel is highly recommended	test	0	0	1	0	0	0	0	0
test1398	it is very convenient to the main shopping street the room that we had was situated at the front of the hotel it was very comfortable and quiet the staff is friendly and very accommodating making dinner reservations reconfirming air reservations etc	test	0	0	0	1	0	0	1	1
test1399	would definetely stay at this hotel should we make return visit to barcelona	test	0	0	1	0	0	0	0	0
test1400	too expensive but clean and big room	test	0	0	0	0	0	0	1	0
test1401	the hotel is situated right next to dam sqare in quiet area	test	0	0	0	1	0	0	0	0
test1402	location is more than perfect walking distance to the main attractions red light shopping dam bejighoff central station flower market rembrandt picasso don expect the nice treats of eur night hotel	test	0	0	0	1	0	0	0	0
test1403	however the room was quite large around sqm with large bathroom very clean	test	0	0	0	0	0	0	1	0
test1404	good deal stayed at this hotel with my husband as part of bristish airways package	test	0	0	1	0	0	0	0	0
test1405	we had no problems with service	test	0	0	0	0	0	0	0	1
test1406	the accomodations were sufficient	test	0	0	0	0	0	0	1	0
test1407	it was in in great location as far as access to madrid	test	0	0	0	1	0	0	0	0
test1408	would definately stay there again	test	0	0	1	0	0	0	0	0
test1409	brilliant location simple clean efficiant hotel in an ideal location for restaurants and attractions	test	0	0	1	1	0	0	0	0
test1410	metro nearby too	test	0	0	0	1	0	0	0	0
test1411	stayed there with family and also for rugby weekend	test	0	0	0	0	0	0	0	0
test1412	one word of warning	test	0	0	0	0	0	0	0	0
test1413	don go to aarapana indian restaurant nearby	test	0	0	0	0	0	0	0	0
test1414	it was dreadful	test	0	0	0	0	0	0	0	0
test1415	port hole window for bucks we paid for nice room	test	0	0	0	0	0	0	1	0
test1416	we got an ok room big enough but with no window	test	0	0	0	0	0	0	1	0
test1417	when we booked we were told it would be view of the harbour faicng balmain	test	0	0	0	0	0	0	0	0
test1418	sorry we got port hole window and the staff lied about the other rooms	test	0	0	0	0	0	0	0	1
test1419	in the end we had to downgrade to get view no money back we will never go again	test	0	0	1	0	0	0	0	0
test1420	great location for arena great location with train station next door	test	0	0	0	1	0	0	0	0
test1421	check in was pleasant staff	test	0	0	1	0	0	0	0	0
test1422	really nice making us feel really welcome	test	0	0	0	0	0	0	0	1
test1423	room was lovely clean fresh and well presented	test	0	0	0	0	0	0	1	0
test1424	didnt have andy drinks for food at the hotel as we were going to the arena	test	0	1	0	0	0	0	0	0
test1425	check out was quick also and staff again really warm again	test	0	0	0	0	0	0	0	1
test1426	great location clean with helpful staff we booked for nights in mid september as we had previously stayed here years ago	test	0	0	1	1	0	0	0	1
test1427	since then the hotel has been given face lift	test	0	0	1	0	0	0	0	0
test1428	the rates were higher than normal we booked through nl hotel booking site online due to big conference taking place during the week but even though they were all busy the staff were helpful and friendly	test	0	0	1	0	0	0	0	1
test1429	for an extra euros night you can upgrade on arrival to superior room euros for deluxe which is well worth doing if you can	test	0	0	0	0	0	0	0	0
test1430	we asked for room at the front and found it was well sound proofed even though you had the trams and nightlife til late	test	0	0	0	0	0	0	1	0
test1431	paper thin walls stayed at the stamford on sat after dropping brother at airport reception was friendly enough but room seems dated even after reno and beds are hard and pillows terrible	test	0	0	0	0	0	0	0	0
test1432	the worst thing was the noise from the adjoining room which started at at night till at least am rang reception and asked if they could do something about it which involved knocking on the door and being told by guests next door to off and then giving up was offered another room	test	0	0	0	0	0	0	0	0
test1433	but as my year old daughter had just gone to sleep after hours of being kept awake by the noise couldn see the point asked again for them to do something about the noise and the rang them and no change	test	0	0	0	0	0	0	0	0
test1434	rang again at in the morning to be told there was nothing they could do about it and to see the duty manager in the morning next morning at check out after no sleep asked for the duty manager and told him my concerns his reply was to offer free parking at value of dollars laughed as thought he was joking after paying good money for no sleep	test	0	0	0	0	0	0	0	0
test1435	he said the best he could offer was free breakfast in there restaraunt which is about what soggy cold bacon and sloppy eggs are worth for anyone wanting to stay at decent hotel at the airport pick the holiday inn	test	0	0	0	0	0	0	0	0
test1436	at least you might get nights sleep	test	0	0	0	0	0	0	0	0
test1437	great little boutique hotel	test	0	0	1	0	0	0	0	0
test1438	the hotel londra is beautiful little hotel with great accommodations excellent service by the hotel staff and the best dinner that we had in italy was at the restaurant in this hotel	test	0	1	1	0	0	0	0	1
test1439	breakfast is served each morning with generous choice of bakery meat egg fruit and drink choices	test	0	1	0	0	0	0	0	0
test1440	while the location is bit of walk from the center of town we enjoyed walking and seeing the community every bit as much as we enjoyed all of the historic sites	test	0	0	0	1	0	0	0	0
test1441	our room was clean spacious and we enjoyed magnificent view which was perfect at sunset	test	0	0	0	0	0	0	1	0
test1442	we will definitely stay at the hotel londra the next time we are in florence	test	0	0	1	0	0	0	0	0
test1443	truly amazing returned on th june it was fabulous	test	0	0	1	0	0	0	0	0
test1444	even better than the photos in addition to all the things other people say in their reviews aboutthe pool drinks food luxury room etc especially liked the beautiful design of the resort and lovely touches like the wonderful selection of colourful plants and flowers parrots flamingos fish etc	test	0	0	1	0	0	0	0	0
test1445	we also enjoyed the poolside activities eg spanish lessons aqua aerobics thanks to the activity team who did great job	test	1	0	0	0	0	0	0	1
test1446	my only complaint would be the thomas cook rep who was hopeless and the mytravel flights to from london gatwick which were the most uncomfortable flights ve ever had the misfortune to take	test	0	0	0	0	0	0	0	0
test1447	buon confort	test	0	0	0	0	0	0	0	0
test1448	ma	test	0	0	0	0	0	0	0	0
test1449	si puo trovare di meglio	test	0	0	0	0	0	0	0	0
test1451	really nice hotel	test	0	0	0	0	0	0	0	0
test1452	we stayed for three nights from may th and were upgraded to harbour view room with free breakfast thrown in	test	0	0	0	0	0	0	0	0
test1453	the room was spotless and the staff could not be faulted	test	0	0	0	0	0	0	0	0
test1454	nothing much more to add as previous rewiewers have already mentioned the close proximity to tin hau mtr station bus and tram stops etc	test	0	0	0	0	0	0	0	0
test1455	one thing that did concern me about hong kong was the air pollution we actually caught whiff of diesel fumes whilst we were in the swimming pool floors up	test	0	0	0	0	0	0	0	0
test1456	mixed review we celebrated my husband th birthday and had booked rooms	test	0	0	0	0	0	0	0	0
test1457	we had problems with the final billing for of those bills	test	0	0	0	0	0	0	0	0
test1458	received an internet rate of night but the bill indicated and we were charged for valet service that we did not have for one room	test	0	0	1	0	0	0	0	0
test1459	check your billing statement	test	0	0	0	0	0	0	0	0
test1460	also the rooms were very small and our view was the room of the building next store but for can complain	test	0	0	0	0	0	0	1	0
test1461	on the other hand great location and the staff are very nice	test	0	0	0	1	0	0	0	1
test1462	fernce hotel stayed during conference	test	0	0	0	0	0	0	0	0
test1463	if you travel lot it pretty standard conference hotel	test	0	0	0	0	0	0	0	0
test1464	good location connected to the hynes convention center	test	0	0	0	0	0	0	0	0
test1465	didn use many of the services but would say that the guest and meeting rooms are nearing time for renovation	test	0	0	0	0	0	0	0	0
test1466	large rooms though	test	0	0	0	0	0	0	0	0
test1467	good location	test	0	0	0	0	0	0	0	0
test1468	loved the okura stayed from the oct and loved the hotel check in was pm	test	0	0	1	0	0	0	0	0
test1469	we arrived about and was let into our room straight away	test	0	0	0	0	0	0	0	0
test1470	the room was large and comfortable and the bathroom was fantastic yes it is expensive for breakfast but when you stay in hotel what do you expect also try out the french restaurant on the rd floor very nice	test	0	1	0	0	0	0	1	0
test1471	would definatly stay here again and would recommend it to everyone and	test	0	0	1	0	0	0	0	0
test1472	im very fussy	test	0	0	0	0	0	0	0	0
test1473	superb location and wonderful room	test	0	0	0	1	0	0	1	0
test1474	we stayed in room at swissotel from th to th august to celebrate our th anniversary	test	0	0	0	0	0	0	0	0
test1475	the location is superb right by dam square with many great bars and restuarants only short walk	test	0	0	0	1	0	0	0	0
test1476	it only took about mins to walk from central station	test	0	0	0	1	0	0	0	0
test1477	the staff were extremely helpful and friendly and our room was excellent with all amenities and huge ensuite	test	0	0	0	0	0	1	1	1
test1478	everything was extremely clean and tidy would definately return again	test	0	0	1	0	0	0	1	0
test1479	great location good value	test	0	0	1	1	0	0	0	0
test1480	the location is fabulous the rooms are clean and nicely decorated we felt we really got our money worth at this hotel	test	0	0	1	1	0	0	1	0
test1481	there is an excellent restaurant right around trhe corner the golden view that sits out over the arno river	test	0	0	0	1	0	0	0	0
test1482	we did not have any of the problems listed here in other reviews no bugs extremely courteous staff no foul odors nice clean rooms with excellent air conditioning	test	0	0	1	0	0	1	1	1
test1483	we stay again without any reservations	test	0	0	1	0	0	0	0	0
test1484	great place to vacation	test	0	0	1	0	0	0	0	0
test1485	thought it was very nice there where only things would watch out for people with royal shirt they try to sell you stuff the vendors they chase after you	test	0	0	0	0	0	0	0	0
test1486	so you will buy there stuff and the costant music playing but other than	test	0	0	0	0	0	0	0	0
test1487	that it was great	test	0	0	0	0	0	0	0	0
test1488	the beach is lovely the pool is perfect temperature and the swim up bar is great	test	1	0	0	0	0	0	0	0
test1489	would definitely go back	test	0	0	1	0	0	0	0	0
test1490	marvellous	test	0	0	1	0	0	0	0	0
test1491	as single woman traveller must admit the hotel takes great care of its guest	test	0	0	0	0	0	0	0	1
test1492	from the friendly reception to the excellent concierge they were very patient despite my numerous demands	test	0	0	0	0	0	0	0	1
test1493	had such wonderful time in boston thanks to nine zero	test	0	0	1	0	0	0	0	0
test1494	absolutely wonderful	test	0	0	1	0	0	0	0	0
test1495	special thanks to kelly for all her help	test	0	0	0	0	0	0	0	1
test1497	my husband and loved this hotel	test	0	0	1	0	0	0	0	0
test1498	we only stayed one night while on our way to the bvi to sail and have decided to lengthen next years trip so we can stay at this hotel and enjoy all it has to offer	test	0	0	0	0	0	0	0	0
test1499	the location lends itself to exploring old san juan in comfort and to enjoy the history of the area	test	0	0	0	1	0	0	0	0
test1500	okay for the money stayed at the hotel accademia for nights in mid november	test	0	0	1	0	0	0	0	0
test1501	the room was decent clean and relatively quiet	test	0	0	0	0	0	0	1	0
test1502	the bathroom was huge by italy standards and very updated	test	0	0	0	0	0	0	1	0
test1503	the location was great would stay here again	test	0	0	1	1	0	0	0	0
test1504	ocean resort hotel wakiki isn great	test	0	0	0	0	0	0	0	0
test1505	the location is good right in waikiki close by the honolulu zoo the price is one of the lowest online but you really don know what it really like till you stay here	test	0	0	0	0	0	0	0	0
test1506	they were in the process of changing the card key access so we had to get new cards	test	0	0	0	0	0	0	0	0
test1507	there two small swimming pools with astro turf the room view was of the next building the food in the hotel restaurant as the hotel itself was uninspiring	test	0	0	0	0	0	0	0	0
test1508	threre nothing really bad just all second rate and simply disappointing experience to stay here	test	0	0	0	0	0	0	0	0
test1509	wouldn want to stay here here again nor can recommend this place to anyone	test	0	0	0	0	0	0	0	0
test1510	great value and location have stayed here several times and always try to book if possible	test	0	0	1	1	0	0	0	0
test1511	all rooms are suites and even the smallest is great for two people or the business treaveler	test	0	0	0	0	0	0	1	0
test1512	clean and safe gated parking garage attached to hotel with great near downtown location	test	0	0	1	1	0	0	0	0
test1513	access to major interstates american center for concerts and downtown	test	0	0	0	1	0	0	0	0
test1514	good value and great location	test	0	0	1	1	0	0	0	0
test1515	flore is the best	test	0	0	0	0	1	0	0	0
test1516	flore took care of our reservations and of our needs at the magda hotel and she is the best	test	0	0	0	0	0	0	0	1
test1517	we just came back from spending nights there and enjoyed it very much	test	0	0	1	0	0	0	0	0
test1518	the location was excellent and the service was superb	test	0	0	0	1	0	0	0	1
test1519	would recommendthis hotel to anyone	test	0	0	1	0	0	0	0	0
test1520	met or exceeded all expectations	test	0	0	1	0	0	0	0	0
test1521	we are family of four two adults and two daughters ages	test	0	0	0	0	0	0	0	0
test1522	we stayed in one of the apartments for five nights and in two of the hotel rooms for one night	test	0	0	0	0	0	0	0	0
test1523	only one negative to report the new paint fumes in the hotel rooms on our last night	test	0	0	0	0	0	0	1	0
test1524	other than that strongly recommend this property	test	0	0	1	0	0	0	0	0
test1525	very clean very quiet excellent location two metro stops close by safe and secure comfortable beds friendly helpful staff walking distance to excellent retaurants reasonably priced	test	0	0	1	1	0	0	1	1
test1526	loved the cambridge we stayed at the cambridge suites hotel for weekend	test	0	0	1	0	0	0	0	0
test1527	the rooms were spacious and clean with big and very comfortable bed	test	0	0	0	0	0	0	1	0
test1528	we were upgraded to room on the st floor and had great view of the city	test	0	0	0	0	0	0	1	0
test1529	we had complimentary breakfast included which while basic was adequate	test	0	1	0	0	0	0	0	0
test1530	the location is also fantastic as it is one block from the eaton center and other attractions of the city	test	0	0	0	1	0	0	0	0
test1531	we will definitely stay there again if we go back	test	0	0	1	0	0	0	0	0
test1532	school group brought group of middle school students to stay here on june	test	0	0	0	0	0	0	0	0
test1533	the stay was fantastic	test	0	0	1	0	0	0	0	0
test1534	really appreciated that there was hotel staff located on ground and then again in the hotel lobby checking to be sure that only registered guests were entering the hotel	test	0	0	0	0	0	0	0	0
test1535	the front desk staff housekeepers concierge security and porters were all very nice to the kids	test	0	0	0	0	0	0	0	1
test1536	the price of the hotel is on the moderate to high side but the location block to the times square subway station experience and high quality made it worth it	test	0	0	1	1	0	0	0	0
test1537	the bes	test	0	0	0	0	0	0	0	0
test1538	as old san juan is the jewel the crossroads of the caribbean europe and the americas hotel milano is the jewel of old san juan	test	0	0	0	0	0	0	0	0
test1539	the roof fabulous retaurant and intimate bar is great place to hide when the cruise ships disgorge there thousands of souvineer hunting	test	0	0	0	0	0	0	0	0
test1540	touritas but don worry they never look up the ships sail before san juan dinner and you can emerge from the milano unscathed and turn left for some of the finest restaurants and clubs are few steps to the east go west for fine shopping and art everwhere	test	0	0	0	0	0	0	0	0
test1541	when your exhausted retire to the milano and sleep well knowing you have saved hundreds night and few know this secret san juan sp	test	0	0	0	0	0	0	0	0
test1542	loved this hotel loved this hotel	test	0	0	1	0	0	0	0	0
test1543	great locations friendly staff great price	test	0	0	1	1	0	0	0	1
test1545	do wish they had coffeepots in room but did have coffee in the lobby	test	0	0	0	0	0	1	0	0
test1546	clean decorated so cute comfortable beds	test	0	0	0	0	0	0	1	0
test1547	location was perfec	test	0	0	0	1	0	0	0	0
test1548	great hotel stayed here while vacationing in madrid	test	0	0	0	0	0	0	0	0
test1549	location next to the prado and the thyssen is big plus	test	0	0	0	0	0	0	0	0
test1550	in addition we had room overlooking the square and the fountain	test	0	0	0	0	0	0	0	0
test1551	rooms were large and clean and comfortable breakfast in the stained glass ceiling dining room was pretty neat staff was very helpful and polite	test	0	0	0	0	0	0	0	0
test1552	beautiful hotel	test	0	0	0	0	0	0	0	0
test1553	lov this hotel	test	0	0	1	0	0	0	0	0
test1554	this was our second stay at the circle hotel	test	0	0	0	0	0	0	0	0
test1555	fabulous location	test	0	0	0	1	0	0	0	0
test1556	the rooms are clean bathroom is bit small but with so much to do in waikiki	test	0	0	0	0	0	0	1	0
test1557	you really only sleep there	test	0	0	0	0	0	0	0	0
test1558	we will be back again next year	test	0	0	1	0	0	0	0	0
test1559	good standard motel stayed here at the start end end of our northwest states tour	test	0	0	1	0	0	0	0	0
test1560	good clean rooms if not bit worn and perhaps in need of little updating	test	0	0	0	0	0	0	1	0
test1561	bathrooms very small but clean and adequate	test	0	0	1	0	0	0	1	0
test1562	breakfast included in price	test	0	1	0	0	0	0	0	0
test1563	juice baguels toast cereals and do it yourself waffles	test	0	0	0	0	0	0	0	0
test1564	airport shuttle was good and left on time runs every half hour only few mins from airport	test	0	0	0	1	0	0	0	0
test1565	we just loved it	test	0	0	1	0	0	0	0	0
test1566	we stayed there for our honey moon and just loved it	test	0	0	1	0	0	0	0	0
test1567	the hotel is small but looked brand new to us	test	0	0	1	0	0	0	0	0
test1568	the staff were all so friendly and helpful and really did their very best to make our stay as comfortable as possible	test	0	0	0	0	0	0	0	1
test1569	we would definately go back and stay there	test	0	0	1	0	0	0	0	0
test1570	excellent hospitality	test	0	0	0	0	0	0	0	1
test1571	our large group discovered the europa via trip advisor and all the previous positive reviews are spot on	test	0	0	0	0	0	0	0	0
test1572	the europa doesn seem to appear in any guidebooks and the entrance lobby downstairs is unpromising but once you arrive in the hotel gassim and his daughter miriam are wonderfully discreetly attentive hosts	test	0	0	1	0	0	0	0	1
test1573	the rooms at the back are quiet and elegantly furnished and the hotel is perfectly placed couple of minutes walk from the duomo	test	0	0	0	1	0	0	1	0
test1574	our group of stayed for week and felt we really had found home from home	test	0	0	1	0	0	0	0	0
test1575	difficult to find fault	test	0	0	0	0	0	0	0	0
test1576	the barcelona universal is not the largest hotel or the best equipped or in the best location	test	0	0	0	0	0	0	0	0
test1577	but it did offer friendly and efficient service very modern and up to date decor large and comfortable rooms all in convenient location close to the centre and right next to metro and bus stops	test	0	0	0	0	0	0	0	0
test1578	the universal gave us everything we needed for weeks sightseeing in barcelona	test	0	0	0	0	0	0	0	0
test1579	breakfast that ran till am just in case we had late night sun terrace on the roof with small pool and gymnasium although we didnt try the restaurant in the evenings preferring to enjot barcelonas excellent nightlife	test	0	0	0	0	0	0	0	0
test1580	its great value for money and if you are looking for safe bet with good service and convenient location look no further	test	0	0	0	0	0	0	0	0
test1581	easter in san francisco	test	0	0	0	0	0	0	0	0
test1582	we had very nice clean room with plenty of towels for our family of four	test	0	0	0	0	0	0	1	0
test1583	we did not use the restaurant but found many places within walking distance for all meals	test	0	0	0	1	0	0	0	0
test1584	the wharf area has plenty of eateries and things to see	test	0	0	0	1	0	0	0	0
test1585	this sheraton is not resort so we didn expect to dine swim or exercise while visiting	test	0	0	0	0	0	0	0	0
test1586	this is clean safe place to stay while visiting major us city	test	0	0	1	0	0	0	0	0
test1587	what we expected the stay was pleasurable we stayed in the ilikai tower on the thirteenth floor	test	0	0	1	0	0	0	0	0
test1588	we overlooked the hilton villiage and the beautiful pacific	test	0	0	0	0	0	0	0	0
test1589	the rooms werre stylish and the beds were very comfortable	test	0	0	0	0	0	0	1	0
test1590	it is walking distance to many attractions and short driving disntance to the ala mona shopping center	test	0	0	0	1	0	0	0	0
test1591	we enjoyed are stay and would defintely recommend this hotel	test	0	0	1	0	0	0	0	0
test1592	shady be careful with this hotel	test	0	0	0	0	0	0	0	0
test1593	cancelled reservation was told all was fine it taken care of	test	0	0	0	0	0	0	0	0
test1594	week and half later charge for this hotel shows up on my credit card	test	0	0	0	0	0	0	0	0
test1595	called back to say that the reservation had been cancelled and they tell me that they have no record of me cancelling the reservation you ll have to pay	test	0	0	0	0	0	0	0	0
test1596	so responsible for someone not doing her job	test	0	0	0	0	0	0	0	0
test1597	ver again at the dorsett	test	0	0	0	0	0	0	0	0
test1598	seaview was the smallest room have ever stayed	test	0	0	0	0	0	0	1	0
test1599	wil never go there again	test	0	0	1	0	0	0	0	0
test1600	it was like coffin	test	0	0	1	0	0	0	0	0
test1601	felt sufforcated and the room was not clean we stayed	test	0	0	0	0	0	0	1	0
test1602	only night was booked for but moved to the kowlon instead alot better	test	0	0	0	0	0	0	0	0
test1603	decent with good quality price ratio but noisy	test	0	0	1	0	0	0	0	0
test1604	the hotel is in good location the rooms at least the low priced one got are really small although you can survive for week if you just sleep in there	test	0	0	0	1	0	0	1	0
test1605	the window in my room was loose and the first two nights it was not properly warm	test	0	0	0	0	0	0	1	0
test1606	tried to put the room temperature regulation on but the fan was really noisy so opted for an extra blanket	test	0	0	0	0	0	0	1	0
test1607	my room was facing the rear street and it was rather noisy early in the mornings	test	0	0	0	0	0	0	1	0
test1608	on the average would suggest this place at least for the cheap rooms to the budget conscious traveler	test	0	0	1	0	0	0	0	0
test1609	great rooms noisy location we spent nights at this hotel in madrid	test	0	0	0	1	0	0	1	0
test1610	the hotel itself is in excellent condition and our room was clean and very comfortable	test	0	0	1	0	0	0	1	0
test1611	you could easily walk to all the sights from this location which made it convenient	test	0	0	0	1	0	0	0	0
test1612	the breakfast was top notch as was the lovely rooftop bar	test	1	1	0	0	0	0	0	0
test1613	the hotel staff were nice but were not at all helpful in recommending restaurants	test	0	0	0	0	0	0	0	1
test1614	the downside of the hotel is that it is on very noisy street and there are many very aggressive vagrants who lurk around the hotel not to mention hookers who work the area in the evening	test	0	0	0	1	0	0	0	0
test1615	sent us to other hotel although room was paid already reserved one room for my last night in days trip around florida and for my surprise the staff told me they did not have rooms free although had already reserved and paid the room through expedia weeks before	test	0	0	0	0	0	0	0	0
test1616	the excuse was that some guests had spoiled some rooms but think they had overbooking and sent us to the villa capri star officially but really star quality that is just in front of riu but not right on the beach	test	0	0	1	0	0	0	0	0
test1617	they offered us free breakfast for people next day and the right to use their pool but do not think they are serious people as they must respect paid reservations	test	0	1	0	0	0	0	0	1
test1618	on the other side the hotel seems nice and is well located close to the beach and lincoln rd	test	0	0	1	1	0	0	0	0
test1619	decent hotel	test	0	0	0	0	0	0	0	0
test1620	this hotel was in great location with department store mall restaurants and pharmacy all nearby which was great because meals in the hotel were expensive	test	0	0	0	0	0	0	0	0
test1621	the room was basic but clean and comfortable	test	0	0	0	0	0	0	0	0
test1622	the only drawback was very little english channels	test	0	0	0	0	0	0	0	0
test1623	the staff was very helpful particularly at the concierge desk	test	0	0	0	0	0	0	0	0
test1624	perfect for romantic getaway	test	0	0	1	0	0	0	0	0
test1625	this is such cool hotel very noirish rat pack space age swingin batchelor pad kind of vibe with funky and artsy overtones	test	0	0	1	0	0	0	0	0
test1626	very romantic if you re thinking of that kind of getaway with your loved one great views of the city	test	0	0	1	0	0	0	0	0
test1627	guess it little off the beaten path but if you have car you ll be all set	test	0	0	0	1	0	0	0	0
test1628	check out the bishop arts district which isn too far away	test	0	0	0	0	0	0	0	0
test1629	ci貌 che pi霉	test	0	0	0	0	0	0	0	0
test1630	mi	test	0	0	0	0	0	0	0	0
test1631	ha fatto piacere	test	0	0	0	0	0	0	0	0
test1633	false impressions	test	0	0	1	0	0	0	0	0
test1634	bathroom is the size of yr	test	0	0	0	0	0	0	1	0
test1635	old girl closet	test	0	0	0	0	0	0	0	0
test1636	found dead bug in the tub	test	0	0	0	0	0	0	1	0
test1637	great customer service at the ramada	test	0	0	0	0	0	0	0	1
test1638	we had problem with our reservation when we arrived because we had not booked directly with the hotel and the hotel	test	0	0	0	0	0	0	0	0
test1639	was full	test	0	0	0	0	0	0	0	0
test1640	however they went above and beyond and gave us special deal while spending forever on the phone with the internet company we had booked through	test	0	0	0	0	0	0	0	1
test1641	they were great	test	0	0	0	0	0	0	0	1
test1642	great location friendly family run hotel nice family run hotel in great location just couple blocks from the duomo galleria dell accedemia and close to many other sites although do recommend taking taxi from the train station if you have luggage cost is only about euro from the train station to the hotel	test	0	0	1	1	0	0	0	0
test1643	the owners and staff are extremely accomodating offering good advice to restaurants	test	0	0	0	1	0	0	0	0
test1644	their recommendation of za za tratorria was so good we went back our last night tours and anything else you need to know	test	0	0	0	0	0	0	0	0
test1645	they made reservations for us for dinner and tour and we were happy with each	test	0	0	0	0	0	0	0	0
test1646	they take pride in making sure everyone enjoys their stay	test	0	0	0	0	0	0	0	1
test1647	loved the hotel	test	0	0	1	0	0	0	0	0
test1648	we have just returned from weekend at the savoy hotel in san francisco	test	0	0	0	0	0	0	0	0
test1649	the hotel is magnificent and the staff provides excellent sevice	test	0	0	1	0	0	0	0	1
test1650	the rooms are quaint and the beds are very comfortable including egypitian cotton sheets that are very soft	test	0	0	0	0	0	1	1	0
test1651	they have complimentary wine and cheese event during the late afternoon	test	0	1	0	0	0	0	0	0
test1652	would definitely recommend this hotel to our friends	test	0	0	1	0	0	0	0	0
test1653	superior hotel anyone visiting paris should stay in this hotel the location is perfect the hotel is immaculate and charming and	test	0	0	1	1	0	0	0	0
test1654	we cannot say enough about the service	test	0	0	0	0	0	0	0	1
test1655	farooq and the entire staff were welcoming helpful and very generous	test	0	0	0	0	0	0	0	1
test1656	if you want an amazing paris experience stay here	test	0	0	1	0	0	0	0	0
test1657	ok but smelly	test	0	0	1	0	0	0	0	0
test1658	room was large and comfortable but smelt lot of cigarettes	test	0	0	0	0	0	0	1	0
test1659	they don have non smoking rooms	test	0	0	0	0	0	0	0	0
test1660	breakfast wasn inclued in the price but the bakery across the road sold some excellent food options opens at am	test	0	1	0	0	0	0	0	0
test1661	great base of operations for uptown manhattan	test	0	0	0	1	0	0	0	0
test1662	was bit concerned about staying at the marquis right up until the moment we checked in	test	0	0	0	0	0	0	0	0
test1663	our stay could not have been any better	test	0	0	1	0	0	0	0	0
test1664	decent sized room for nyc very quiet great bed helpful staff excellent bars and restaurants and the most efficient elevator system have ever seen in high rise hotel	test	1	1	0	0	0	0	1	1
test1665	location was the most critical thing to me in picking out an nyc hotel and this one would be hard to beat	test	0	0	0	1	0	0	0	0
test1666	less than expected	test	0	0	0	0	0	0	0	0
test1667	we had reserved bedded room	test	0	0	0	0	0	0	0	0
test1668	actually they put us in an apartment house adjacent to the hotel where renovations were taking place from early morning throughout the day	test	0	0	0	0	0	0	0	0
test1669	the accomodations were adequate but less than advertised	test	0	0	0	0	0	0	0	0
test1671	this is an excellent hotel wonderful staff and service	test	0	0	1	0	0	0	0	1
test1672	the basic rooms are small but adequate for five night stay that had	test	0	0	0	0	0	0	1	0
test1673	the bathrooms are well appointed with large shower and separate bath	test	0	0	0	0	0	1	1	0
test1674	room service is quick and quite respectable although the menu is tad limited	test	0	1	0	0	0	0	0	1
test1675	overall wonderful experience	test	0	0	1	0	0	0	0	0
test1676	hotel to return to in san francisco ca	test	0	0	0	0	0	0	0	0
test1677	the location is perfect for the business man or the leisure traveler with walking distance to union square or one block pickup on historical trolley	test	0	0	0	1	0	0	0	0
test1678	the staff will remember you and the rooms make you feel right at home	test	0	0	0	0	0	0	0	1
test1679	you will return to this hotel	test	0	0	1	0	0	0	0	0
test1680	harming romantic quaint no complaints	test	0	0	1	0	0	0	0	0
test1681	very very pleasant accomodating staff	test	0	0	0	0	0	0	0	1
test1682	room was lovely and quite large with king bed and ultra comfortable mattress	test	0	0	0	0	0	0	1	0
test1683	neither my husband or felt unsafe in the area even after dark but can see if you re somewhat skittish you might be nervous since it isn high traffic area like it is right on union square	test	0	0	0	0	0	0	0	0
test1684	great shower and vanity and loved the complimentary sodas in the fridge everyday	test	0	0	0	0	0	1	1	0
test1685	will stay there again on our next visit	test	0	0	1	0	0	0	0	0
test1686	great stay booked package through trailfinders great deal usually book everything myself	test	0	0	1	0	0	0	0	0
test1687	on check in had been upgraded to suite	test	0	0	0	0	0	0	0	0
test1688	wonderful service couldn fault anything	test	0	0	0	0	0	0	0	1
test1689	hotel location good near everything we wanted to see	test	0	0	0	1	0	0	0	0
test1691	great place to stay what brilliant stay excellent location within walking distance of many attractions	test	0	0	1	1	0	0	0	0
test1692	staff friendly and helpful service excellent	test	0	0	0	0	0	0	0	1
test1693	room was contemporary clean and of high standard	test	0	0	0	0	0	0	1	0
test1694	food was good as was the famous hilton breakfast	test	0	1	0	0	0	0	0	0
test1695	would not hesitate to return here	test	0	0	1	0	0	0	0	0
test1696	great hotel hotel was in excellent location right around the corner from the eiffel tower close to metros restaurants supermarket shops	test	0	0	1	1	0	0	0	0
test1697	room was very modern and clean	test	0	0	0	0	0	0	1	0
test1698	breakfast was great	test	0	1	0	0	0	0	0	0
test1699	staff were always very friendly and helpful	test	0	0	0	0	0	0	0	1
test1700	would definitely recommend this hotel to anyone	test	0	0	1	0	0	0	0	0
test1701	should ne upgraded to star	test	0	0	0	0	0	0	0	0
test1702	recently stayed nights in this hotel with my mother and have to say we couldn have picked better hotel	test	0	0	1	0	0	0	0	0
test1703	have stayed in many four star hotel in italy but none compare to this hotel	test	0	0	1	0	0	0	0	0
test1704	the staff were fantastic always on hand to offer friendly advice from where to go on day trips to which restaurant to eat in	test	0	0	0	0	0	0	0	1
test1705	we stayed in room which had fantastic view and good size balcony	test	0	0	0	0	0	0	1	0
test1706	am planning to go back to florence in september and would definately stay in the same hotel and with bit of luck the same room	test	0	0	1	0	0	0	0	0
test1707	lub is great	test	0	0	0	0	0	0	0	0
test1708	we stayed here for nights in club and although the rooms are on the small side and showers lack any real power it was jean and joyce the concierge that made our stay here more than comfortable	test	0	0	0	0	0	0	1	1
test1709	they arranged everything from reservations in the best restaurant in the south west binkley to hot air balloon ride over the desert they just could not do enough	test	0	0	0	0	0	0	0	1
test1710	the club lounge is exactly as lounge should be full of great food and masses of free drinks all through the day and more information about the area than you can shake library at	test	0	1	0	0	0	0	0	0
test1711	would highly reccommend but only in club	test	0	0	1	0	0	0	0	0
test1712	the view is worth the money	test	0	0	1	0	0	0	0	0
test1713	our decision to upgrade to room in the tower with bay view was worth every penny	test	0	0	0	0	0	0	1	0
test1714	and the room is extraordinary with fine linens fantastic bath separate marble shower and soaking tub great radio and delivery of the san francisco chronicle and the new york times in the morning	test	0	0	0	0	0	1	1	0
test1715	we also enjoyed nice dinner at tonga	test	0	1	0	0	0	0	0	0
test1716	highly recommended for romantic splurge	test	0	0	1	0	0	0	0	0
test1717	enjoyable stay we have stayed at this hotel twice now	test	0	0	1	0	0	0	0	0
test1718	we have really enjoyed our stay	test	0	0	1	0	0	0	0	0
test1719	the beds are comfortable and we like the rooms	test	0	0	0	0	0	0	1	0
test1720	both times was attending conference at university of washington and it was an enjoyable walk to the campus	test	0	0	0	0	0	0	0	0
test1721	we really loved the wine tasting in the evening	test	1	0	0	0	0	0	0	0
test1722	already planning nd trip we stayed at the royal for week this march and could not have been more pleased with the service	test	0	0	0	0	0	0	0	1
test1723	the hotel is beautifully kept staff excellent	test	0	0	1	0	0	0	0	1
test1724	we booked with hotwire and had standard rooms no bugs and we want to return in years for our th	test	0	0	0	0	0	0	1	0
test1725	the service in the mai tai bar could be slow but we found the waiters to be more service minded than the waitresses who thought they were too cute to move quick	test	0	0	0	0	0	0	0	1
test1726	all in all great experience young adults and boomers	test	0	0	1	0	0	0	0	0
test1727	really special place	test	0	0	0	0	0	0	0	0
test1728	two night stay en route to the datai in langkawiraffles	test	0	0	0	0	0	0	0	0
test1729	is wonderful	test	0	0	0	0	0	0	0	0
test1730	service impeccablerooms	test	0	0	0	0	0	0	0	0
test1731	speciallocation idealwill return asap	test	0	0	0	0	0	0	0	0
test1732	we ll be back	test	0	0	0	0	0	0	0	0
test1733	we will definitely stay at the benjamin again	test	0	0	1	0	0	0	0	0
test1735	nice decor friendly staff immaculately clean and good location	test	0	0	0	1	0	0	1	1
test1736	our room was on the back of the hotel so no view but very very quiet	test	0	0	0	0	0	0	1	0
test1737	fantastic mojitos in the lounge bar	test	0	1	0	0	0	0	0	0
test1739	this hotel lived up to our high expectations and more	test	0	0	1	0	0	0	0	0
test1740	check in staff were friendly and helpful and presented us with room upgrade and bottle of wine since it was our honeymoon	test	0	0	0	0	0	0	0	1
test1741	the room itself was spacious and well designed with plasma tv dvd player etc	test	0	0	0	0	0	1	1	0
test1742	the buffet breakfast was exceptional probably the best in any hotel ve had around the world and well worth getting included in your rate if possible	test	0	1	0	0	0	0	0	0
test1743	the hotel location is good with some sights shopping centres and metro station nearby	test	0	0	0	1	0	0	0	0
test1744	very convenient comfortable stay	test	0	0	1	0	0	0	0	0
test1745	my husband and have very enjoyable stay	test	0	0	1	0	0	0	0	0
test1746	everyone was very friendly and courtious	test	0	0	0	0	0	0	0	1
test1747	the room was very comfortable and convient to all the popular places	test	0	0	0	1	0	0	1	0
test1748	walking distance to fleet center was great	test	0	0	0	1	0	0	0	0
test1749	great hotel shame about the price increase	test	0	0	1	0	0	0	0	0
test1750	we enjoyed fantastic mother daughter trip to paris in august and were very impressed by the quality cost ratio of regent garden hotel	test	0	0	1	0	0	0	0	0
test1751	we got really nice recently refurbished twin room for only euro booked direct on the hotels website however rather large negative	test	0	0	0	0	0	0	1	0
test1752	few weeks later having been so impressed by the hotel that was planning second trip back there to stay with my husband was told by the hotel that it had just been upgraded from to hotel and that subsequently the price has increased from euros for classic room to euros	test	0	0	1	0	0	0	0	0
test1753	huge increase which dramatically changes the value for money aspect of the hotel	test	0	0	1	0	0	0	0	0
test1754	while would agree that an increase was warranted based on the refurbishment it does not warrant euro increase and it real shame as it puts nice little hotel in the unaffordable category for lot of people who would previously have stayed here comment made to the hotel	test	0	0	1	0	0	0	0	0
test1755	als zwischenstopp	test	0	0	0	0	0	0	0	0
test1757	weiterfl眉ge	test	0	0	0	0	0	0	0	0
test1758	eine ausgezeichnete wahl showreview full	test	0	0	0	0	0	0	0	0
test1759	excellent choice excellent choice in boston	test	0	0	0	0	0	0	0	0
test1760	great location that is few blocks from copley plaza newbury st etc	test	0	0	0	0	0	0	0	0
test1761	expected more opulence in the lobby but our suite was beautiful and perfectly maintained	test	0	0	0	0	0	0	0	0
test1762	concierges and housekeeping went above and beyond at all times	test	0	0	0	0	0	0	0	0
test1763	there is large and well situated view of boston common public garden gym and indoor pool	test	0	0	0	0	0	0	0	0
test1764	after our experience would not consider staying anywhere else while in boston	test	0	0	0	0	0	0	0	0
test1765	beyond stars am years old and have travelled extensively and stayed in many beautiful hotels but the drake hotel now sits at the top of my list	test	0	0	1	0	0	0	0	0
test1766	from the moment arrived until left my stay was beyond my wildest expectations absolutely fabulous hotel room was amazing and staff that went above and beyond what one could imagine	test	0	0	1	0	0	0	1	1
test1767	jonathan leclaire should write how to book for all hotel managers around the world	test	0	0	0	0	0	0	0	0
test1768	beautiful food people location ambiance please do yourself favor and try this hotel you will not be sorry	test	0	0	1	1	0	0	0	0
test1769	betty ann cathreakelowna	test	0	0	0	0	0	0	0	0
test1770	good hotel good location stayed here for few on nights on way to sydney in november	test	0	0	1	1	0	0	0	0
test1771	like lot of other reviewers thought the room was small but in place like hong kong you shouldn be spending too much time there	test	0	0	0	0	0	0	1	0
test1772	staff were friendly and helpful and some good info from the tourist desk	test	0	0	0	0	0	0	0	1
test1773	about minutes walk from the busy streets of causeway bay but seconds from the mtr station and trams which are cheap and reliable buy an octupus card at the airport tremendous mainly unrestricted views over hong kong harbour and kowloon from the rooftop pool	test	1	0	0	1	0	0	0	0
test1774	restaraunt bit pricey but reasonable value european asian buffet breakfast	test	0	1	0	0	0	0	0	0
test1775	no problems at night with karoke although bridge over troubled water in cantonese is interesting	test	0	0	0	0	0	0	0	0
test1776	very very impressed	test	0	0	0	0	0	0	0	0
test1777	for the money the nikko must be unbeatable	test	0	0	0	0	0	0	0	0
test1778	comfortable perfectly located excellently ran well designed and furnishined hotel with great facilities and fantastic staff	test	0	0	0	0	0	0	0	0
test1779	whenever return to san francisco and hope it soon would immediately book again at the nikko without even looking elsewhere	test	0	0	0	0	0	0	0	0
test1780	great stay and very convienent	test	0	0	1	0	0	0	0	0
test1781	we got this hotel at last minute bargain and am glad we did	test	0	0	1	0	0	0	0	0
test1782	the room although small but not smaller than normal european hotel rooms was very comfortable	test	0	0	0	0	0	0	1	0
test1783	the king size bed was fantastic and always enjoy place that gives you robe with the towels	test	0	0	0	0	0	0	1	0
test1784	very convienent right next to dam square and walkable from the train station	test	0	0	0	1	0	0	0	0
test1786	good location and nice hotel	test	0	0	1	1	0	0	0	0
test1787	the hotel is located at the bugis junction which is quite handy for some local cuisines	test	0	0	0	0	0	0	0	0
test1788	the room is good and the club floor lounge is very nice	test	1	0	0	0	0	0	1	0
test1789	overall it would have been better if there is free internet access in the room as well	test	1	0	0	0	0	0	0	0
test1790	the hotel is within the expectation of the price we paid	test	0	0	1	0	0	0	0	0
test1791	this hotel was gem	test	0	0	1	0	0	0	0	0
test1792	let me start by saying that the couple that run the hotel are charming helpful and welcoming	test	0	0	0	0	0	0	0	1
test1793	free parking in san francisco and super neighborhood full of great shops and eateries	test	0	0	0	0	0	0	0	0
test1794	the room was superb	test	0	0	0	0	0	0	1	0
test1795	will surely stay again	test	0	0	1	0	0	0	0	0
test1796	stars hotel dream hollidays or nightmare	test	0	0	0	0	0	0	0	0
test1797	if you want to go to punta cana choose another hotel to stay	test	0	0	0	0	0	0	0	0
test1798	the food was horrible deteriorating rooms with lot of mosquitos and few cockroachs rout towels at bathroom	test	0	1	0	0	0	0	1	0
test1799	and we buy it like stars	test	0	0	0	0	0	0	0	0
test1800	it was nightmare	test	0	0	1	0	0	0	0	0
test1801	the astor crowne plaza is wonderful hotel we enjoyed our stay at the astor crowne plaza	test	0	0	1	0	0	0	0	0
test1802	it is located in the french quarter which is great place to visit	test	0	0	0	1	0	0	0	0
test1803	the service was excellent especially susie who was very friendly and helpful during our stay	test	0	0	0	0	0	0	0	1
test1804	recommend this hotel to anyone who would like to experience true new orleans adventure	test	0	0	1	0	0	0	0	0
test1805	sofitel miami style	test	0	0	0	0	0	0	0	0
test1806	over the years we have stayed many times at the sofitel near the airport in miami	test	0	0	0	0	0	0	0	0
test1807	we are always surprised at how good the service is and how clean stylish chic the rooms are	test	0	0	0	0	0	0	1	1
test1808	granted we are there on business but it is such delight to find great priced hotel with all the nice amenities and european service	test	0	0	1	0	0	1	0	0
test1809	would recommend it over most of the airport area hotels	test	0	0	1	0	0	0	0	0
test1810	not typical is not as good as other in other cities	test	0	0	1	0	0	0	0	0
test1811	have stayed at several and though the sf version is nice don think it measures up to standards	test	0	0	1	0	0	0	0	0
test1812	pricey so so location and small rooms	test	0	0	0	0	0	0	1	0
test1813	little dirty and compared to other awkward	test	0	0	1	0	0	0	0	0
test1814	our favorite small hotel clean comfortable caring generous	test	0	0	1	0	0	0	0	0
test1815	we had truly fine stay at the fita hotel	test	0	0	1	0	0	0	0	0
test1816	the	test	0	0	0	0	0	0	0	0
test1817	de rapper family really went well beyond the call of duty to help us have great time	test	0	0	0	0	0	0	0	1
test1818	little unusual extras like free use of computer free local calls and beyond made us select this as number one place to stay	test	1	0	1	0	0	0	0	0
test1819	fantastic hotel just returned fro night stay at the montcada hotel barcelona with friends	test	0	0	1	0	0	0	0	0
test1820	fantastic hotel staff very helpfull and polite rooms spotless and central location superb within walking distance of all attractions just short walk down to the marina the tour bus stops just up the street person all day unlimited travel	test	0	0	1	1	0	0	1	1
test1821	travelled from the airport on the service bus per couple returned by taxi	test	0	0	0	0	0	0	0	0
test1822	glass of carva on arrival and the breakfast was very good if little expensive	test	0	1	0	0	0	0	0	0
test1823	the bars and restaraunts around la ramblas can be little expensive but the is plenty of choice just off the main streets	test	0	0	0	0	0	0	0	0
test1824	would certainly stay in this hotel again	test	0	0	1	0	0	0	0	0
test1825	good hotel must have stayed in different hotel from the last review	test	0	0	1	0	0	0	0	0
test1826	we were here as part of kuoni tour and we were delighted with this hotel	test	0	0	1	0	0	0	0	0
test1827	our room had recently been refurbished and was lovely with even drinking water tap	test	0	0	0	0	0	1	1	0
test1828	very clean and comfortable and good size	test	0	0	0	0	0	0	1	0
test1829	the garden was fantastic really peaceful when you think you are in the middle of beijing	test	0	0	1	0	0	0	0	0
test1830	the breakfast was excellent with bril choice of either western of chinese food	test	0	1	0	0	0	0	0	0
test1831	location	test	0	0	0	1	0	0	0	0
test1834	and price	test	0	0	1	0	0	0	0	0
test1836	as good as ever the best	test	0	0	1	0	0	0	0	0
test1837	interconnecting garden wing rooms were ideal for the family	test	0	0	0	0	0	0	1	0
test1838	as ever we were looked after famously and everyone enjoyed eating out at the line	test	0	0	0	0	0	0	0	0
test1839	this remains the best singapore city hotel in my view since it has the most attentive staff and best quality food around	test	0	1	1	0	0	0	0	1
test1840	another strong recommendation	test	0	0	1	0	0	0	0	0
test1841	amazing park plaza wallstreet berlin	test	0	0	1	0	0	0	0	0
test1842	it is lovely hotel very well located although not lively neighbourhood the most important sites alexanderplatz nikolai viertel bradenburg tor etc are within min walk and the metro station is min from the hotel entrance	test	0	0	1	1	0	0	0	0
test1843	there is also nightbus coming from alexanderplatz the hotel is amazing an old impressive building totally modernised in the inside the staff is very helpful and kind and the rooms are simply wonderful with the high ceiling the nice decoration and the most unbelievably comfortable bed	test	0	0	1	0	0	0	1	1
test1844	ever slept in in hotel well done park plaza	test	0	0	1	0	0	0	0	0
test1846	we went there couple of weeks ago	test	0	0	0	0	0	0	0	0
test1847	and really think this resort is worth recommandation	test	0	0	1	0	0	0	0	0
test1848	the whole resort is really beautiful friendly people everywhere big rooms who are well cleaned every day nice food for everyone and great holiday spirit	test	0	1	1	0	0	0	1	1
test1849	you must try it	test	0	0	1	0	0	0	0	0
test1850	elegant serene	test	0	0	1	0	0	0	0	0
test1851	went back second time this summer because loved this small chic and most restful of hotels	test	0	0	1	0	0	0	0	0
test1852	outside is magnificent view of the river for which the hotel is named and parallel is cobblestone street filled with wide range of charming shops	test	0	0	1	0	0	0	0	0
test1853	am going back third time this year because this hotel is so attractive	test	0	0	1	0	0	0	0	0
test1854	bad	test	0	0	1	0	0	0	0	0
test1855	stayed in this hotel in early march although the location is excellent we will not return to this hotel	test	0	0	1	1	0	0	0	0
test1856	we checked in at pm and the room was not ready	test	0	0	0	0	0	0	0	1
test1857	the room is nice but it is dusty	test	0	0	0	0	0	0	1	0
test1858	we had breakfast there in the morning the food was cold and not replenished very disappointing	test	0	1	0	0	0	0	0	0
test1859	excellent hotel in central beijing had an excellent stay at the wangfujing grand	test	0	0	0	0	0	0	0	0
test1860	at check in the clerk asked me if wanted to stay in an improved room at higher rate of course	test	0	0	0	0	0	0	0	0
test1861	declined and was upgraded into an executive suite which gave me access to the executive lounge and breakfast	test	0	0	0	0	0	0	0	0
test1862	the staff at the hotel were excellent always available and courteous	test	0	0	0	0	0	0	0	0
test1863	the hotel is well situated within walking distance of the forbidden city	test	0	0	0	0	0	0	0	0
test1864	plenty of restaurants in the area	test	0	0	0	0	0	0	0	0
test1865	friendly quirky and great location rooms are nice but small	test	0	0	0	0	0	0	0	0
test1866	if you are couple with lot of luggage you will be wondering where to put it with just drawers and narrow wardrobe in our queen room	test	0	0	0	0	0	0	0	0
test1867	that said the staff were always friendly and helpful	test	0	0	0	0	0	0	0	0
test1868	the quirky object in the mini bar cupboard gave me an hilarious taking point at the conference was attending at the westin nearby	test	0	0	0	0	0	0	0	0
test1869	easy walk to the shops pike place market etc real plus	test	0	0	0	0	0	0	0	0
test1870	stay there again	test	0	0	1	0	0	0	0	0
test1871	spent week at aston waikiki beach hotel in may of	test	0	0	0	0	0	0	0	0
test1872	the service was great the rooms were clean and decorative enjoyed the breakfasts set out by the pool and the location was great	test	0	1	0	1	0	0	1	1
test1873	we were right across the street from waikiki beach and within walking distance of several shops	test	0	0	0	1	0	0	0	0
test1874	would definitely stay there again in the future	test	0	0	1	0	0	0	0	0
test1875	not what expected the hotel was clean the view was nice and the location right in front of shinagawa station perfect	test	0	0	0	0	0	0	0	0
test1876	but the room was cramped even though we went for the upgraded double	test	0	0	0	0	0	0	0	0
test1877	also thought that the pool would be free for hotel guests but it cost yen per person	test	0	0	0	0	0	0	0	0
test1878	we could have gotten better value for our money	test	0	0	0	0	0	0	0	0
test1879	good stay	test	0	0	1	0	0	0	0	0
test1880	we enjoyed our week stay at the nh doelen	test	0	0	0	0	0	0	0	0
test1881	it was great location in the heart of amsterdam and the staff was very friendly and accomodating	test	0	0	0	1	0	0	0	1
test1882	breakfast was enjoyable and the rooms were small but clean	test	0	1	0	0	0	0	1	0
test1883	really enjoyed their line of bath products good smelling body wash	test	0	0	0	0	0	0	0	0
test1884	the adolphus was an experience of lifetime staying at the adolphus	test	0	0	0	0	0	0	0	0
test1885	was amazing	test	0	0	0	0	0	0	0	0
test1886	the staff was so helpful and the room was magnificent	test	0	0	0	0	0	0	0	0
test1887	will never be able to stay at another hotel and be happy	test	0	0	0	0	0	0	0	0
test1888	the adolphus has spoiled me	test	0	0	0	0	0	0	0	0
test1889	finest holiday money could buy this was my wifes first ever holiday outside the uk	test	0	0	0	0	0	0	0	0
test1890	and we are happy we made the choice we did the hotel and facilities were out of this world	test	1	0	1	0	0	0	0	0
test1891	the staff could not help enough	test	0	0	0	0	0	0	0	1
test1892	the food in all the restuarants was great and always clean and set out very nice	test	0	1	0	0	0	0	0	0
test1893	our suite was cleaned every day and mini bar restocked any member of staff no matter what their position had time to stop and chat and always helpfull for our first time in the carribean	test	0	0	0	0	0	0	1	1
test1894	it was some where we would return again definately to the bavaro princes	test	0	0	1	0	0	0	0	0
test1895	good clean hotel we stayed at the hotel caravaggio for nights	test	0	0	1	0	0	0	0	0
test1896	its within walking distance of the train station and major sights	test	0	0	0	1	0	0	0	0
test1897	breakfast was good	test	0	1	0	0	0	0	0	0
test1898	the room was clean and the staff were helpful and overall an enjoyable stay	test	0	0	1	0	0	0	1	1
test1899	marvellous hotel stayed at this excellent hotel for short city break	test	0	0	1	0	0	0	0	0
test1900	room was large clean and comfortable with fantastic view from the very large window sixth floor	test	0	0	0	0	0	0	1	0
test1901	staff were friendly and most helpful and the breakfast was truly great kept us going for most of the day	test	0	1	0	0	0	0	0	1
test1902	although the location was quiet it was within easy walking distance of museums leidesplein trams and canal bus stop	test	0	0	0	1	0	0	0	0
test1903	would definitely stay ther again	test	0	0	1	0	0	0	0	0
test1904	average	test	0	0	1	0	0	0	0	0
test1905	good value for money very clean and ok breakfast	test	0	1	1	0	0	0	0	0
test1906	the position is excellent and only stones throw from central station	test	0	0	0	1	0	0	0	0
test1907	the only downside was that some of the staff could have been more attentive and friendly	test	0	0	0	0	0	0	0	1
test1908	we shall probably stay elsewhere next time but still in the same location	test	0	0	1	0	0	0	0	0
test1909	amsterdam is fantastic we love it there	test	0	0	0	0	0	0	0	0
test1910	comfortable we just returned from business trip to the hyatt this past weekend	test	0	0	1	0	0	0	0	0
test1911	our room was very comfortable and very spacious	test	0	0	0	0	0	0	1	0
test1912	the food in the italian restaurant was very good as we went with the nightly special	test	0	1	0	0	0	0	0	0
test1913	the food at the revolving restaurant was excellent as was the service although it was little on the expensive side	test	0	1	0	0	0	0	0	1
test1914	the views are spectacular	test	0	0	1	0	0	0	0	0
test1915	the only thing that the hotel could improve on was seating in the main lobby there is couple of chairs and couch and alot of empty space	test	1	0	0	0	0	0	0	0
test1916	excellant excellant value for money	test	0	0	1	0	0	0	0	0
test1917	hr buffet was great	test	0	1	0	0	0	0	0	0
test1918	hotel staff were welcoming and helpful	test	0	0	0	0	0	0	0	1
test1919	room was very clean	test	0	0	0	0	0	0	1	0
test1920	would not hesitate in recommending this hotel	test	0	0	1	0	0	0	0	0
test1921	not so good anymore	test	0	0	1	0	0	0	0	0
test1922	staff at this hotel are not so helpful and have surly attitude	test	0	0	0	0	0	0	0	1
test1923	rooms are outdated and the corridors smell	test	0	0	1	0	0	0	1	0
test1924	should be closed and properly renovated	test	0	0	1	0	0	0	0	0
test1925	bathrooms also are old and leaky	test	0	0	0	0	0	0	1	0
test1926	fantastic except for the rooms am just coming back from the sirenis	test	0	0	1	0	0	0	0	0
test1927	and have spent fantastic holidays	test	0	0	0	0	0	0	0	0
test1928	everything is great the pool the beach the food the cocktails but there is just problem with the room with an awful smell and certainly not stars but	test	1	1	0	0	0	0	1	0
test1929	anyway very good value for money	test	0	0	1	0	0	0	0	0
test1930	we were people and we all enjoyed our holidays	test	0	0	0	0	0	0	0	0
test1931	great holiday great hotel	test	0	0	1	0	0	0	0	0
test1932	we stayed at the grand mirage hotel from the from start to finish the staff	test	0	0	0	0	0	0	0	0
test1933	could not do enough for us	test	0	0	0	0	0	0	0	1
test1934	we had pool sea view room excellent	test	0	0	0	0	0	0	1	0
test1935	we had	test	0	0	0	0	0	0	0	0
test1936	all inclusive well worth paying the extra for full marks we will be going back next year	test	0	0	1	0	0	0	0	0
test1937	great hotel just got back from night stay the location of the hotel is fantastic just at the top of las ramblas	test	0	0	1	1	0	0	0	0
test1938	hotel itself is spotless as were the rooms	test	0	0	1	0	0	0	1	0
test1939	staff at the hotel are polite	test	0	0	0	0	0	0	0	1
test1940	friendly and helpful	test	0	0	0	0	0	0	0	1
test1941	for the money you pay it can be beaten would recommend it to anyone	test	0	0	1	0	0	0	0	0
test1942	excellent place	test	0	0	1	0	0	0	0	0
test1943	this hotel is just nice and is very well located and very close to everything	test	0	0	1	1	0	0	0	0
test1944	the only thing that didn like about this place was the bathroom	test	0	0	0	0	0	0	1	0
test1945	they don have ac and the are really hot	test	0	0	0	0	0	1	0	0
test1946	the rest is nice recommend this place	test	0	0	1	0	0	0	0	0
test1947	beautiful ritz carlton wonderful place to stay in san francisco	test	0	0	1	0	0	0	0	0
test1948	the staff are first rate the rooms and lobby are stunning	test	0	0	1	0	0	0	1	1
test1949	the room service meals were just incredible the best steaks we have ever had	test	0	1	0	0	0	0	0	0
test1950	this hotel made our stay in san francisco perfect	test	0	0	1	0	0	0	0	0
test1951	discreet charms of the neri on tripadvisor comments	test	0	0	0	0	0	0	0	0
test1952	booked this hotel for short day break we weren disappointed	test	0	0	1	0	0	0	0	0
test1953	it is the perfect small hotel with the emphasis on quality rather than quantity	test	0	0	1	0	0	0	0	0
test1954	having travelled extensively far too many hotels rely upon offering plethora of services that guests will never use	test	0	0	0	0	0	0	0	0
test1955	the neri in common with good hotels simply concentrates on providing excellent accomodation where good nights sleep is guaranteed excellent assistance from the helpful staff and wonderful location for sightseeing	test	0	0	1	1	0	0	0	1
test1956	the hotel deserves to succeed	test	0	0	0	0	0	0	0	0
test1957	amazing hospitality	test	0	0	0	0	0	0	0	1
test1958	the young man who greeted us mozah was very professional even though we arrived late	test	0	0	0	0	0	0	0	1
test1959	my wife was on crutches sprained knee just hrs before the flight and even though we were there only for one night before our cruise and were given room more accommodating for no extra charge	test	0	0	0	0	0	0	0	1
test1960	very clean suite and would not hesitate to book for an extended stay as the location was close to everything	test	0	0	0	1	0	0	1	0
test1961	two thumbs up for affordable accommodations	test	0	0	1	0	0	0	0	0
test1962	chamberli	test	0	0	0	0	0	0	0	0
test1963	must have been in different hotel than others seeing all the rave reviews of this place must have been at another hotel there is nothing decent in downtown no or its clientele is too young and or drunk to know any better	test	0	0	0	0	0	0	0	0
test1964	desk service is condescending except for the sheets rooms are really not well maintained carpet is badly stained and everything is worn out	test	0	0	0	0	0	0	1	1
test1965	good but noisy location with thin walls	test	0	0	1	1	0	0	0	0
test1966	downstairs breakfast restaurant looks mediocre and expensive though the night club looks intrguing	test	0	1	0	0	0	0	0	0
test1967	would stay again only if stuck	test	0	0	1	0	0	0	0	0
test1968	tip unless the season is very busy you can probably get very deep discount coupons at visitor center so don reserve ahead	test	0	0	0	0	0	0	0	0
test1969	great hotel good location	test	0	0	1	1	0	0	0	0
test1970	the hotel is very good rooms are sized right and breakfast is superb	test	0	1	1	0	0	0	1	0
test1971	the only low point are the beds the matress are bit on the hard side	test	0	0	0	0	0	0	1	0
test1972	the location is great also near polanco and condesa	test	0	0	0	1	0	0	0	0
test1973	also the turibus stops nearby	test	0	0	0	0	0	0	0	0
test1974	great downtown location fantastic location right in the centre of the shopping part of downtown with acess directly into the westlake shopping centre and great transport links	test	0	0	0	0	0	0	0	0
test1975	room was not huge but adequately sized and clean	test	0	0	0	0	0	0	0	0
test1976	doors on hotel rooms were on sprung hinges and tended to slam bit and walls were on the thin side but these were minor issues	test	0	0	0	0	0	0	0	0
test1977	staff were helpful and friendly restaurant was pricey but the food did smell pretty good	test	0	0	0	0	0	0	0	0
test1978	good food nearby at changs in westlake and microbrew pubs in both rainier square and pacific place	test	0	0	0	0	0	0	0	0
test1979	would gladly stay here again	test	0	0	0	0	0	0	0	0
test1980	dirty dirty dirty	test	0	0	1	0	0	0	0	0
test1981	my most horrible hotel stay ever here	test	0	0	1	0	0	0	0	0
test1982	is short list stains all over the carpet hairs and other dirt all over the bathroom ironboard and iron	test	0	0	0	0	0	1	1	0
test1983	were extremely dirty blood and vomit in the staircase hall cockroaches in the restaurant this is not joke unfriendly servantsone advise	test	0	1	1	0	0	0	0	1
test1984	stay away	test	0	0	1	0	0	0	0	0
test1985	kid friendly in sf	test	0	0	1	0	0	0	0	0
test1986	we stayed at the argonaut last weekend for my cousin wedding and were very impressed	test	0	0	1	0	0	0	0	0
test1987	the service was outstanding both toward us and our year old	test	0	0	0	0	0	0	0	1
test1988	we had king sized room which was fairly small but well arranged so we didn feel cramped	test	0	0	0	0	0	0	1	0
test1989	the staff was very friendly and even brought our son gold fish to take care of during his stay	test	0	0	0	0	0	0	0	1
test1990	problems in paradise	test	0	0	1	0	0	0	0	0
test1991	was travelling on family gathering in miami and my family booked at this hotel previously	test	0	0	0	0	0	0	0	0
test1992	arrived at on thursday and friday morning enjoyed the breakfast they offered subsequently we left the hotel around on friday and returned at on return luggage from our room had been stolen	test	0	1	0	0	0	0	1	0
test1993	my major concern was the way in which the hotel handled this the first question they asked was should we call the police	test	0	0	0	0	0	0	0	1
test1994	also noted that on return at least room doors were opened by housekeeping and the rooms unprotected by employees thus violating their own policy to get into this hotel you have to go through gate into secured compound	test	0	0	0	0	0	0	0	1
test1995	my warning is this the hotel accomodations are nice and pleasant be very careful about your possessions and use the safe	test	0	0	1	0	0	0	0	0
test1996	great hotel great service	test	0	0	1	0	0	0	0	1
test1997	was impressed by all aspects of the affinia	test	0	0	1	0	0	0	0	0
test1998	sophistication without the attitude which is so hard to find	test	0	0	0	0	0	0	0	0
test1999	when was concerned about how to find particular restaurant by cab the person at the front desk found the restaurant in the nyc zagat guide and made copy of the listing for me	test	0	0	0	0	0	0	0	0
test2000	the service from the bell staff was equally terrific	test	0	0	0	0	0	0	0	1
test2001	can wait to return	test	0	0	1	0	0	0	0	0
test2002	peace and quiet	test	0	0	1	0	0	0	0	0
test2003	the service was wonderful	test	0	0	0	0	0	0	0	1
test2004	they were very friendly	test	0	0	0	0	0	0	0	1
test2005	great location easy to get to union square	test	0	0	0	1	0	0	0	0
test2006	the rooms are fabulous	test	0	0	0	0	0	0	1	0
test2007	the bathrooms are huge and great closet space	test	0	0	0	0	0	1	1	0
test2008	lovely hotel excellent stay hotel is in great location and the rooms are good well sized bathroom was good size	test	0	0	1	1	0	0	1	0
test2009	very clean well kept	test	0	0	1	0	0	0	0	0
test2010	the beds are the most comfortable ever like massive marshmallow	test	0	0	0	0	0	0	1	0
test2011	the breakfast is brilliant with loads of choice restaurant amenities staff all brilliant	test	0	1	0	0	0	1	0	1
test2012	would recommend	test	0	0	1	0	0	0	0	0
test2013	only downside can think of is that as stated by others reviews they do not provide much in the tea coffee making kit but the card said that you could have more if	test	0	0	0	0	0	0	0	0
test2014	great small hotel in the old town there can be many hotels on earth owned by such fascinating man as this one	test	0	0	1	0	0	0	0	0
test2015	the rooms are all equipped not only with everything you need for very comfortable and affordable stay but also with copies of the owner writings thoughts reflections and words of wisdom kind of cross between khalil gibran and marcus aurelius	test	0	0	1	0	0	0	1	0
test2016	he himself is an inspired and inspiring presence and stay in his wonderful charmed hotel is capable of changing the course of person life	test	0	0	0	0	0	0	0	0
test2017	there are testimonies on the internet to this effect	test	0	0	0	0	0	0	0	0
test2018	it seems he will drop everything for deep conversation with guest	test	0	0	0	0	0	0	0	0
test2019	the hotel also has wonderful rooftop bar and restaurant which is great place to catch the evening light and eat excellent local gourmet food	test	1	1	0	0	0	0	0	0
test2020	ute place stayed at the avenue gardens hotels during jazzfest	test	0	0	0	0	0	0	0	0
test2021	great sized room very nice atmosphere	test	0	0	0	0	0	0	1	0
test2022	front desk was helpful and polite	test	0	0	0	0	0	0	0	1
test2023	the hotel was in good area with nice restaurants within walking distance and the trolley right across the street	test	0	0	0	1	1	0	0	0
test2024	would definitly stay here again	test	0	0	1	0	0	0	0	0
test2025	nice hotel just stayed one night nice hotel great location to the wharf	test	0	0	1	1	0	0	0	0
test2026	we did the dinner cruise on spirit of boston just had to walk over and get on the boat	test	0	0	0	0	0	0	0	0
test2028	comfortable bed too	test	0	0	0	0	0	0	1	0
test2030	would recommend this hotel great location and great price	test	0	0	1	1	0	0	0	0
test2031	the staff were very friendly and helpful	test	0	0	0	0	0	0	0	1
test2032	the rooms very comfortable and clean	test	0	0	0	0	0	0	1	0
test2033	if visited san francisco again would stay here	test	0	0	1	0	0	0	0	0
test2034	the airport shuttle bus drops you off and picks you up right outside the hotel	test	1	0	0	0	0	0	0	0
test2036	we stayed for week and had great time	test	0	0	1	0	0	0	0	0
test2037	the staff is wonderful friendly and will help you as much as possible	test	0	0	0	0	0	0	0	1
test2038	the hotel鈥檚 location is great convenient to the train station shopping and lots of restaurants	test	0	0	0	1	0	0	0	0
test2039	we will definitely stay here when we come back	test	0	0	1	0	0	0	0	0
test2040	nice one in europe	test	0	0	0	0	0	0	0	0
test2041	we had nice experience with this hotel	test	0	0	1	0	0	0	0	0
test2042	location is convenient though you still need to walk about minutes from the main train station not far but it matters when you have luggages	test	0	0	0	1	0	0	0	0
test2043	room is clean with comfortable bed not big not reasonable and with ac	test	0	0	0	0	0	1	1	0
test2044	loved the halekulani spent over week at the halekulani in february what wonderful hotel	test	0	0	1	0	0	0	0	0
test2045	friendly staff beautiful room and peaceful surroundings	test	0	0	0	0	0	0	1	1
test2046	the beach area is nonexistent but the pool is just beautiful	test	1	0	0	1	0	0	0	0
test2047	be sure to get the sunrise package the house without key orchids both serve an excellent breakfast	test	0	1	0	0	0	0	0	0
test2048	recommend visit to the hotel spa as well	test	1	0	0	0	0	0	0	0
test2049	great price and good location	test	0	0	1	1	0	0	0	0
test2050	this motel has always been favorite due to its location near folsom street and nightlife but is even better now that its been given aaa one diamond rating and upgraded the rooms	test	0	0	0	1	0	0	1	0
test2051	prices are good value even booking direct	test	0	0	1	0	0	0	0	0
test2052	breakfast in the morning was good with bagels etc	test	0	1	0	0	0	0	0	0
test2053	and decent coffee	test	0	1	0	0	0	0	0	0
test2054	hour staff was always helpful	test	0	0	0	0	0	0	0	1
test2055	wonderful people beautiful beach we had heard so many mixed things about the dr	test	0	0	1	0	0	0	0	0
test2056	some good and some bad	test	0	0	0	0	0	0	0	0
test2057	well can say this about the grand bahia pricipe	test	0	0	0	0	0	0	0	0
test2058	we had an amazing time	test	0	0	1	0	0	0	0	0
test2059	the weather was great the people were friendly and what an amaizing beach	test	0	0	0	0	0	0	0	0
test2060	we are going back in april to get married	test	0	0	1	0	0	0	0	0
test2061	reviews are spot on excellent location restauarants and bars are all on the street right in front of the hotel sites very easily accesible with both the bahn and bahn right outside the door we didnt have breakfast its euros	test	0	1	0	1	0	0	0	0
test2062	but if book day before its	test	0	0	0	0	0	0	0	0
test2063	to be honest though once you have found place to eat ordered juice coffee and say crambled eggs you have pretty much spent that anyway	test	0	0	0	0	0	0	0	0
test2064	so it is probably worth it as its buffet bar in hotel nice to start in or have drink before bed if	test	0	0	0	0	0	0	0	0
test2065	you stay in the front of the hotel	test	0	0	0	0	0	0	0	0
test2066	the windows are transparent we stayed with two children and hotel was fi	test	0	0	0	0	0	0	0	0
test2067	home in sydney	test	0	0	0	0	0	0	0	0
test2068	had short but very pleasant stay at the altamont	test	0	0	1	0	0	0	0	0
test2069	large and nice rooms excellent central situation and above all relaxed atmosphere and friendly very helpful staff	test	0	0	1	1	0	0	1	1
test2070	thanks alan	test	0	0	0	0	0	0	0	0
test2071	max	test	0	0	0	0	0	0	0	0
test2072	great great staff great beds great everything	test	0	0	1	0	0	0	1	1
test2073	you can tell this hotel is new and well	test	0	0	1	0	0	0	0	0
test2074	designed	test	0	0	0	0	0	0	0	0
test2075	only thing wasnt too happy about	test	0	0	0	0	0	0	0	0
test2076	was the lack of pool	test	1	0	0	0	0	0	0	0
test2077	desk staff was awesome	test	0	0	0	0	0	0	0	1
test2078	hotel preciados was wonderful	test	0	0	1	0	0	0	0	0
test2079	we spent two nights at the hotel preciados after reading about it on trip advisor and we could not have been more pleased	test	0	0	0	0	0	0	0	0
test2080	the room was immaculate and spacious	test	0	0	0	0	0	0	1	0
test2081	the staff could not have been friendlier or more helpful to us during our stay and although we prefer to walk rather than use public transportation the hotel was close to the transportation systems	test	0	0	0	1	0	0	0	1
test2082	we would definitely stay at this hotel again	test	0	0	1	0	0	0	0	0
test2083	great place great location to everything	test	0	0	0	0	0	0	0	0
test2084	had room facing the back that was nice and quiet	test	0	0	0	0	0	0	0	0
test2085	the room was large with huge sunken bathroom modern shower and jaccuzzi	test	0	0	0	0	0	0	0	0
test2086	the staff was helpful in making dinner reservations and booking tours	test	0	0	0	0	0	0	0	0
test2087	the breakfast was fair but adequate	test	0	0	0	0	0	0	0	0
test2089	loved this hotel stayed here recently with my sons ages	test	0	0	1	0	0	0	0	0
test2090	the hotel is perfectly located near the museums and leidisplein	test	0	0	0	1	0	0	0	0
test2091	the staff is awesome extremely friendly and professional	test	0	0	0	0	0	0	0	1
test2092	the rooms were clean and our triple room was extremely large by european stds	test	0	0	0	0	0	0	1	0
test2093	would recommend this hotel highly to anyone	test	0	0	1	0	0	0	0	0
test2094	simply outstanding	test	0	0	1	0	0	0	0	0
test2095	great hotel with perfect location	test	0	0	1	1	0	0	0	0
test2096	staff was prompt and courteous	test	0	0	0	0	0	0	0	1
test2097	room was large and very clean	test	0	0	0	0	0	0	1	0
test2098	bed was like sleeping on cloud	test	0	0	0	0	0	0	1	0
test2099	honestly could not be happier with my stay and this will definitely be my first choice in the future	test	0	0	1	0	0	0	0	0
test2100	well kept secret	test	0	0	0	0	0	0	0	0
test2101	the coral princess is well kept secret that is tucked away among the larger hotels in the condado area	test	0	0	1	0	0	0	0	0
test2102	have stayed there four times and each time has been great	test	0	0	1	0	0	0	0	0
test2103	the staff is great rooms are nice size it great location and it clean clean clean	test	0	0	0	1	0	0	1	1
test2104	ll definitely be staying here again the next time am in puerto rico	test	0	0	1	0	0	0	0	0
test2105	perfect small hotel	test	0	0	0	0	0	0	0	0
test2106	we love the small hotels	test	0	0	0	0	0	0	0	0
test2107	hotel foch is walking distance to many sights and also close to metro	test	0	0	0	0	0	0	0	0
test2108	the staff is excellent and so very friendly	test	0	0	0	0	0	0	0	0
test2109	the room was very comfortable and clean	test	0	0	0	0	0	0	0	0
test2110	out of the ordinary this is an unusual hotel different from the normal run of the mill	test	0	0	1	0	0	0	0	0
test2111	had large and comfortable room minimalist design which actually turned out to be quite relaxing	test	0	0	0	0	0	0	1	0
test2112	its few stops on the tram from the city the road is reasonably quiet	test	0	0	0	1	0	0	0	0
test2113	the tram stop is close by as is the canal hopper service	test	0	0	0	0	0	0	0	1
test2114	if you like design or want to try something different then this might be for you	test	0	0	0	0	0	0	0	0
test2115	my birthday meal havnt stayed at this hotel but while staying in barcelona my wife took me to the torres for meal on my birthday	test	0	0	0	0	0	0	0	0
test2116	the views are astounding and we were given table with excellent views of the magic fountains which started performing at hrs and the show was spectacular	test	0	0	1	0	0	0	0	0
test2117	the food was excellent and the staff were extremely helpfull and also very knowledgeable about the menus wine and food	test	0	1	0	0	0	0	0	1
test2118	am qualifed chef and my wife and have eaten in some of the best restaurants in the world including what is listed as the best restaurant in the world at the moment by renowned chefs the fat duck in bray uk and found the food and service in the torres to be of an extremely high standard	test	0	1	0	0	0	0	0	1
test2119	this hotel is not situated in run down area of barcelona as previous reviewer has stated	test	0	0	0	1	0	0	0	0
test2121	my wife and stayed here at the end of september and the beginning of october for nights	test	0	0	0	0	0	0	0	0
test2122	this hotel is good value for money we booked partial sea view room which was clean and tidy	test	0	0	1	0	0	0	1	0
test2123	the location of the hotel is great just across the road from the beach with plenty of reastaurants and shops nearby	test	0	0	0	1	0	0	0	0
test2124	the only real downside to this hotel is that the swimming pool is small and does nt see much of the sun	test	1	0	0	0	0	0	0	0
test2125	the wonderful watertown	test	0	0	1	0	0	0	0	0
test2126	this was wonderful experience	test	0	0	1	0	0	0	0	0
test2127	the staff couldn be more helpful the only problem is that they are going to burn themselves out if they keep going at this rate	test	0	0	0	0	0	0	0	1
test2128	we stayed first of all in the boardroom suite then in the view suite with great views	test	0	0	0	0	0	0	1	0
test2129	well worth just walking up to the ave just few blocks away to visit the quirky shops in the university district	test	0	0	0	0	0	0	0	0
test2130	good hotel overall	test	0	0	0	0	0	0	0	0
test2131	it nice typical stars hotel	test	0	0	0	0	0	0	0	0
test2132	the hotel is grand and nice the room is great the bathroom is nice	test	0	0	0	0	0	0	0	0
test2133	one thing which don really like it the pillow and the mattress which is bit soft for me	test	0	0	0	0	0	0	0	0
test2134	but overall still like the hotel	test	0	0	0	0	0	0	0	0
test2135	first class surpirsed my husband for birthday easter yankess white sox opener weekend getaway in april	test	0	0	0	0	0	0	0	0
test2136	there is no finer hotel in new york city	test	0	0	0	0	0	0	0	0
test2137	the ritz carlton central park has superior service amenities and ambiance	test	0	0	0	0	0	0	0	0
test2138	our park view room on the th floor overlooking central park was magical	test	0	0	0	0	0	0	0	0
test2139	from the concerige services room decor frette linens club level amenities central park location view and overall luxury melted our hearts with pleasure	test	0	0	0	0	0	0	0	0
test2140	what way to rekindle any marriage at the ritz first class	test	0	0	0	0	0	0	0	0
test2141	happy mardi gras	test	0	0	0	0	0	0	0	0
test2142	owned by the monteleone family this is wonderful place that has to be appreciated in botique hotel perspective	test	0	0	1	0	0	0	0	0
test2143	rooms great some have only showers slow elevator but who cares more time to visit	test	1	0	0	0	0	0	1	0
test2144	staf we had were all superb and the price especially for mardigras weekend was superb	test	0	0	1	0	0	0	0	1
test2145	had stayed there several years back and it has gotten better with age	test	0	0	1	0	0	0	0	0
test2146	ok location but	test	0	0	0	1	0	0	0	0
test2147	noisy rooms hotel balmes looks very plush from outside and in the reception area however we were in room and it was very dark and also very noisy didn get too much sleep during our stay	test	0	0	0	0	0	0	1	0
test2148	our room was spacious though and had seating area as well as sleeping area and nice bathroom	test	0	0	0	0	0	0	1	0
test2149	the walk to placa catalunya was about minutes would say which was further than had originally thought but it was easy to find our way around	test	0	0	0	0	0	0	0	0
test2150	didn have breakfasts at the hotel	test	0	0	0	0	0	0	0	0
test2151	used the garden area but not the pool although it did look very tempting but the weather wasn really warm enough	test	1	0	0	0	0	0	0	0
test2152	go for it	test	0	0	0	0	0	0	0	0
test2153	great location very central but tucked away from the neon lit main streets	test	0	0	0	1	0	0	0	0
test2154	very nice staff problem getting hot water in the morning but they were very accommodating	test	0	0	0	0	0	0	1	1
test2155	breakfast is well presented all tastes are catered for	test	0	1	0	0	0	0	0	0
test2156	rooms clean and simply decorated	test	0	0	0	0	0	0	1	0
test2157	would recommend to anybody	test	0	0	0	0	0	0	1	0
test2159	aparthotel silver is good clean tourist class hotel in quiet neighbourhood just north of the city centre	test	0	0	1	1	0	0	0	0
test2160	it provides excellent value compared with central hotels and offers great buffet breakfast	test	0	1	1	0	0	0	0	0
test2162	transport links are brilliant the hotel is from the metro station fontana and then minutes from the heart of the city line	test	0	0	0	1	0	0	0	0
test2163	loved this hotel have stayed in le meridien chain lot and have never been disappointed	test	0	0	1	0	0	0	0	0
test2164	this one was no exception	test	0	0	0	0	0	0	0	0
test2165	it has beautiful rooms marshmallow like comfortable beds and marble bathrooms	test	0	0	0	0	0	0	1	0
test2166	the staff were also very professional courteous and friendly	test	0	0	0	0	0	0	0	1
test2167	it is conveniently located near the embarcadero center but not very well known to taxi drivers	test	0	0	0	1	0	0	0	0
test2169	the hotel is very central and clean	test	0	0	1	1	0	0	0	0
test2170	however on checking in they told us our room was in another building across the road which turned out to be another hotel but owned by hotel victoria	test	0	0	0	0	0	0	0	0
test2171	the rooms were tiny noisey with no natural light and view of the hotel room opposite	test	0	0	0	0	0	0	1	0
test2172	would recommend this hotel for its location	test	0	0	1	0	0	0	0	0
test2173	but would insist on room in the main building of hotel victoria	test	0	0	0	0	0	0	0	0
test2174	perpetual guest	test	0	0	0	0	0	0	0	0
test2175	we first found this hotel four years ago	test	0	0	0	0	0	0	0	0
test2176	although the rooms are small the privacy ambience and staff more than make up for the lack of space	test	0	0	0	0	0	0	1	1
test2177	the bar restaurant and reading room are unique and welcomed in an ever busy non personal transit world of the traveller	test	0	0	1	0	0	0	0	0
test2178	recommend to those who do not like the high end hotel chains but still want to benefit from the luxury	test	0	0	1	0	0	0	0	0
test2179	switched hotels after one night do fair amount of business travel each year	test	0	0	0	0	0	0	0	0
test2180	so have developed standard	test	0	0	0	0	0	0	0	0
test2181	this hotel has very nice central interrior and the staff is extremely helpful	test	0	0	1	0	0	0	0	1
test2182	maybe got unlucky but after switching rooms twice due to the smell of the room and other unatractive characteristics decided to leave the property all together	test	0	0	0	0	0	0	0	0
test2183	the hotel is located far from the french quarter which also contributed to my decision to switch	test	0	0	0	0	0	0	0	0
test2184	although the bar is nice and the breakfast the one day did stay was excellent ve become accustomed to higher standard and comfort from my room	test	1	1	0	0	0	0	0	0
test2186	we had wonderful stay here for nights	test	0	0	1	0	0	0	0	0
test2187	the room was nice the beds are very comfortable and the staff was extremely friendly and helpful	test	0	0	0	0	0	0	1	1
test2188	this is definately th茅 place to stay in amsterdam for short city break	test	0	0	1	0	0	0	0	0
test2189	mediocre cleaning mediocre breakfast buffet was not asked about room preference at check in and got one stinking with old cigarettes	test	0	1	1	0	0	0	1	0
test2190	happily we were offered non smoking room within minutes after we complained	test	0	0	0	0	0	0	0	0
test2191	the glasses and cups we used in the room were not changed by the cleaning lady just wiped off	test	0	0	0	0	0	0	1	0
test2192	the breakfast buffet was ok but not up to the standards one should expect from star hotel	test	0	1	0	0	0	0	0	0
test2193	personell was nice and service minded though	test	0	0	0	0	0	0	0	1
test2194	great hotel ve stayed here times and every time it was great	test	0	0	1	0	0	0	0	0
test2195	the room was spacious and the hotel is across the road from the train station	test	0	0	0	1	0	0	1	0
test2196	if you re travelling by train this is definitely the hotel for you	test	0	0	0	0	0	0	0	0
test2197	there are also international calling booths across the road at the train station and post office to send souveniers to your family and friends just across the road	test	0	0	0	0	0	0	0	0
test2198	breakfast was great and there is free internet	test	1	1	0	0	0	0	0	0
test2199	functional downtown hotel stayed for nights in july functional hotel located slightly away from downtown but within minutes walk of most of the sights	test	0	0	1	1	0	0	0	0
test2200	have this down as star rather than received warm welcome on arrival and we were able to check in despite arriving early lots of information offered by the reception staff and secure underground parking for per day room was clean but not huge	test	0	0	0	0	0	0	1	1
test2201	the receptionist advised that the hotel was going to be refurbished later in the year but it had cable tv air con and everything else you need when your planning to spend most of your time exploring fantastic city like seattle	test	0	0	0	0	0	1	0	0
test2202	had breakfast in the hotel restaurant on the first day	test	0	0	0	0	0	0	0	0
test2203	but it was over priced and the food wasn great	test	0	1	0	0	0	0	0	0
test2204	on the second day we chose to go to one of the many local coffee shops which was much better and cheaper	test	0	0	0	0	0	0	0	0
test2206	we stayed at the for short romantic weekend getway	test	0	0	0	0	0	0	0	0
test2207	the room was awesome and location was perfect	test	0	0	0	1	0	0	1	0
test2208	everything within short walk	test	0	0	0	1	0	0	0	0
test2209	we had late checkin with no problems and very early checkout	test	0	0	0	0	0	0	0	0
test2211	great place stayed there recently and was very pleased	test	0	0	1	0	0	0	0	0
test2212	the lobby and rooms were very well done	test	0	0	1	0	0	0	1	0
test2213	there were free appetizers in the evening including chocolate covered strawberries that were amazing	test	0	1	0	0	0	0	0	0
test2214	the place is located one block off the beach which made it very convenient	test	0	0	0	1	0	0	0	0
test2216	not too big not too little	test	0	0	1	0	0	0	0	0
test2217	but	test	0	0	0	0	0	0	0	0
test2218	just right	test	0	0	0	0	0	0	0	0
test2219	garden gazeb	test	0	0	0	0	0	0	0	0
test2220	great location stayed here for weekend in mid november	test	0	0	0	1	0	0	0	0
test2221	hotel was fine very good location close to bars restaurants canal boat tours	test	0	0	1	1	0	0	0	0
test2222	centraal station it was clean and efficient and we had no complaints	test	0	0	0	0	0	0	0	0
test2223	we had read previous reviews and knew what to expect despite the crowne plaza brand	test	0	0	0	0	0	0	0	0
test2224	this is three star travel inn standard not the four star advertised so find good deal only pay three star prices	test	0	0	1	0	0	0	0	0
test2225	amsterdam is great walking city just watch out for bicycles	test	0	0	0	0	0	0	0	0
test2229	what more can one say	test	0	0	0	0	0	0	0	0
test2230	my wife and stayed on the name star package on our th anniversary and tell you from the fantastic meal in galileo to the unique naming of star for my wife to the room and pool and massage we had stay that will be with us for the rest of our lives we will most certainly shout out the praises of this fantastic hotel	test	0	1	1	0	0	0	0	0
test2231	very nice hotel in great location have just come back from long weekend in paris where stayed in the agora	test	0	0	1	1	0	0	0	0
test2232	it was wonderful little hotel the staff were all very polite and could not have been more helpful	test	0	0	1	0	0	0	0	1
test2233	the location was superb with lots of local caf茅s and restaurants	test	0	0	0	1	0	0	0	0
test2234	it is also only five minute walk to notre dam and only minutes to metro station	test	0	0	0	1	0	0	0	0
test2235	will definitely be staying here again in the future	test	0	0	1	0	0	0	0	0
test2236	great break arrived on the saturday afternoon pleasant staff greeted us	test	0	0	0	0	0	0	0	1
test2237	we were shown to our room via going through the famous garage area	test	0	0	0	0	0	0	0	0
test2238	we stayed on the fifth floor can honestly say that our room was very clean had working aircon and safety deposit box	test	0	0	0	0	0	1	1	0
test2239	do not have one complaint to make about the hotel considering it only cost me for three nights stay with breakfast	test	0	1	1	0	0	0	0	0
test2240	think that came out of it very well	test	0	0	0	0	0	0	0	0
test2243	love the white linens very clean	test	0	0	0	0	0	1	0	0
test2244	great looking and friendly staff will be back phillipe thanks for recommending townhall	test	0	0	0	0	0	0	0	1
test2245	we have great pictures of us in the chair	test	0	0	0	0	0	0	0	0
test2246	the best having stayed at hotels in the last days	test	0	0	1	0	0	0	0	0
test2247	it takes lot to get me enthused about hotel at the moment but the mandarin oriental certainly did	test	0	0	0	0	0	0	0	0
test2248	had harbour view room for nights and the standard of the room and more importantly the standard of the service were exceptional	test	0	0	0	0	0	0	1	1
test2249	the gym and spa area are stunning also	test	1	0	0	0	0	0	0	0
test2250	it is the only hotel ive stayed at over the last months that am keen to go and stay at again as soon as possibl	test	0	0	1	0	0	0	0	0
test2251	great place to stay we have now stayed at the nob hill motor inn three times and have been there several nights each time we were in san franscisco	test	0	0	1	0	0	0	0	0
test2252	we have never been disappointed	test	0	0	1	0	0	0	0	0
test2253	the people who run this inn are very helpful friendly and resourceful	test	0	0	0	0	0	0	0	1
test2254	our room has always been very clean quiet and comfortable	test	0	0	0	0	0	0	1	0
test2255	it is located conveniently close to public transportation and we have always been given good directions at the front desk	test	0	0	0	0	0	0	0	1
test2256	we definitely will go back the next time we visit the area	test	0	0	1	0	0	0	0	0
test2257	the staff are special here	test	0	0	0	0	0	0	0	1
test2258	this is budget hotel in good location central to everything	test	0	0	1	1	0	0	0	0
test2259	the nearest underground is city hall and compared to the opposition is extremely good value for manhattan	test	0	0	0	0	0	0	0	0
test2260	there are plenty of good restuarants within walking distance	test	0	0	0	1	0	0	0	0
test2261	the staff are really nice people and would recommend it for people visiting new york without hesitation	test	0	0	1	0	0	0	0	1
test2262	elegant hotel excellent position but some minor flaws we stayed here in late september and would recommend it for position and its effortless elegance and style	test	0	0	1	1	0	0	0	0
test2263	five minute walk from the duomo and various excellent side street restaurants make it very strong choice	test	0	0	0	1	0	0	0	0
test2264	that said those minor flaws as in other hotels rooms vary in quality from tired and jaded to newly refurbished with tuscan pain effects so negotiate for the better ones	test	0	0	0	0	0	0	1	0
test2265	breakfast was mediocre with catering being run by an outside conmtractor	test	0	1	0	0	0	0	0	0
test2266	be prepared to part with day for parking as well	test	1	0	0	0	0	0	0	0
test2267	but overall the setting especially the roof top bar terrace gave this very strong rating	test	0	0	1	0	0	0	0	0
test2268	great find stayed here on my final day in sydney prior to long haul flight back home	test	0	0	1	0	0	0	0	0
test2269	really nice hotel with great facilities if needed	test	1	0	1	0	0	0	0	0
test2270	also perfect location for access to shops in the cbd as right in the heart of the shopping area and only couple of minutes walk to the bars and restaurants at the harbour	test	0	0	0	1	0	0	0	0
test2272	nice hotel with great location stayed at the crowne plaza for nights from march	test	0	0	0	0	0	0	0	0
test2273	the hotel is in great location for exploring amsterdam and steps away from bars restaurants shopping and grocery	test	0	0	0	0	0	0	0	0
test2274	the room was above average in size for europe and the amenities were above average also	test	0	0	0	0	0	0	0	0
test2275	the bed was quite large and comfortable and the bathroom was large there were even ice makers on every other floor	test	0	0	0	0	0	0	0	0
test2276	the restaurant was crowded and overpriced so we skipped it but the bar was very entertaining and very busy at night	test	0	0	0	0	0	0	0	0
test2277	overall would stay here again at reduced rate but not sure if it would be worth the cost at regular rates	test	0	0	0	0	0	0	0	0
test2279	this was great hotel	test	0	0	0	0	0	0	0	0
test2280	great walking distance to everything and the hotel staff were very helpful and courteous	test	0	0	0	1	0	0	0	1
test2281	clean rooms nice breakfast in the morning	test	0	1	0	0	0	0	1	0
test2282	perfect for me and my husband during our stay	test	0	0	1	0	0	0	0	0
test2283	loved the hotel of my girlfriends and have just returned from punta cana and overall our visit was quite pleasant	test	0	0	1	0	0	0	0	0
test2284	the weather was great	test	0	0	0	0	0	0	0	0
test2285	the hotel was very nice spacious and it had many options as far as food and restaurants	test	1	1	1	0	0	0	0	0
test2286	we highly recommend the restaurant la res the food was superb	test	1	0	0	0	0	0	0	0
test2287	the only downfall of our trip was that we found most of the staff to be extremely rude and not very attentive and courteous	test	0	0	0	0	0	0	0	1
test2288	but overall it was great memorial day get away	test	0	0	1	0	0	0	0	0
test2289	great for the price	test	0	0	1	0	0	0	0	0
test2290	my boyfriend and stayed one night at the vibe hotel	test	0	0	0	0	0	0	0	0
test2291	and thought for price and location you can beat it	test	0	0	1	1	0	0	0	0
test2292	they had just recently undergone massive renovation and the rooms were modern and comfortable and included any amenity we could have asked for minus complimentary towels at the rooftop pool which was slightly annoying since we called down to housekeeping times and were clearly ignored	test	0	0	0	0	0	1	1	1
test2293	so basically aside from lack of towels at the pool out stay was comfortable and hassle free and exactly what we were looking for	test	0	0	1	0	0	0	0	0
test2294	loved the building stayed for one night in july	test	0	0	1	0	0	0	0	0
test2295	excellent location close to airport walking distance to van gogh museum and lots of nice restaurants and terraces around the hotel	test	0	0	0	1	0	0	0	0
test2296	staff is the most helpfull have seen	test	0	0	0	0	0	0	0	1
test2297	internet connection in the room is expensive but there is pc with internet connection near the reception that can be used for free	test	1	0	0	0	0	1	0	0
test2298	hotel bar is nice and got the most delicious apple pie in my life in this hotel strogly recommend it	test	0	1	1	0	0	0	0	0
test2299	good hotel problem with burger	test	0	1	1	0	0	0	0	0
test2300	stayed here after red river shootout and it was good	test	0	0	0	0	0	0	0	0
test2301	the room was cozy and it was easy to access	test	0	0	0	0	0	0	1	0
test2302	my only problem is that they toast the buns to their burgers and it little crunchy on the outer edge which don like	test	0	0	0	0	0	0	0	0
test2303	otherwise it was nice night for me	test	0	0	1	0	0	0	0	0
test2304	very centrally located we stayed at the hotel for nights and were very pleased with our choice	test	0	0	0	1	0	0	0	0
test2305	the hotel was less than minute walk from the shinjuku station and close to everything shops restaurants etc	test	0	0	0	1	0	0	0	0
test2306	although the rooms were bit tiny as are all tokyo hotel rooms was told they were very clean	test	0	0	0	0	0	0	1	0
test2307	the lobby was nicely designed with modern decor very stylish and chic	test	0	0	1	0	0	0	0	0
test2308	overall we had wonderful time staying at the sunroute plaza	test	0	0	1	0	0	0	0	0
test2309	great well priced hotel with very friendly helpful staff	test	0	0	1	0	0	0	0	1
test2310	always find hotels in paris bit of gamble unless your paying top dollor	test	0	0	0	0	0	0	0	0
test2311	but this hotel has nice exterior very clean interior with helpful staff	test	0	0	1	0	0	0	0	1
test2313	fantastic kapok loved it	test	0	0	1	0	0	0	0	0
test2314	we loved the kapok so much we stayed there times over week period while coming and going from beijing	test	0	0	1	0	0	0	0	0
test2315	it is in fabulous location is modern and funky has great bar and restaurants and fantastic staff	test	0	1	0	1	0	0	0	1
test2316	added to this was the excellent price	test	0	0	1	0	0	0	0	0
test2317	we ll definitely go back	test	0	0	1	0	0	0	0	0
test2318	the quiet jewel in the quarter was apprehensive about staying in the french quarter with the sounds of party echoing from bourbon street	test	0	0	0	0	0	0	0	0
test2319	but found this small hotel only block off of bourbon to be quiet jewel	test	0	0	1	0	0	0	0	0
test2320	with good hotels amenities and friendly and helpful staff found myself able to complete my buisness and enjoy some of the nightlife made famous by bourbon street	test	0	0	0	0	0	1	0	1
test2321	highly recommend the hotel saint marie for buisness or pleasure	test	0	0	1	0	0	0	0	0
test2322	super stayed for three nights on business	test	0	0	1	0	0	0	0	0
test2323	it is just super	test	0	0	1	0	0	0	0	0
test2324	great room	test	0	0	0	0	0	0	1	0
test2325	great view and good location	test	0	0	1	1	0	0	0	0
test2326	would definately stay here again if had to return to singapore on business	test	0	0	1	0	0	0	0	0
test2327	only complaint was the breakfast buffet was really crowded noisy and not at all tranquil	test	1	0	0	0	0	0	0	0
test2328	highly recommend the berchielli we spent nights at the berchielli last week and the experience was completely delightful	test	0	0	1	0	0	0	0	0
test2329	perfect location on the river an easy walk to the ponte vecchio friendly attentive staff spotless attractive rooms and an excellent hot american breakfast	test	0	1	0	1	0	0	1	1
test2330	other family members had spectacular river views through huge windows in their rooms	test	0	0	0	0	0	0	1	0
test2331	my single room which referred to as the princess room since you went up flights of stairs to enter the sleeping bath area after you came in the door had no view but was so delightfully quiet that happily accepted the trade off	test	0	0	0	0	0	0	1	0
test2332	the size of the hotel was perfect with boutique atmosphere	test	0	0	1	0	0	0	0	0
test2333	loved florence and will hope to have the opportunity to return and enjoy the berchielli again	test	0	0	0	0	0	0	0	0
test2334	new cliff vilas best in bali	test	0	0	1	0	0	0	0	0
test2335	we spent seven nights there over easter and stayed in the new cliff vilas	test	0	0	0	0	0	0	0	0
test2336	for under us night incl breakfast it was extraordinary value for money	test	0	0	1	0	0	0	0	0
test2337	the vilas are the size of house with large and magnificent private pool cabana grounds living room and bathroom that is equal in size to half the vila	test	1	0	1	0	0	0	1	0
test2338	you see the ocean from every room the butler was great and whilst the staff were not the most efficent in the world their efforts and kindness make up for it	test	0	0	0	0	1	0	1	1
test2339	out of	test	0	0	1	0	0	0	0	0
test2340	dont do it unless have dont stay here unless you have to	test	0	0	1	0	0	0	0	0
test2341	the blankets were dirty	test	0	0	0	0	0	1	0	0
test2342	stains everywhere and	test	0	0	0	0	0	1	0	0
test2343	that wasnt the only reason had bad stay	test	0	0	1	0	0	0	0	0
test2344	thin walls and loud sounds coming from all directions left me awake and wishing had slept anywhere else	test	0	0	0	0	0	0	1	0
test2345	above average hotel stayed for three nights in june	test	0	0	1	0	0	0	0	0
test2346	slightly overrated	test	0	0	1	0	0	0	0	0
test2347	while the rooms were clean and modern plasma purified water in the bathroom they are very small	test	0	0	0	0	0	0	1	0
test2348	hotel guests are mostly white americans not that that is bad thing but being in the hotel you would never know you were in china except for the staff	test	0	0	0	0	0	0	0	0
test2349	great location excellent service clean modern facilities good western style restuarant for buffet breakfast luxury shopping within the hotel	test	1	1	0	1	0	0	0	1
test2350	excellent not much more to say	test	0	0	1	0	0	0	0	0
test2351	pretty picky about hotels	test	0	0	0	0	0	0	0	0
test2352	but this great place in every way	test	0	0	1	0	0	0	0	0
test2353	agree with the last reviewer about not wanting too many people to find out about this place	test	0	0	0	0	0	0	0	0
test2354	location is pretty much next to the accademia and not far from the duomo	test	0	0	0	1	0	0	0	0
test2355	service is great and the people working at the desk are extremely friendly and helpful	test	0	0	0	0	0	0	0	1
test2356	good location great hotel	test	0	0	1	1	0	0	0	0
test2357	this is wonderful hotel	test	0	0	1	0	0	0	0	0
test2358	room was spacious and clean staff were very helpful and friendly	test	0	0	0	0	0	0	1	1
test2359	the cafe and bar give the hotel great atmosphere	test	0	0	1	0	0	0	0	0
test2360	the location is very good plenty of good restaurants tram stop and canal cruise close by	test	0	0	0	1	0	0	0	0
test2361	ideal hotel we really liked this hotel we were originally booked for the kempinsky but due to mix up we couldn get in and booked this very much last minute	test	0	0	1	0	0	0	0	0
test2362	the hotel is little tired however they are working on that	test	0	0	1	0	0	0	0	0
test2363	and it will be rectified the breakfast was wonderful with lots of choice	test	0	1	0	0	0	0	0	0
test2364	all in all we would definitely stay here again	test	0	0	1	0	0	0	0	0
test2365	if you are going to berlin for few days and know how to ride pushbike we would strongly recommend the fat tire bike company nothing too strenuous but great way of seeing the city	test	0	0	0	0	0	0	0	0
test2366	single room double price had booked double room through website then called to check if there was single available as was going to be on my own	test	0	0	0	0	0	0	1	0
test2367	they said fine no problem but don bother to cancel the original booking	test	0	0	0	0	0	0	0	0
test2368	we ll take care of it when you arrive	test	0	0	0	0	0	0	0	0
test2369	when got there was given very small room with just one single bed so expected single room rate as well	test	0	0	0	0	0	0	1	0
test2370	but when checked out realized that was not the case	test	0	0	0	0	0	0	0	0
test2371	single room double price	test	0	0	0	0	0	0	1	0
test2373	for an airport hotel the sheraton is great	test	0	0	1	0	0	0	0	0
test2374	nice rooms and amenities	test	0	0	0	0	0	1	1	0
test2375	bit pricey but worth it for being able to chek out and literally walk into the terminal	test	0	0	1	1	0	0	0	0
test2376	sweeping city views	test	0	0	0	0	0	0	0	0
test2377	this is great new hotel in san francisco close to the convention centre and the main shopping area	test	0	0	0	1	0	0	0	0
test2378	had the luxury of staying in one of the well appointed junior suites	test	0	0	0	0	0	0	1	0
test2379	these are located on the corners of the building so the room has huge floor to ceiling windows on two sides also extending into the bathroom the room was huge complete with ipod docking station huge flat screen tv and massive bathroom with walk in double shower at one end	test	0	0	0	0	0	1	1	0
test2380	all the staff were courteous especially the cheerful spa staff and my three night stay was very pleasant	test	0	0	1	0	0	0	0	1
test2381	amazing experience	test	0	0	1	0	0	0	0	0
test2382	this is one of the best hotel experiences have ever had	test	0	0	1	0	0	0	0	0
test2383	beautiful new hotel building wonderful one bedroom suite stunning views from our room and the vip lounge and excellent service	test	0	0	1	0	0	0	1	1
test2384	combining our experience at the four seasons with visits to the other two highly recommended hong kong hotels peninsula left us with no doubt whatsoever that we made the right choice	test	0	0	1	0	0	0	0	0
test2385	atedral lives up to its reputation	test	0	0	1	0	0	0	0	0
test2386	we have stayed at hotel catedral for the past years whenever we go to mexico city for business or pleasure	test	0	0	0	0	0	0	0	0
test2387	the staff knows us and we always get excellent service and treatment	test	0	0	0	0	0	0	0	1
test2388	the rooms are clean and comfortable and the restaurant is fantastic	test	0	1	0	0	0	0	1	0
test2389	it may not be luxury property but with the money we save we can eat at the most expensive restaurants around and thoroughly enjoy ourselves	test	0	0	1	0	0	0	0	0
test2390	do not think would stay anywhere else	test	0	0	1	0	0	0	0	0
test2391	fine hotel in rather an unusual setting finding this hotel in the midst of rather run down area of barcelona was bit of disappointment but as we explored we found we could walk to the sea in minutes and to port vell via the promenade in minutes which improved the whole situation	test	0	0	0	0	0	0	0	0
test2392	the hotel is really quite plush the rooms had everything we needed and we were impressed to find that soft drinks in room fridge were replaced daily free	test	0	0	0	0	0	0	0	0
test2393	the staff were very helpful and knowledgeable about barcelona and where to go	test	0	0	0	0	0	0	0	0
test2394	the only possible discontent was that breakfast was definitely better some days than others but the menu del dia which started badly improved rapidly each day and at euros for courses plus bottle of wine and bottle of water wasn to be turned down	test	0	0	0	0	0	0	0	0
test2395	it is definitely hotel would visit again particularly as we now understand that the whole area will be refurbished over the next couple of years	test	0	0	0	0	0	0	0	0
test2396	wir waren	test	0	0	0	0	0	0	0	0
test2397	n盲chte	test	0	0	0	0	0	0	0	0
test2398	hotel es	test	0	0	0	0	0	0	0	0
test2400	des odeure	test	0	0	0	0	0	0	0	0
test2401	茅gout	test	0	0	0	0	0	0	0	0
test2403	une	test	0	0	0	0	0	0	0	0
test2404	eau jaun芒tre	test	0	0	0	0	0	0	0	0
test2406	good value for new york stayed for nights from the th january	test	0	0	1	0	0	0	0	0
test2407	had to wait till pm for room official check in time pm the offer of complimentary drink or pot of tea would have been nice but not offered	test	0	0	0	0	0	0	0	1
test2408	room was big by ny standards and best view over ny	test	0	0	1	0	0	0	1	0
test2409	ve had in stays in the city	test	0	0	0	0	0	0	0	0
test2410	very central for all attractions and the staff helpful and efficient	test	0	0	0	1	0	0	0	1
test2411	very surprised nobody has mentioned the westway diner on th avenue between st and nd street as great place for breakfast or for that matter any meal they re open	test	0	0	0	0	0	0	0	0
test2412	great choice	test	0	0	0	0	0	0	0	0
test2413	our family of people stayed nights and loved the friendly homey feeling of the hotel	test	0	0	0	0	0	0	0	0
test2414	the staff is most accommodating the location is excellent the rooms are clean and remind you of old world design	test	0	0	0	0	0	0	0	0
test2415	having an open buffet round the clock added much to our comfort	test	0	0	0	0	0	0	0	0
test2416	we would recommend staying at the continental palacete to anyone wanting small intimate well run hotel	test	0	0	0	0	0	0	0	0
test2417	ice city shame about the hotel	test	0	0	1	0	0	0	0	0
test2418	we stayed for week in august th found hotel to be showing its age doormen and staff very polite and courteous	test	0	0	1	0	0	0	0	1
test2419	but as show hotel for boston think it could do with some updating	test	0	0	1	0	0	0	0	0
test2420	as some people have said it is surrounded by some good buildings such as trinity church and the library but is overshadowed by the monster skyscraper of the hancock tower	test	0	0	0	0	0	0	0	0
test2421	will not recommend this hotel to my friends or family as believe more modern hotels exist in the city	test	0	0	1	0	0	0	0	0
test2422	what can say is we experienced some history that the hotel showed in its makeup	test	0	0	0	0	0	0	0	0
test2423	highly recommend victoria victoria is well located near plaza de sol about half way between the prado and the royal palace and short walk to the gran via	test	0	0	1	1	0	0	0	0
test2424	there are many restaurants in the immediate neighborhood	test	0	0	0	1	0	0	0	0
test2425	the hotel staff was helpful the room sufficiently large clean and quiet	test	0	0	0	0	0	0	1	1
test2426	the lobby is somewhat small	test	0	0	1	0	0	0	0	0
test2427	the breakfast which was included was more than satisfactory for continental breakfast	test	0	1	0	0	0	0	0	0
test2428	victoria is good choic	test	0	0	1	0	0	0	0	0
test2429	xcellent hotel clean good food excellent staff very freindly people	test	0	1	1	0	0	0	0	1
test2430	good value for money as everything included breakfast taxes	test	0	0	1	0	0	0	0	0
test2431	good location just opposite central station and tram station and around the corner for everything else	test	0	0	0	1	0	0	0	0
test2432	excellent selection of tourist information in the foyer and in rooms	test	0	0	0	0	0	0	1	0
test2433	you must go on the walking tour buy guide of old city from hotel reception	test	0	0	0	0	0	0	0	0
test2434	excellent location this hotel had an excellent location near plaza catalunya and las ramblas	test	0	0	0	0	0	0	0	0
test2435	it was also convenient to get to from the airport with the aerobus stopping at plaza catalunya	test	0	0	0	0	0	0	0	0
test2436	the rooms were very nicely furnished and quiet and you are greeted with glass of cava upon arrival	test	0	0	0	0	0	0	0	0
test2437	the staff was very friendly and extremely helpful	test	0	0	0	0	0	0	0	0
test2438	the only complaint we had was that our room was way too small	test	0	0	0	0	0	0	0	0
test2439	from the reviews it seemed that there are larger rooms available so do ask for those if you can	test	0	0	0	0	0	0	0	0
test2440	prescott lifesaver the prescott came to my aid after left another hotel around the block which could provide high speed access	test	0	0	0	0	0	0	0	0
test2441	they set me up with wireless bridge which worked perfectly with my laptop	test	0	0	0	0	0	0	0	0
test2442	had no problem with cell phone reception in my room and probaly made calls at the time	test	0	0	0	0	0	0	1	0
test2443	the only reason didn give this lovely hotel excellent is due to the limited room service	test	0	0	0	0	0	0	0	1
test2444	it is difficult to find place in the neighbourhood to get reasonably priced meal you don want entrees every night	test	0	0	0	0	0	0	0	0
test2445	great atmosphere	test	0	0	1	0	0	0	0	0
test2446	if you are looking for something at little out of the ordinary stay at the hotel zaza	test	0	0	1	0	0	0	0	0
test2447	everything about the place is unique	test	0	0	1	0	0	0	0	0
test2448	the quality of the service and back drops are not great but if you can overlook the details it is worth the stay	test	0	0	1	0	0	0	0	1
test2449	we really loved the movies playing on the outside of the building when you arrive and depart in the evenings	test	0	0	1	0	0	0	0	0
test2450	weekend at the westin	test	0	0	0	0	0	0	0	0
test2451	this is very nice hotel in very good location in downtown	test	0	0	1	1	0	0	0	0
test2452	dallas the beds were soft the shower	test	0	0	0	0	0	0	1	0
test2453	was heavenly shower with very good water	test	0	0	0	0	0	0	1	0
test2454	pressure the towels were very thick and soft no pool the only bad thing about this hotel is that it is connected to the plaza of the americas office complex which is closed on the weekends so all of the shops are not open there is an ice skating rink that is open for limited skating pay the for valet parking unless you plan to drive to other parts of dallas the dart train is only about blocks from the front door	test	1	0	0	1	0	1	0	0
test2455	no problem with me	test	0	0	0	0	0	0	0	0
test2456	hesitated to book room in this hotel because of the mixed opinions posted below but went on to reserve one mainly because of its location undoubtedly the closest hotel from the central station	test	0	0	0	1	0	0	0	0
test2457	as it turned out it was pleasant stay	test	0	0	1	0	0	0	0	0
test2458	the lobby was great the staffs were kind the room was spacious and clean equipped with table and separate study desk	test	1	0	0	0	0	1	1	1
test2459	the breakfast was rather expensive euro so chose to get food outside	test	0	1	0	0	0	0	0	0
test2460	excellent hotel in florence hotel caravaggio florencemy wife and stayed nights in may and would definitely return	test	0	0	1	0	0	0	0	0
test2461	well represented by previous reviews	test	0	0	0	0	0	0	0	0
test2462	ask staff about directions to restaurant academia for well priced and delicious florentine cookingpros	test	0	0	0	0	0	0	0	0
test2463	location min walk from main train station florence min walk to duomo min walk to uffizi min walk to pontevechhio nice collection of bars and restaurants close by min walk to supermarket min walk to internet point	test	0	0	0	1	0	0	0	0
test2464	facilities rooms were clean and comfortable free wi fi access bring your notebook to surf in your room hotel bar open in the afternoon and evenings downstairs nice breakfast in the mornings breads cereals fruit meats mini fridge in room rooms have ccons	test	1	1	0	0	0	1	1	0
test2466	room with view lovely reception staff and lovely room we stayed in with view of duomo not the main one	test	0	0	0	0	0	0	1	1
test2467	very new bathroom	test	0	0	0	0	0	0	1	0
test2468	lift access hour reception	test	1	0	0	0	0	0	0	1
test2469	the breakfast was amazing included range of cheeses bread meats and sweet pastries plus the much needed expressos bar and lounge area	test	0	1	0	0	0	0	0	0
test2470	ideal for walking around florence literally down the road from the duomo	test	0	0	0	1	0	0	0	0
test2471	excellent stayed there with mate having arrived after hrs on planes from new york madrid and barcelona	test	0	0	0	0	0	0	0	0
test2472	the staff were friendly and welcoming right from the start with plenty of charm and good humour which we found unusual in spain on the whole	test	0	0	0	0	0	0	0	1
test2473	rooms were very clean and well maintained	test	0	0	0	0	0	0	1	0
test2474	it in great location for the night life ramblas and was within easy walking distance of good bars resturants and other attractions	test	0	0	0	1	0	0	0	0
test2475	lld recomend this mainly for younger people singles or couples as the nightlife in the immediate area is vibrant to say the least	test	0	0	1	0	0	0	0	0
test2476	overall great hotel with excellant service presentation and modern amenities would stay there again without doubt	test	0	0	1	0	0	1	0	1
test2477	perfectly clean and modern perfect location absolutly loved hotel perseo	test	0	0	0	0	0	0	0	0
test2478	it was the perfect location less then block from the beautifull duomo awesome shopping all around	test	0	0	0	0	0	0	0	0
test2479	the staff was so sweet and helpfull and spoke perfect english	test	0	0	0	0	0	0	0	0
test2480	they offered to make reservations for the uffuzia and accedemia for me before even thought to ask which enabled me to sail right in while the lines streched down and around the corner	test	0	0	0	0	0	0	0	0
test2481	the lift was broke one day but only for couple hours	test	0	0	0	0	0	0	0	0
test2482	would absolutly reccomend this hotel	test	0	0	0	0	0	0	0	0
test2483	great stay at el convento spent nights at el convento	test	0	0	1	0	0	0	0	0
test2484	great location our room was very nice and service was excellent	test	0	0	0	1	0	0	1	1
test2485	everyone was helpful with booking tour restaurant recommendations and reservations etc	test	0	0	0	0	0	0	0	1
test2486	we spent day at the beach at their affiliated hotel la concha which was excellent	test	0	0	0	1	0	0	0	0
test2487	we would recommend highly	test	0	0	1	0	0	0	0	0
test2488	what pleasurable stay stayed at the marriot san juan resort and casino excellent hotel clean and the staff was very helpful	test	0	0	0	0	0	0	0	0
test2489	stayed there days prior to cruise and will return again	test	0	0	0	0	0	0	0	0
test2490	the best part was the nightly salsa band and dancing in the hotel lobby	test	0	0	0	0	0	0	0	0
test2491	the room was clean bed comfy and beachfront clean and quiet	test	0	0	0	0	0	0	0	0
test2492	will return agai	test	0	0	0	0	0	0	0	0
test2493	bargain stay	test	0	0	1	0	0	0	0	0
test2494	don expect any frills but the service and location are excellent	test	0	0	1	1	0	0	0	1
test2495	one block off the heart of downtown boston makes this hotel an excellent choice for location	test	0	0	0	1	0	0	0	0
test2496	nice quiet spot with excellent service	test	0	0	1	0	0	0	0	1
test2497	the beds are bit lumpy and the walls need some paint	test	0	0	0	0	0	0	1	0
test2498	phenomenal one of the best hotels ever	test	0	0	1	0	0	0	0	0
test2499	the service is wonderful	test	0	0	0	0	0	0	0	1
test2500	the accommodations were comfortable clean and first rate	test	0	0	1	0	0	0	1	0
test2501	can say enough about this hotel	test	0	0	1	0	0	0	0	0
test2502	the location is fantastic as well	test	0	0	0	1	0	0	0	0
test2503	liked the mosser	test	0	0	0	0	0	0	0	0
test2504	the mosser is very clean comfortable friendly attractive hotel that in great location in san francisco	test	0	0	1	1	0	0	0	0
test2505	it also inexpensive	test	0	0	1	0	0	0	0	0
test2506	the only drawbacks which are no secret are that the rooms are small although very well arranged and the bathrooms are shared or at least mine was	test	0	0	0	0	0	0	1	0
test2507	if you re ok with that definitely stay at the mosser	test	0	0	1	0	0	0	0	0
test2508	great value for money great value for money if you can get discounted rate	test	0	0	1	0	0	0	0	0
test2509	pretty good location	test	0	0	0	1	0	0	0	0
test2510	it rated or star	test	0	0	0	0	0	0	0	0
test2511	but it more like star	test	0	0	0	0	0	0	0	0
test2512	some signs of wear and tear but if you can get good rate it has everything you need and you won be like you overpaid	test	0	0	1	0	0	0	0	0
test2513	loved this hotel this hotel is gem in london great group of staff who were very friendly and were sincerely attentive to all our needs	test	0	0	1	0	0	0	0	1
test2514	the room was clean sleek and cool modern with great bath and fabulous toiletries	test	0	0	0	0	0	0	1	0
test2515	well thought out design to incorporate alot of extras	test	0	0	0	0	0	0	1	0
test2516	the location is block off the tube and tower of london so easy to get around	test	0	0	0	1	0	0	0	0
test2517	really great place to stay	test	0	0	1	0	0	0	0	0
test2518	top pick plus great location	test	0	0	0	0	0	0	0	0
test2519	unique amenities like the on going free mini bar super friendly staff	test	0	0	0	0	0	0	0	0
test2520	smart interior design	test	0	0	0	0	0	0	0	0
test2521	overall philosophy	test	0	0	0	0	0	0	0	0
test2522	ecology etc minus sound isolation is ideal hotel for week end in barcelona	test	0	0	0	0	0	0	0	0
test2523	recommend bernini palace stayed in the bernini palace hotel at easter	test	0	0	1	0	0	0	0	0
test2524	although the lobby and first floor are recently under renovation the hotel is very very good	test	0	0	1	0	0	0	0	0
test2525	beautiful bedrooms with nice bathrooms and great breakfast	test	0	1	0	0	0	0	1	0
test2526	and in the very middle of florence	test	0	0	0	1	0	0	0	0
test2527	you can find anything better	test	0	0	1	0	0	0	0	0
test2528	great hotel and anthony is hot	test	0	0	0	0	0	0	0	0
test2529	the hotel is beautiful and the weather was great was wondering where was going to stay and leery on which place to choose being from the east coast we are all leery and question everything best value in hollywood however extremely dissapointed in the parking fees	test	0	0	0	0	0	0	0	0
test2530	corey can you ever wave that fee	test	0	0	0	0	0	0	0	0
test2531	geesh	test	0	0	0	0	0	0	0	0
test2532	also if anthony is friend of dorothy or is family date him in minute thanks again	test	0	0	0	0	0	0	0	0
test2533	best hotel in san fransisco stayed in the argonaut on our honeymoon everything was new clean and well	test	0	0	0	0	0	0	0	0
test2534	furnished staff were really helpful and the hotel felt luxurious	test	0	0	0	0	0	0	0	0
test2535	negotiate with the front desk they gave us discount	test	0	0	0	0	0	0	0	0
test2536	checked into the sheritan first and checked straight out disgusting place depressing rooms in diar need of refurbishment and also very noisy we were put in room right by the bus station	test	0	0	0	0	0	0	0	0
test2537	lean affordable bit older decor all the staff of this hotel were most very friendly	test	0	0	1	0	0	0	0	1
test2538	hotel has alot of charater and the rooms were clean	test	0	0	1	0	0	0	1	0
test2539	however they were bit on the older side and could use some updating	test	0	0	0	0	0	0	1	0
test2540	the location is fantastic for the theatre districtand dining options	test	0	0	0	1	0	0	0	0
test2541	also convenience stores andbakeries are close by	test	0	0	0	1	0	0	0	0
test2542	good price service location	test	0	0	1	1	0	0	0	1
test2543	unbelievably friendly staff highly recommend excellent hotel service beyond our wildest dreams	test	0	0	1	0	0	0	0	1
test2544	osam and his staff was really friendly helpful and accommodating	test	0	0	0	0	0	0	0	1
test2545	they treated our children like royalty for our short stay and we really appreciate that	test	0	0	0	0	0	0	0	1
test2546	the steps up to reception look daunting but it adds to the authenticity of the building in my view	test	0	0	1	0	0	0	0	0
test2547	the only downside was the weather and can blame the hotel for that	test	0	0	0	0	0	0	0	0
test2548	great location shame about the noise we stayed at the hotel for nights	test	0	0	1	1	0	0	0	0
test2549	the location was excellent	test	0	0	0	1	0	0	0	0
test2550	the furnishings in the room were bit dark and dreary	test	0	0	0	0	0	0	1	0
test2551	the first night was quiet but the room next door was occupied the second night and we could hear every noise	test	0	0	0	0	0	0	1	0
test2552	we couldn go to sleep until they switched their tv off	test	0	0	0	0	0	0	0	0
test2553	on the plus side the staff were very friendly and helpful	test	0	0	0	0	0	0	0	1
test2555	this hotel was in the best location in the middle of things but we didn hear any noise at night	test	0	0	1	1	0	0	0	0
test2556	it was nice returning at the end of the day to have snacks in the bar reception area	test	0	0	0	0	0	0	0	0
test2557	the rooms were clean hotel staff friendly	test	0	0	0	0	0	0	1	1
test2558	the breakfasts were also very good with wide choice	test	0	1	0	0	0	0	0	0
test2559	excellent staff excellent hotel for the price	test	0	0	1	0	0	0	0	1
test2560	the staff are very helpful and friendly	test	0	0	0	0	0	0	0	1
test2561	everyone speaks english	test	0	0	0	0	0	0	0	1
test2562	the hotel itself is very good if you don mind the staircase leading to it	test	0	0	1	0	0	0	0	0
test2563	cosy and warm atmosphere nice rooms though small and close to all tourist sites and the trainstation	test	0	0	1	1	0	0	1	0
test2564	we will surely stay in that hotel next time	test	0	0	1	0	0	0	0	0
test2566	it is good clean high end hotel in beijing	test	0	0	1	0	0	0	0	0
test2567	although won rate it as highly as it is hyped	test	0	0	1	0	0	0	0	0
test2568	even service and concierage is not as great	test	0	0	0	0	0	0	0	1
test2569	the enjoyable part is good decoration cleanliness comfortable rooms very clean and well designed bathrooms and location location location	test	0	0	0	1	0	0	1	0
test2570	its walking distance from wangfujing and subway station which is big plus	test	0	0	0	1	0	0	0	0
test2571	best in london	test	0	0	1	0	0	0	0	0
test2572	this is the best bargain in london	test	0	0	1	0	0	0	0	0
test2573	room faced the street and we had no problem with noise breakfeast was included and good vey friendly staff	test	0	1	0	0	0	0	1	1
test2574	will not stay anywhere else when in london	test	0	0	1	0	0	0	0	0
test2575	great hotel but not for older couples very nice hotel and efficient staff	test	0	0	1	0	0	0	0	1
test2576	very modern decor which was refreshing	test	0	0	0	0	0	0	1	0
test2577	however the shower tub was very dangerous and definitely not for mature couples or persons with disabilities	test	0	0	0	0	0	0	1	0
test2578	there was no handle on the shower wall to assist getting in and out of the tub shower which was quite high	test	0	0	0	0	0	0	1	0
test2579	aside from this we enjoyed our stay	test	0	0	1	0	0	0	0	0
test2580	great place to stay this hotel was great	test	0	0	1	0	0	0	0	0
test2581	good location comfortable fabulous breakfast	test	0	1	1	1	0	0	0	0
test2582	felt so spacious and great after europe for month	test	0	0	1	0	0	0	0	0
test2583	was very comfortable	test	0	0	1	0	0	0	0	0
test2585	excellent stayed here for night on feb whilst on business	test	0	0	1	0	0	0	0	0
test2586	although outside is not particularly special my twin bedded room was excellent	test	0	0	1	0	0	0	0	0
test2587	spotlessly clean and large with seperate power shower bath and loo with bidet	test	0	0	0	0	0	0	1	0
test2588	all staff were extremely welcoming and polite especially the english bellboy working	test	0	0	0	0	0	0	0	1
test2589	would stay there again whether for pleasure or on business	test	0	0	1	0	0	0	0	0
test2590	agree with the reviewer who styed on feb	test	0	0	0	0	0	0	0	0
test2591	benchmark in hospitality	test	0	0	0	0	0	0	0	1
test2592	my fiancee and flew down to sf from canada and were extremely impressed with the decorum and class of this hotel	test	0	0	1	0	0	0	0	0
test2593	from the elevator completely covered in pages from old books the complimentary aveda shampoo my fiancee was particularly fond of this timely valet service and exemplary service staying at hotel rex made our stay in sf flawless experience	test	0	0	1	0	0	1	0	1
test2594	based on price hospitality and location would highly recommend this hotel my closest friends and not hesitate to stay there again	test	0	0	1	1	0	0	0	1
test2595	jim sk canada	test	0	0	0	0	0	0	0	0
test2596	avoid the radisson waikiki prince kuhio	test	0	0	0	0	0	0	0	0
test2597	due to renovations of the elevators in this high rise hotel are out of service and have been since october	test	0	0	0	0	0	0	0	0
test2598	it is an average minute wait to get an elevator	test	0	0	0	0	0	0	0	0
test2599	the rooms and bathrooms are small worn and quite dirty especially under the beds	test	0	0	0	0	0	0	0	0
test2600	the rooms are noisy from hall adjoining room and street noise	test	0	0	0	0	0	0	0	0
test2601	the hotel fronts kuhio which is heavily trafficked noisy and hard to turn into	test	0	0	0	0	0	0	0	0
test2602	the muse is pure perfection	test	0	0	0	0	0	0	0	0
test2603	my husband and just returned from four night stay at the muse	test	0	0	0	0	0	0	0	0
test2604	the service we received at the hotel was superb	test	0	0	0	0	0	0	0	0
test2605	the staff was courteous and attentive the hotel is extremely clean loved the decor all new interiors great location the bed was extraordinarily comfortable and there were so many other special touches that made our stay truly unforgettable	test	0	0	0	0	0	0	0	0
test2606	we highly recommend the muse	test	0	0	0	0	0	0	0	0
test2607	great place to stay this is great hotel to stay in	test	0	0	1	0	0	0	0	0
test2608	the hotel staff were very friendly and polite and always helpful	test	0	0	0	0	0	0	0	1
test2609	the breakfast buffet served almost everything you could want	test	0	1	0	0	0	0	0	0
test2610	the hotel is centrally located taking only minutes to walk to the kadewe and the kurfustendamn and minutes to the zoo	test	0	0	0	1	0	0	0	0
test2611	would recommend this hotel to anyone and would definately book it again when returning to berlin	test	0	0	1	0	0	0	0	0
test2612	nice hotel nice hotel to stay while on girls getaway	test	0	0	1	0	0	0	0	0
test2613	located just outside the french quarter	test	0	0	0	1	0	0	0	0
test2614	it was clean hotel nicely decorated however the rooms and bathrooms are bit small so if your traveling with women you may want larger room	test	0	0	1	0	0	0	1	0
test2615	it was about minute walk from the quarter which is not bad but it was bit scary at in the morning	test	0	0	0	1	0	0	0	0
test2616	quaint bar	test	0	1	0	0	0	0	0	0
test2617	for the great rate they charge it is worth staying	test	0	0	1	0	0	0	0	0
test2618	pleasantly surprised very close to airport staff kindly checked me in very early and after freshened up pointed me in the right direction to the main centre	test	0	0	1	1	0	0	0	1
test2619	there is storey outlet mall attached and mtr right next door	test	0	0	0	1	0	0	0	0
test2620	minutes and in kowloon	test	0	0	0	1	0	0	0	0
test2621	room was unexpectedly ample well fitted out and great value	test	0	0	0	0	1	0	1	0
test2622	andrew smith auckland	test	0	0	0	0	0	0	0	0
test2623	paging det	test	0	0	0	0	0	0	0	0
test2624	steve mcgarrett	test	0	0	0	0	0	0	0	0
test2627	ain hawaii beautiful	test	0	0	0	0	0	0	0	0
test2628	nice place to stay loved the hotel very roomy and spacious	test	0	0	1	0	0	0	0	0
test2629	accomodations nice cuisine morning buffet little pricey	test	0	1	0	0	0	0	0	0
test2630	but overall it is totally worth plus location	test	0	0	1	1	0	0	0	0
test2631	is just the best	test	0	0	0	0	0	0	0	0
test2632	it has an amazing restaurant nearby seafood and very famous	test	0	0	0	1	0	0	0	0
test2633	did not love the chealsea lodge first of all rely on trip advisor for my traveling	test	0	0	1	0	0	0	0	0
test2634	the room that stayed in was horribly small	test	0	0	0	0	0	0	1	0
test2635	the tv didn get great reception the shower kept going from scalding to freezing and there was huge pipe in the room that kept whistling like tea kettle	test	0	0	0	0	0	1	1	0
test2636	the cleaning staff was very friendly	test	0	0	0	0	0	0	0	1
test2637	however when we explained to the problem with our room whistling pipe they were not willing to accommodate us at all	test	0	0	0	0	0	0	0	1
test2638	great location close to amenities but nice and quiet on an evening	test	0	0	0	1	0	0	0	0
test2639	could do with good clean and lick of paint	test	0	0	0	0	0	0	0	0
test2640	rooms very basic	test	0	0	0	0	0	0	1	0
test2641	but hey your only sleeping in them	test	0	0	0	0	0	0	0	0
test2642	if you have problems with stairs this is not the hotel for you	test	1	0	0	0	0	0	0	0
test2643	staff very friendly and helpful	test	0	0	0	0	0	0	0	1
test2644	area surrounding hotel is unsavory please read my review myself and five female friends stayed at this hotel to celebrate new years	test	0	0	0	1	0	0	0	0
test2645	in the square in front of the hotel we were attacked and the men hanging around the square made many violent attempts to steal our handbags	test	0	0	0	0	0	0	0	0
test2646	the night manager of the desk witnessed this happening did nothing and kept the front glass doors locked until we banged on them begging to be let in	test	0	0	0	0	0	0	0	1
test2647	the night manager would do nothing to ensure our safety and we got typical mediterean shrug when we asked him to notify authorities as two other women were attacked in the square while we were at the desk	test	0	0	0	0	0	0	0	1
test2648	barcelona is big city with big city problems but the treatment of the staff and proximity of the hotel to unsavory areas of barcelona mean that this hotel should be avoided	test	0	0	1	0	0	0	0	1
test2650	my husband whisked me away to new york city for my christmas present needless to say was blown away by the city and the hotel	test	0	0	1	0	0	0	0	0
test2651	the view from our room was great the floor to ceiling windows and flat screen tv were nice touches and the bed was possibly the most comfortable either of us have slept in	test	0	0	0	0	0	0	1	0
test2652	the hotel staff were friendly and helpful and the lift was super quick	test	1	0	0	0	0	0	0	1
test2653	would recommend this hotel	test	0	0	1	0	0	0	0	0
test2654	lovely hosts but catered towards americans	test	0	0	0	0	0	0	0	1
test2655	the hotel is quaint with lovely terrace and nice hosts but seemed as if this place was more geared towards americans with some surprise at guests that are not americans us	test	0	0	1	0	0	0	0	1
test2656	this is probably due to the american wife of the owner couple	test	0	0	0	0	0	0	0	0
test2657	unfortunately this made the hotel seem less diverse whereas florence is very diverse the rooms are large but some features such as bathrooms do need updating	test	0	0	1	0	0	0	1	0
test2658	breakfast is not included which is shame as many hotels in italy offer it	test	0	1	0	0	0	0	0	0
test2659	totally ok spent there nights in the begining of may nice hotel just few block uphill to famous lombard street the same walking distance to fisherman wharf rooms were cleaned front staff very polite and helpful	test	0	0	1	1	0	0	1	1
test2660	free access to computer in lobby	test	1	0	0	0	0	0	0	0
test2661	breakfast maybe not interesting just donats and crossaints but wake up coffee is there and free covered parking can allowed to forget about breakfast	test	0	1	0	0	0	0	0	1
test2662	come back again good spot	test	0	0	1	0	0	0	0	0
test2663	great eccentric but click hotel	test	0	0	0	0	0	0	0	0
test2664	read one of the below reviews expecting the dylan to be past its prime after the changeover from anoushka hempel shabby rooms etc but was very pleasantly surprised	test	0	0	0	0	0	0	0	0
test2665	went to amsterdam city love and have visited many times for work and for pleasure with new partner we were really surprised by the polite and professional not at all snobby service great room service great cocktails in the bar and best of all great room	test	0	0	0	0	0	0	0	0
test2666	booked cheap rate off the internet and was expecting broom closet but the room was very nice large by amsterdam standards loads of character clean kept up looking just very very cool	test	0	0	0	0	0	0	0	0
test2667	not hesitate to recommend the dylan especially as there are not too many options in amsterdam for characterful stylish hotels	test	0	0	0	0	0	0	0	0
test2668	friendly helpful staff	test	0	0	0	0	0	0	0	1
test2669	the best part of casci is the staff	test	0	0	0	0	0	0	0	1
test2670	they were very helpful with recommendations directions restaurants etc	test	0	0	0	0	0	0	0	1
test2671	this was our second hotel in florence and compared to the first casci had little more of hostel kind of feel signs in the bathroom asking you not to clean your laundry in the sink for example	test	0	0	0	0	0	0	0	0
test2672	this was the quietest of all hotels we stayed at which was nice	test	0	0	1	0	0	0	0	0
test2673	the location was great down the street from the duomo street markets and within walking distance of the train station	test	0	0	0	1	0	0	0	0
test2674	it all true	test	0	0	0	0	0	0	0	0
test2675	we stayed here just one night during week long stay in the chianti area and the member raves are quite well deserved	test	0	0	0	0	0	0	0	0
test2676	the hotel is extremely well situated the owners staff could not have been nicer or more patient and accommodating the rooms were immaculate and ours was of quite decent size	test	0	0	0	1	0	0	1	1
test2677	we didn take the breakfast but heard from our friends that it was lovely	test	0	1	0	0	0	0	0	0
test2678	we would absolutely recommend hotel casci to all of our family and friends traveling to florence and we hope to come back soon ourselves	test	0	0	1	0	0	0	0	0
test2679	lean and basic but	test	0	0	0	0	0	0	0	0
test2680	service was good	test	0	0	0	0	0	0	0	0
test2681	we stayed my wife young son and myself during late october	test	0	0	0	0	0	0	0	0
test2682	rooms are little tired but clean and the bed was surprisingly comfortable	test	0	0	0	0	0	0	0	0
test2683	we had bad experience during the first night with very noisy neighbours but once reported the hotel management acted swiftly and the rest of the trip was peaceful	test	0	0	0	0	0	0	0	0
test2684	great resort	test	0	0	1	0	0	0	0	0
test2685	despite the coldest weekend in years we had fabulous time at the jw desert ridge and barely realized that it was raining and even snowing in az	test	0	0	0	0	0	0	0	0
test2686	the jw did wonderful job with service and addressing every need we had and we were impressed from the valet attendant to the bellman to the room service	test	0	0	0	0	0	0	0	1
test2687	the grounds were beautiful and well maintained and there were significant challenges given the temperature changes there	test	1	0	0	0	0	0	0	0
test2688	truly wonderful experience and would recommend this resort to anyone that like	test	0	0	1	0	0	0	0	0
test2689	loved tepi sawah tepi sawah is beautiful and tranquil boutique hotel just outside ubud centre	test	0	0	1	0	0	0	0	0
test2690	the room and bathroom faces pretty rice fields and the volcano	test	0	0	0	0	0	0	1	0
test2691	the hotel shuttle provides transport to ubud centre and back at your convenience	test	1	0	0	0	0	0	0	0
test2692	the staff were extremely friendly and helpful	test	0	0	0	0	0	0	0	1
test2693	special thanks to karda for helping to arrange horseriding excursion	test	0	0	0	0	0	0	0	1
test2695	we stayed here one night but did not arrive until almost midnight	test	0	0	0	0	0	0	0	0
test2696	but this was lovely hotel fantastic location wonderful shower and bed	test	0	0	0	0	0	0	0	0
test2697	right across the street from tiffany and co	test	0	0	0	0	0	0	0	0
test2698	whats not to love about that would stay here again	test	0	0	0	0	0	0	0	0
test2699	no complaints	test	0	0	0	0	0	0	0	0
test2700	perfect we spent weekend here	test	0	0	1	0	0	0	0	0
test2701	and it really was as close to perfect as any stay can be	test	0	0	1	0	0	0	0	0
test2702	great location great room great lounge fantastic breakfast	test	0	1	1	1	0	0	1	0
test2703	in this hotel hospitality is way of life	test	0	0	1	0	0	0	0	0
test2704	superb hotel stayed on the way to the qm	test	0	0	1	0	0	0	0	0
test2705	superb first class hotel with nice views from the top of the hill	test	0	0	1	0	0	0	0	0
test2706	trolly from outside to fishermans warf	test	0	0	0	0	0	0	0	0
test2707	what one would expect from horel with the address nob hill	test	0	0	0	0	0	0	0	0
test2708	unique romantic place in the heart of the nyc	test	0	0	1	1	0	0	0	0
test2709	what great stay we had	test	0	0	1	0	0	0	0	0
test2710	this hotel is jewel hidden just few steps from times square	test	0	0	1	1	0	0	0	0
test2711	the rooms are fabulous and the staff is extremely efficient and nice	test	0	0	0	0	0	0	1	1
test2712	we will definitely be back soon	test	0	0	1	0	0	0	0	0
test2713	luxury with smile touch of luxury but delivered with good humour and without the stuffiness you might expect from such renowned hotel group	test	0	0	1	0	0	0	0	0
test2714	great location in one of the prettiest parts of amsterdam surrounded by excellent restaurants and bars	test	0	0	0	1	0	0	0	0
test2715	the room was spacious and beautifully furnished	test	0	0	0	0	0	0	1	0
test2716	breakfast was real event and all the staff were extremely friendly and helpful	test	0	1	0	0	0	0	0	1
test2717	we would have no hesitation in returning to the pulitzer or in recommending this great hotel to others	test	0	0	1	0	0	0	0	0
test2718	parisian honeymoon	test	0	0	0	0	0	0	0	0
test2719	this hotel is ideally situated in the latin quarter with terrific view of the pantheon	test	0	0	1	1	0	0	0	0
test2720	we actaully got the room we requested back in july	test	0	0	0	0	0	0	0	0
test2721	the staff was kind and curtious made us feel truly welcome	test	0	0	0	0	0	0	0	1
test2722	our stay in paris was dream come true	test	0	0	1	0	0	0	0	0
test2723	excellent hotel but can get expensive hotel was clean and service was excellent	test	0	0	1	0	0	0	0	1
test2724	restaurants in the motel are expensive so go out to eat	test	1	0	0	0	0	0	0	0
test2725	hotel is classy with beautiful lobby and front desk area	test	0	0	1	0	0	0	0	0
test2726	beach area is shared with other hotels so it can crowded early	test	0	0	0	0	0	0	0	0
test2727	we do not recommend the dinner cruises they are over rated and over priced do luai instead	test	0	1	0	0	0	0	0	0
test2728	hotel is recommended and if you get room you will have good ocean view without paying for it	test	0	0	1	0	0	0	0	0
test2729	perfect location	test	0	0	0	1	0	0	0	0
test2730	fun hotel just returned from two night stay at the triton and have to say my experience was in contrast to that of some of the other reviewers who felt there was lack of restaurants in the neighborhood or that the staff wasn helpful enough	test	0	0	1	0	0	0	0	0
test2731	we received excellent recommendations for dining in the neighborhood taylor st ryoko and le colonial	test	0	0	0	0	0	0	0	0
test2732	both nights of our stay from helpful concierge nick	test	0	0	0	0	0	0	0	1
test2733	add to that perfect location practically in chinatown right next to union square and convenient to the waterfront and fun decor	test	0	0	1	1	0	0	0	0
test2734	it true that some facilities could use better upkeep plumbing but for the price would go back to triton again in heartbeat	test	1	0	0	0	0	0	0	0
test2735	rooms need some love	test	0	0	0	0	0	0	1	0
test2736	an ok hotel but the rooms are suffering	test	0	0	1	0	0	0	1	0
test2737	could do with renovation	test	0	0	0	0	0	0	0	0
test2738	in very good location with excellent staff	test	0	0	0	1	0	0	0	1
test2739	the hotel pool while small is actually quite nic	test	1	0	0	0	0	0	0	0
test2741	stayed at tremont back in	test	0	0	0	0	0	0	0	0
test2742	but still remember what great time had	test	0	0	0	0	0	0	0	0
test2743	the staff was always there to help you and they were all so nice	test	0	0	0	0	0	0	0	0
test2744	definitely go back	test	0	0	0	0	0	0	0	0
test2745	great vacation	test	0	0	0	0	0	0	0	0
test2746	my friends and spent week at the marriott in san juan and we loved it	test	0	0	1	0	0	0	0	0
test2747	we enjoyed the beach and the hotel itself and had tons of fun	test	0	0	1	0	0	0	0	0
test2748	it was near everthing and the best part was it was between old san juan and isla verde which are two great places to visit	test	0	0	0	1	0	0	0	0
test2750	there are better choices stayed at the shinjuku washington hoping to save bit of money on trip to tokyo	test	0	0	1	0	0	0	0	0
test2751	the hotel lobby was in chaotic state and the staff were not particularly helpful or courteous	test	0	0	1	0	0	0	0	1
test2752	my room was clean but truly tiny and in need of refurbishment	test	0	0	0	0	0	0	1	0
test2753	had to pay extra to leave my luggage for couple hours after check out	test	1	0	0	0	0	0	0	0
test2754	would prefer spending more for nicer hotel such as the century southern tower in the same area or the mercure ginza	test	0	0	1	0	0	0	0	0
test2755	great place to be	test	0	0	0	0	0	0	0	0
test2756	was there for short nights weekend break early november last year	test	0	0	0	0	0	0	0	0
test2757	booked by the largest german tour operator	test	0	0	0	0	0	0	0	0
test2758	my booking was upgraded to higher level business room that means larger room newspaper every morning	test	0	0	0	0	0	0	0	0
test2759	you leave the hotel and stand in the middle of the bustling activity not far from the next mtr by shops	test	0	0	0	0	0	0	0	0
test2760	recommendable hotel at all	test	0	0	0	0	0	0	0	0
test2761	very good value	test	0	0	1	0	0	0	0	0
test2762	we visited berlin in june and found the hotel very clean and the staff were very helpful	test	0	0	1	0	0	0	0	1
test2763	the rooms were larger than expected and great value for money	test	0	0	0	0	0	0	1	0
test2764	the hotel was within walking distance of alexanderplatz where there is very efficient metro system serving most areas of berlin	test	0	0	0	1	0	0	0	0
test2765	in the evenings we visited some bars within walking distance of the hotel but admittedly hard to find which were open very late	test	0	0	0	0	0	0	0	0
test2766	would definitely go back to this hotel again	test	0	0	1	0	0	0	0	0
test2767	happy	test	0	0	1	0	0	0	0	0
test2768	was very sad to leave	test	0	0	1	0	0	0	0	0
test2769	great views of the harbour city great service great hotel great room great food great bar great facilities great location clean comfortable modern and the staff were always as helpful as they could be	test	1	1	1	1	0	0	1	1
test2770	it felt like star hotel but without star price	test	0	0	1	0	0	0	0	0
test2771	when go back to hk assuming the prices are the same or similar will definately stay there next time	test	0	0	1	0	0	0	0	0
test2772	very very happy	test	0	0	1	0	0	0	0	0
test2773	nice stay good hotel	test	0	0	0	0	0	0	0	0
test2774	we walked in to this hotel on the way to see our suite that we had booked at the next door shangri la	test	0	0	0	0	0	0	0	0
test2775	the staff were welcoming and friendly mr ivada and ms catarina especially	test	0	0	0	0	0	0	0	0
test2776	we subsequently chose this property over the shangri la because of the wonderful views the more useful and useable space the balconies and nice clean decor	test	0	0	0	0	0	0	0	0
test2777	we stay here again anytime	test	0	0	0	0	0	0	0	0
test2778	superb hotel stayed for nights april th	test	0	0	0	0	0	0	0	0
test2779	great staff room was immaculate and more importantly the bathroom was very clean	test	0	0	0	0	0	0	0	0
test2780	price was extremely reasonable for hotel blocks from nd broadway times square	test	0	0	0	0	0	0	0	0
test2781	plasma tv was nice plus	test	0	0	0	0	0	0	0	0
test2782	although no inhouse room service there are lots of restaurants close by that are open late and will deliver right up to your room	test	0	0	0	0	0	0	0	0
test2785	good hotel is very important when visiting busy city like ny	test	0	0	1	0	0	0	0	0
test2786	we really enjoyed our stay in the belvedere	test	0	0	1	0	0	0	0	0
test2787	nice location and very nice rooms	test	0	0	0	1	0	0	1	0
test2788	if you want to stay in nice and friendly hotel you really don want to miss this one	test	0	0	1	0	0	0	0	0
test2789	pretty good	test	0	0	1	0	0	0	0	0
test2790	the hotel is clean and well located	test	0	0	1	1	0	0	0	0
test2791	the people who work there super friendly	test	0	0	0	0	0	0	0	1
test2792	rooms and bathrooms are good size and air conditioned	test	0	0	0	0	0	0	1	0
test2793	no iron ironing board in the room	test	0	0	0	0	0	1	0	0
test2794	nice hotel good location	test	0	0	1	1	0	0	0	0
test2795	this is very nice hotel in great central location	test	0	0	1	1	0	0	0	0
test2796	staff were friendly and it was clean and well	test	0	0	0	0	0	0	0	1
test2797	maintained	test	0	0	0	0	0	0	0	0
test2798	found the room and beds to be bit small by comparison to other hotels and the bar and lobby bar were bit stuffy and boring for young people	test	1	0	0	0	0	0	1	0
test2799	on the whole though really nice hotel	test	0	0	1	0	0	0	0	0
test2800	great amenities for the price	test	0	0	0	0	0	1	0	0
test2801	if you want first class or corporate hotel in nondescript cityscape then stay away from the perak instead book at one of the glass and concrete boxes on orchard road	test	0	0	0	0	0	0	0	0
test2802	the perak is not like the big chain hotels but is great value for the money in singapore	test	0	0	1	0	0	0	0	0
test2803	for around usd per night you get clean albiet small room with basic but nice appointments cable tv dvd free wireless internet etc good location in vibrant little india and basic but tasty buffet breakfast	test	0	1	0	1	0	1	1	0
test2804	had no complaints other than bit of street noise late at night when neaby bar was closing up	test	0	0	1	0	0	0	0	0
test2805	but the cheapest rooms at the perak have skylight rather than window and are much quieter if noise is an issu	test	0	0	0	0	0	0	0	0
test2806	great hotel and great staff	test	0	0	0	0	0	0	0	0
test2807	stayed at this hotel this weekend and was really pleased chose the hotel	test	0	0	0	0	0	0	0	0
test2808	the staff were all very friendly and helpful all the staff could speak english and were happy to the location was perfect and the room was exceptionally quiet considering it was on main road	test	0	0	0	0	0	0	0	0
test2809	the only down side to the hoetl was the size of the room	test	0	0	0	0	0	0	0	0
test2810	we stayed in standard room and even though it was big enough for us it would have been nicer to have slightly larger room	test	0	0	0	0	0	0	0	0
test2811	would certainly return to this hotel if return to paris the staff certainly and location certainly made difference	test	0	0	0	0	0	0	0	0
test2812	great views great hotel	test	0	0	1	0	0	0	0	0
test2813	had the pleasure of staying here for few days and must say that this is one of the better hotels in the country	test	0	0	1	0	0	0	0	0
test2814	was in room which had great view of the golden gate bridge in the background	test	0	0	0	0	0	0	1	0
test2815	staff can do enough for you they always call you by name	test	0	0	0	0	0	0	0	1
test2816	didn eat in the hotel restaurant silks but everything else in the hotel is top notch	test	0	0	1	0	0	0	0	0
test2817	they had good rate of night for room which normally sells for night	test	0	0	1	0	0	0	0	0
test2818	la posizione	test	0	0	0	0	0	0	0	0
test2819	dell albergo	test	0	0	0	0	0	0	0	0
test2822	reviews are right on for this one we stayed at the cancellor hotel in july during part of our honeymoon	test	0	0	0	0	0	0	0	0
test2823	the reviews on this website are right on spot regarding the hotel	test	0	0	0	0	0	0	0	0
test2824	the hotel is older and the rooms are smaller but very clean and the staff is very helpful	test	0	0	1	0	0	0	1	1
test2825	they made our honeymoon special with champagne and gift in our room at check in	test	0	0	0	0	0	0	0	0
test2826	on side note we loved the restaurant next door for breakfast called sears	test	1	0	0	0	0	0	0	0
test2827	fantastic location staff were extremely friendly	test	0	0	0	1	0	0	0	1
test2828	good sized room	test	0	0	0	0	0	0	1	0
test2829	excellent cooked breakfasts	test	0	1	0	0	0	0	0	0
test2830	amazing location within walking distance of most major attractions	test	0	0	0	1	0	0	0	0
test2832	good place to stay in seattle	test	0	0	1	0	0	0	0	0
test2833	we stayed here early sep and found the hotel to be nice	test	0	0	1	0	0	0	0	0
test2834	it is situated in convenient location within walking distance of many areas of interest to visitors	test	0	0	0	1	0	0	0	0
test2835	our room was clean and had all the amentities you expect	test	0	0	0	0	0	1	1	0
test2836	the roof top viewing area is great	test	1	0	0	0	0	0	0	0
test2838	the hotel staff was friendly and helpful	test	0	0	0	0	0	0	0	0
test2839	rooms were spacious and clean	test	0	0	0	0	0	0	0	0
test2840	location was perfect across the street was tram stop walking distance to many attractions including the van gough museum	test	0	0	0	0	0	0	0	0
test2841	would highly recommend and would even stay there again	test	0	0	0	0	0	0	0	0
test2842	great place to stay found it on my last visit to hawaii	test	0	0	1	0	0	0	0	0
test2843	decided to stay there and everything was wonderful	test	0	0	1	0	0	0	0	0
test2844	the staff was great	test	0	0	0	0	0	0	0	1
test2845	the room was clean and modern	test	0	0	0	0	0	0	1	0
test2846	and the hotel is close to waikiki beach close to all kind of restaurant and to all kind of store	test	0	0	0	1	0	0	0	0
test2847	we just loved it and we hope to return to aqua aloha surf very	test	0	0	1	0	0	0	0	0
test2848	excellent value stayed in the hotel from december	test	0	0	1	0	0	0	0	0
test2849	an excellent stay nice spa good food very friendly staff and quite affordable	test	1	1	1	0	0	0	0	1
test2850	check all the websites for offers the prices found varied eur per night	test	0	0	0	0	0	0	0	0
test2851	the hotel is in quiet zone in the centre of berlin min	test	0	0	0	1	0	0	0	0
test2852	walk to potsdammer platz with the neue nationalgalerie and min	test	0	0	0	0	0	0	0	0
test2853	walk to the	test	0	0	0	0	0	0	0	0
test2854	stylish and central loved	test	0	0	1	0	0	0	0	0
test2855	this centrally located hotel	test	0	0	0	1	0	0	0	0
test2856	great style comfortable rooms lovely bathrooms with real showers not so easy to find in europe	test	0	0	0	0	0	0	1	0
test2857	basement pool was perfect for relaxing before late dinners in town	test	1	0	0	0	0	0	0	0
test2858	easy to walk to all sites	test	0	0	0	1	0	0	0	0
test2859	our kids loved it too	test	0	0	1	0	0	0	0	0
test2860	this has to be best kept secret stayed at the st marie from april thru april	test	0	0	0	0	0	0	0	0
test2861	accommodations were clean and comfortable	test	0	0	0	0	0	0	1	0
test2862	room was spacious and overlooked the courtyard	test	0	0	0	0	0	0	1	0
test2863	the staff was friendly efficient and helpful	test	0	0	0	0	0	0	0	1
test2864	located block off bourban street and blocks from jackson square it close enough to the fun and far enough away from the smells and noise when you re through for the day	test	0	0	0	1	0	0	0	0
test2865	good budget hotel thought this was good hotel for the money	test	0	0	0	0	0	0	0	0
test2866	it clean the staff were helpful and it is very centrally located	test	0	0	0	0	0	0	0	0
test2867	loved having fridge in the room cause stocked that with some wonderful ham and cheese shortly after my arrival	test	0	0	0	0	0	0	0	0
test2868	thought the breakfast was very good and you don need to get up early as they serve it until pretty late	test	0	0	0	0	0	0	0	0
test2869	there is also computer for internet access which was helpful	test	0	0	0	0	0	0	0	0
test2870	overall had very good stay here	test	0	0	0	0	0	0	0	0
test2871	trip to japan just got back from holiday from japan this hotel was very good it is located in shimbashi and is linked to the metro station which is very convienent	test	0	0	1	1	0	0	0	0
test2872	also the airport limousine runs from here to narita airport and is very easily booked through the bell captain	test	0	0	0	0	0	0	0	0
test2873	staff are extrmely helpful and friendly and al seem to speak very good english	test	0	0	0	0	0	0	0	1
test2874	only one thing is you could here the trains in the room	test	0	0	0	0	0	0	1	0
test2875	but this didn stop you sleeping	test	0	0	0	0	0	0	0	0
test2876	harming quaint hotel in central sf location	test	0	0	1	1	0	0	0	0
test2877	if you re looking to stay at very charming quaint hotel then try laurel inn	test	0	0	1	0	1	0	0	0
test2878	the lobby and sitting area are comfortable and the rooms are simply furnished and looked retro	test	0	0	1	1	0	0	1	0
test2879	there was nothing pretentious about the staff or the services	test	0	0	0	0	0	0	0	1
test2880	they were very helpful in directing us around the city to restaurants	test	0	0	0	0	0	0	0	1
test2881	it was no frills boutique hotel that felt like home and that was the best part	test	0	0	1	0	0	0	0	0
test2882	one of the best hotels in asia we have traveled all over asia and not many of the star hotels we have stayed at were as nice attentive and beautiful as this one	test	0	0	0	0	0	0	0	0
test2883	the concierge was very helpful room service wasn extremely overpriced and the front desk staff was excellent	test	0	0	0	0	0	0	0	0
test2884	the room was beautiful it had the best furnishings out of any room have ever stayed at	test	0	0	0	0	0	0	0	0
test2885	we were staying in the basic room for night and were amazed	test	0	0	0	0	0	0	0	0
test2886	vaulted ceilings dark contrasting colored furnishings beautiful lobby great location for tourists	test	0	0	0	0	0	0	0	0
test2887	the regent has it all	test	0	0	0	0	0	0	0	0
test2888	warm and intimate hotel in big city we recently spent long weekend at the benjamin	test	0	0	1	0	0	0	0	0
test2889	have to agree with all the previous positive posts	test	0	0	0	0	0	0	0	0
test2890	the location is good the room was great the bed comfortable the staff friendly without exception	test	0	0	0	1	0	0	1	1
test2891	the only problem was that our refrigerator did not work properly and they were not able to fix it during our stay	test	0	0	0	0	0	1	0	0
test2892	we plan to stay at the benjamin again soon	test	0	0	1	0	0	0	0	0
test2894	this is just very quick review take from this site	test	0	0	0	0	0	0	0	0
test2895	so think if is only fair to give back something even if it is only very brief	test	0	0	0	0	0	0	0	0
test2896	on the basis of the reviews on this site we booked the alicia and were not disappointed in the least	test	0	0	1	0	0	0	0	0
test2897	fussy devil and where possible do like to stay in hotels but could not find fault with this hotel other than there was no tea making facilities in the room	test	1	0	0	0	0	0	0	0
test2898	would definitely stay there again and recommend it to anyone	test	0	0	1	0	0	0	0	0
test2900	although it has been few years since we visited this hotel would definately reccommend it as no frills but clean friendly and centrally located hotel if you are on budget	test	0	0	0	0	0	0	0	0
test2901	the location is the best thing about it	test	0	0	0	0	0	0	0	0
test2902	and have to say did feel safe walking about on my own during the day when hubby was having his siesta	test	0	0	0	0	0	0	0	0
test2903	remember to visit guell palace which is or side streets away from this hotel it is an amazing building that can be overlooked by many tourists	test	0	0	0	0	0	0	0	0
test2904	loved our spaulding hotel very good location centrally located close to theaters and shopping	test	0	0	1	1	0	0	0	0
test2905	we were given nice quiet room on the th floor overllooking the pool of the adjacent hotel property	test	0	0	0	0	0	0	1	0
test2906	we traveled with our teenage daughter who enjoyed being close to the hip boutiques such as hm urban ourfitter and forever	test	0	0	0	1	0	0	0	0
test2907	the room had hard wood floors and was clean and cosy	test	0	0	0	0	0	0	1	0
test2908	the lounge on the second floor was really convenient and had washers and dryers which was super	test	1	0	0	0	0	0	0	0
test2909	we will stay here again	test	0	0	1	0	0	0	0	0
test2910	great location great staff rooms little small but hey it paris	test	0	0	0	1	0	0	1	1
test2911	the location was great facing the pantheon close to the metro and the staff was very friendly and helpful	test	0	0	0	1	0	0	0	1
test2912	we ll stay again nexy time we re in paris	test	0	0	0	0	0	0	0	0
test2913	the only minor negative is that the rooms are awfully small huge beds make it even worse	test	0	0	0	0	0	0	1	0
test2914	you can pay more and get larger rooms so that may be good option	test	0	0	0	0	0	0	0	0
test2915	all in all we had great stay and recommend this hotel to anyone	test	0	0	1	0	0	0	0	0
test2916	spectacular	test	0	0	1	0	0	0	0	0
test2917	this hotel is spectacular in both its features and its service	test	0	0	1	0	0	0	0	1
test2918	absolutely loved everything about the hotel from the elegant lobby area to the comfortable and spacious guest rooms to the incredible dining room	test	0	0	1	0	0	0	1	0
test2919	would highly recommend this hotel to anyone visiting boston	test	0	0	1	0	0	0	0	0
test2920	it is in good location and close to alot of shops and restaurants	test	0	0	0	1	0	0	0	0
test2921	best stars have ever stayed at how this hotel is only stars is beyond me	test	0	0	0	0	0	0	0	0
test2922	would say this is more like star hotel and certainly the best star hotel have ever stayed in	test	0	0	0	0	0	0	0	0
test2923	the staff are very helpful professional and friendly	test	0	0	0	0	0	0	0	0
test2924	the decor is very tasteful the location is great the price is very good value the mini bar was very reasonably priced the hotel was exceptionally clean and the rooms were very quiet for such centrally located hotel	test	0	0	0	0	0	0	0	0
test2925	would certainly return to and recommend this hotel	test	0	0	0	0	0	0	0	0
test2926	not that bad	test	0	0	1	0	0	0	0	0
test2927	the hotel is not that badi was staying there with my friends and they gave us bed room with private bathroom	test	0	0	1	0	0	0	0	0
test2928	the room was not lovely but absolutely good for sleeping after parties in amsterdamthe best thing is its location is in the very centry of amsterdam so everything is near	test	0	0	0	1	0	0	1	0
test2929	we appreciated it when we were returning from clubs which are absolutely amazing there	test	0	0	0	0	0	0	0	0
test2930	so dont be affraid of mice	test	0	0	0	0	0	0	0	0
test2931	great service super clean and well	test	0	0	0	0	0	0	1	1
test2932	appointed frequently have to stay in la for one or two nights at time and the omni is excellent	test	0	0	1	0	0	0	0	0
test2933	great service very calm hotel envirement	test	0	0	1	0	0	0	0	1
test2934	super clean rooms safe and an excellent value	test	0	0	0	0	0	0	1	0
test2935	location very central and the use of the hotel town car for close drops is nice	test	0	0	0	1	0	0	0	0
test2936	multiple great stays for the rd time in recent months stayed at the sheraton metro center off dunlap ave and the black canyon freeway	test	0	0	0	0	0	0	0	0
test2937	received upgraded status on nd and rd stays in addition to the normal gold member service that have come to expect from sheraton hotels	test	0	0	0	0	0	0	0	0
test2938	great service very friendly staff and they serve an excellant complementary full american style breakfast	test	0	1	0	0	0	0	0	1
test2939	easy access to the metro center mall as well as easy via to phoenix sly harbor airport	test	0	0	0	1	0	0	0	0
test2940	will definitely stay again when in phoenix area	test	0	0	1	0	0	0	0	0
test2941	great location design hotel	test	0	0	1	1	0	0	0	0
test2942	lovely modern hotel in great location on wide very smart shopping boulevard in the centre	test	0	0	1	1	0	0	0	0
test2943	also about seconds from the underground train station to the airport mins apart from the usual complaints about working the lights blinds and flooding the bathroom with the shower we really enjoyed the room and our stay	test	0	0	0	0	0	1	1	0
test2944	booked through the hotel website which gave us free breakfast	test	0	1	0	0	0	0	0	0
test2945	we were at the back and didn hear any noise apart from little from the corridor	test	0	0	0	0	0	0	0	0
test2946	bad hotel good location	test	0	0	1	1	0	0	0	0
test2947	this is clearly not star hotel	test	0	0	1	0	0	0	0	0
test2948	the staff is rather unpleasant decoration is inexistant rooms are tiny and beds are too soft no air conditioning in the rooms which are just under the rooftop and to finish breakfast is mediocre no croissants or pancakes	test	0	1	1	0	0	1	1	1
test2949	only bread no choice in fruit juices etc	test	0	1	0	0	0	0	0	0
test2950	the only good point is its location right on the dam place	test	0	0	0	1	0	0	0	0
test2951	felt like queen clean beautifully decorated rooms	test	0	0	0	0	0	0	1	0
test2952	felt as though was the most important person there	test	0	0	0	0	0	0	0	1
test2953	received excellent assistance with directions to various areas needed to locate	test	0	0	0	0	0	0	0	1
test2954	turn down service was nice touch	test	0	0	0	0	0	0	0	1
test2955	heavenly hotel	test	0	0	0	0	0	0	0	0
test2956	an oasis of calm and luxury in the heart of bustling mong kok	test	0	0	0	0	0	0	0	0
test2957	we stayed on the club floor which aside from having gorgeous room with great view of the city it meant we had special personal check in in club where there is free internet den massage chairs and unlimited food drink breakfast afternoon tea for club guests	test	0	0	0	0	0	0	0	0
test2958	the whole hotel smells of gingerflower which was lovely and is connected to huge shopping centre with loads of nice shops restaurants coffee shops supermarket cinema	test	0	0	0	0	0	0	0	0
test2959	basically they make it hard for you to want to leave the building	test	0	0	0	0	0	0	0	0
test2960	amazing what an amazing place	test	0	0	1	0	0	0	0	0
test2961	we were down for our honeymoon and we could not have had better time	test	0	0	1	0	0	0	0	0
test2962	we were apprehensive going down having read the negative reviews on this site	test	0	0	0	0	0	0	0	0
test2963	all can say is that these people must be impossible to please	test	0	0	0	0	0	0	0	0
test2964	it was truly paradise	test	0	0	1	0	0	0	0	0
test2965	absolutely beautiful and chic hotel stayed here in feb of this year with two friends of mine girly trip	test	0	0	1	0	0	0	0	0
test2966	and was very impressed by my stay	test	0	0	1	0	0	0	0	0
test2967	the hotel was so gorgeous and modern	test	0	0	1	0	0	0	0	0
test2968	they serve the best caesar salad	test	0	1	0	0	0	0	0	0
test2969	also left pair of new jeans in the wardrobe and when contacted them on my return to dublin they posted them to me free of charge nice touch	test	0	0	0	0	0	0	0	0
test2970	would definitely go back there	test	0	0	1	0	0	0	0	0
test2971	expensive but worth every cent	test	0	0	1	0	0	0	0	0
test2972	what lovely hotel	test	0	0	1	0	0	0	0	0
test2973	arrived after difficult trip from milan to the comfort luxury and top flight airconditioning of the hotel gallery art an essential in the middle of august in contrast to other italian hotels experienced the staff were consistently delightful and superbly helpful at all times	test	0	0	0	0	0	0	0	1
test2974	the location is unsurpassed being right on the arno and next to the ponte vecchio	test	0	0	0	1	0	0	0	0
test2975	unhesitatingly recommend it and will stay nowhere else when return to florence	test	0	0	1	0	0	0	0	0
test2976	excellent hotel great hotel	test	0	0	1	0	0	0	0	0
test2977	the location is excellent close to union square	test	0	0	0	1	0	0	0	0
test2978	the staff were friendly and helpful	test	0	0	0	0	0	0	0	1
test2979	rooms were very nice with comfy beds and very clean	test	0	0	0	0	0	0	1	0
test2980	we enjoyed very nice dinner at the hotel restaurant as well	test	0	1	0	0	0	0	0	0
test2982	we loved this hotel	test	0	0	0	0	0	0	0	0
test2983	this hotel is nice and clean well equiped and breakfast is fabulous	test	0	0	0	0	0	0	0	0
test2984	we felt like movie stars and enjoyed every minute	test	0	0	0	0	0	0	0	0
test2985	in addition hotel location is very good	test	0	0	0	0	0	0	0	0
test2986	this is rather expensive hotel but worthy	test	0	0	0	0	0	0	0	0
test2987	made great trip better	test	0	0	0	0	0	0	0	0
test2988	the location is one of those rare things in city quiet but central to everything do full marks there	test	0	0	0	0	0	0	0	0
test2989	the interiors were new clean well presented and very comfortable	test	0	0	0	0	0	0	0	0
test2990	now worries on that score and the breakfast room was comfortable and little quirky	test	0	0	0	0	0	0	0	0
test2991	the real winner in this hotel was the high stnadard of service from the very plesant staff	test	0	0	0	0	0	0	0	0
test2992	all in great hotel	test	0	0	0	0	0	0	0	0
test2993	wished could have stayed longer what an awesome week	test	0	0	0	0	0	0	0	0
test2994	the food fun sand and sun were only the beginning	test	0	1	0	0	0	0	0	0
test2995	the incredible friendliness of the staff really made the trip	test	0	0	0	0	0	0	0	1
test2996	would definitely return and play whole lot more beach volleyball	test	0	0	1	0	0	0	0	0
test2997	know the staff never loses but we can always keep trying	test	0	0	0	0	0	0	0	1
test2998	vacation to remember	test	0	0	0	0	0	0	0	0
test3000	this was first trip to florence	test	0	0	0	0	0	0	0	0
test3001	and thought that hotel axial was completely wonderful value	test	0	0	1	0	0	0	0	0
test3002	it was clean and the staff was very friendly and helpful	test	0	0	1	0	0	0	0	1
test3003	location was great	test	0	0	0	1	0	0	0	0
test3004	plan on staying here again	test	0	0	1	0	0	0	0	0
test3005	great value for the money this hotel was perfect for our stay in hong kong	test	0	0	1	0	0	0	0	0
test3006	it was directly across the street from mtr stop making transit around the city breeze	test	0	0	0	1	0	0	0	0
test3007	the rooms were very clean and very modern	test	0	0	0	0	0	0	1	0
test3008	the staff was very professional	test	0	0	0	0	0	0	0	1
test3009	have absolutely no complaints and would recommend this hotel to anyone traveling to hong kong in the near future	test	0	0	1	0	0	0	0	0
test3010	not all rooms are up to par am regular guest at hilton family properties and although there were some nice aspects of my mar th stay it was hardly worth the price paid	test	0	0	0	0	0	0	0	0
test3011	good points very friendly staff and terrific restaurantbad points	test	0	0	0	0	0	0	0	0
test3012	the room was dated old rundown furniture warped bathtub stained bedding	test	0	0	0	0	0	0	0	0
test3013	was only offered double queen suite in the main building which seems to be the issue apparently there are much better rooms available so be careful when making arrangements	test	0	0	0	0	0	0	0	0
test3014	overall ve had much better accomodations at embassy suites and doubletrees in the hilton family	test	0	0	0	0	0	0	0	0
test3015	next time would stay elsewhere in the area and just drive over to dine at the different pointe of view restaurant	test	0	0	0	0	0	0	0	0
test3016	es gibt bessere	test	0	0	0	0	0	0	0	0
test3018	das geld	test	0	0	0	0	0	0	0	0
test3019	blick auf sesb vom dach aus	test	0	0	0	0	0	0	0	0
test3020	not the worst hotel ever	test	0	0	0	0	0	0	0	0
test3021	but nothing special	test	0	0	1	0	0	0	0	0
test3022	the hotel is very dated and dingy with funky smell throughout	test	0	0	1	0	0	0	0	0
test3023	room was tolerable but not the cleanest	test	0	0	0	0	0	0	1	0
test3024	way overpriced for what it was	test	0	0	1	0	0	0	0	0
test3025	if you just need place to sleep and don plan to spend any time in the room it might be fine otherwise look elsewhere	test	0	0	1	0	0	0	0	0
test3026	mfort inn	test	0	0	0	0	0	0	0	0
test3027	room was tiny for people	test	0	0	0	0	0	0	0	0
test3028	the beds particularly were not really big enough for adults breakfast	test	0	0	0	0	0	0	0	0
test3029	was ok although limited choice of toast or waffles or few other random bits and bobs	test	0	0	0	0	0	0	0	0
test3030	location was quite good could walk up the hill for about blocks to the crooked road or down the hill few blocks and you get to the cable car	test	0	0	0	0	0	0	0	0
test3031	reception were helpful and gave us directions to great steak house	test	0	0	0	0	0	0	0	0
test3032	beautiful hotel thought this hotel was very beautiful	test	0	0	1	0	0	0	0	0
test3033	the rooms were great as well	test	0	0	0	0	0	0	1	0
test3034	the beds had nice duvet covers and were comfortable	test	0	0	0	0	0	0	1	0
test3035	the hotel is located close to the french quarter so it is easy to get around	test	0	0	0	1	0	0	0	0
test3036	highly recommend	test	0	0	1	0	0	0	0	0
test3038	we had wonderful time at this hotel	test	0	0	1	0	0	0	0	0
test3039	great atmosphere service	test	0	0	0	0	0	0	0	1
test3040	the rooms are tastefuly decorated with hour service	test	0	0	0	0	0	0	1	0
test3041	my husband needed some assistance with the internet at am and they sent someone up immediately	test	0	0	0	0	0	0	0	1
test3042	room service took while to come but other than that everything about this hotel is top notch	test	0	0	1	0	0	0	0	0
test3043	just awful	test	0	0	1	0	0	0	0	0
test3044	wasn able to sleep at this hotel	test	0	0	1	0	0	0	0	0
test3045	the door between rooms was not sound proofed and tv in the adjoining room was turned up all the way	test	0	0	0	0	0	0	1	0
test3046	though called the front desk twice about it they were unable to hear the tv from the hallway and therefore didn do anything about it	test	0	0	0	0	0	0	0	0
test3047	would not recommend this hotel	test	0	0	1	0	0	0	0	0
test3048	harming small hotel great location near the duomo	test	0	0	1	1	0	0	0	0
test3050	delicious breakfast	test	0	1	0	0	0	0	0	0
test3051	quirky comfortable rooms	test	0	0	0	0	0	0	1	0
test3052	stayed at il guelfo bianco in february and june this year both visits were very nice	test	0	0	0	0	0	0	0	0
test3053	brilliant hotel spent two nights at calzaiuoli at the end of last month and can fault it	test	0	0	1	0	0	0	0	0
test3054	it location is superb and although was worried it would be noisy because it so central we weren disturbed all night	test	0	0	1	1	0	0	0	0
test3055	the breakfast is exactly what you expect and perfectly good with lots of hot strong coffee	test	0	1	0	0	0	0	0	0
test3056	ve stayed in lot of hotels in florence and this one is definitely up there with my favourite the antica torre but this one is definitely more affordable	test	0	0	1	0	0	0	0	0
test3057	the perfect base from which to explore florence	test	0	0	1	0	0	0	0	0
test3058	lovely	test	0	0	1	0	0	0	0	0
test3059	my friends and stayed here for four nights over the st patricks day period	test	0	0	0	0	0	0	0	0
test3060	our rooms were on the th floor really nice rooms very clean and modern maid service every day	test	0	0	0	0	0	0	1	1
test3061	the only thing would fault would be some of the reception staff are quite rude and keep an eye on your bill with the bar staff if they are serving at your table keep tabs of what you had as they do seem to try to add drinks on that you haven had or imply you haven paid	test	0	0	0	0	0	0	0	1
test3062	this also happened to another couple who were staying there the same time as us apart from that good location and lovely hotel would stay here again	test	0	0	1	1	0	0	0	0
test3063	quality hotel at great price	test	0	0	1	0	0	0	0	0
test3064	very clean	test	0	0	1	0	0	0	0	0
test3065	free breakfast with good selections	test	0	1	0	0	0	0	0	0
test3066	staff friendly and most helpful	test	0	0	0	0	0	0	0	1
test3067	grat stay	test	0	0	1	0	0	0	0	0
test3069	this hotel has great location	test	0	0	0	1	0	0	0	0
test3070	within walking distance to lot of bars and restaurants rooms were nice modern and very clean	test	0	0	0	1	0	0	1	0
test3071	valet parking was expensive but probably the norm in the area concierge never at their desk	test	1	0	0	0	0	0	0	1
test3072	we always had to wait while looked like they were bit short of staff	test	0	0	0	0	0	0	0	1
test3073	worst hotel ever seen very old and badly maintained hotel just tidy	test	0	0	1	0	0	0	0	0
test3074	unfriendly staff except the shop keeper who very helpful special mention to the manager who is especially rude and unhelpful to his guests	test	0	0	0	0	0	0	0	1
test3075	on the whole very expensive and desappointing place	test	0	0	1	0	0	0	0	0
test3076	to avoid by any means	test	0	0	1	0	0	0	0	0
test3077	loved the clift trendy hotel centrally located in union square area	test	0	0	1	1	0	0	0	0
test3078	the staff was extremely friendly and helpful	test	0	0	0	0	0	0	0	1
test3079	loved the furniture in the lobby especially the tall high chair check it out	test	0	0	0	0	0	0	1	0
test3080	the buffet breakfast was wonderful	test	0	1	0	0	0	0	0	0
test3081	only complaint was the television in the room was too small	test	0	0	0	0	0	1	0	0
test3082	otherwise definitely recommend this cool chic hotel	test	0	0	1	0	0	0	0	0
test3083	getting better having stayed here for the rd or th time over the years have to say the rho is getting much better	test	0	0	0	0	0	0	0	0
test3084	the rooms seem to have had touch up and now appear much cleaner and brighter	test	0	0	0	0	0	0	1	0
test3085	the staff at reception are friendly and helpful as ever	test	0	0	0	0	0	0	0	1
test3086	breakfast well its edible and plentiful	test	0	1	0	0	0	0	0	0
test3087	the location is the selling point very good	test	0	0	0	1	0	0	0	0
test3088	excellent service excellent hotel brand new	test	0	0	0	0	0	0	0	0
test3089	very friendly and helpful team	test	0	0	0	0	0	0	0	0
test3090	we had very confortable stay with two kids	test	0	0	0	0	0	0	0	0
test3091	room was very confortable with nice decoration and good use of technology with bose home teather systems automatic curtains dvd players and mp connections to home teather system	test	0	0	0	0	0	0	0	0
test3092	modern gym also was equiped with good gym equipment	test	0	0	0	0	0	0	0	0
test3093	expensive for what it gives	test	0	0	1	0	0	0	0	0
test3094	it not really bad but does not give value for money	test	0	0	1	0	0	0	0	0
test3095	when arriving at sfo airport called the shuttle line and was told that it would take about minutes	test	0	0	0	0	0	0	0	0
test3096	have seen all other hotel shuttles twice before the sheraton one arrived	test	0	0	0	0	0	0	0	0
test3097	the staff is friendly enough	test	0	0	0	0	0	0	0	1
test3098	had diner there too which was quite good but the temperature in the restaurant was rediculously hot	test	1	1	0	0	0	0	0	0
test3099	wonderful accomodations jorge is the most gracious host that had the good fortune to meet during my travels throughout mexico	test	0	0	0	0	0	0	0	0
test3100	great location service food location and hospitality	test	0	0	0	0	0	0	0	0
test3101	his other property in tepoztlan was wonderful as well	test	0	0	0	0	0	0	0	0
test3103	can wait to go back	test	0	0	0	0	0	0	0	0
test3104	good value good location booked two night stay including breakfast both days and evening meal on first night for evening meal was absolutely awful supposedly nouveau cuisine but simply an excuse to serve minute portions of tasteless food	test	0	1	0	1	0	0	0	0
test3105	however everything else was great and in contrast to the evening meal the buffet breakfast was fantastic	test	0	1	0	0	0	0	0	0
test3106	room very nicely decorated th floor had great panoramic view from greenwich to crystal palace	test	0	0	0	0	0	0	1	0
test3107	the location is also good just yards from south quay dlr station	test	0	0	0	1	0	0	0	0
test3108	from here you can get into central london quickly	test	0	0	0	1	0	0	0	0
test3109	if only other hotels can learn from this omni our family of four stayed at the omni san francisco for too short day weekend	test	0	0	1	0	0	0	0	0
test3110	we have stayed at number of other hotels including the ritz carlton over the years and can honestly say that this was the absolute best experience we have ever had	test	0	0	1	0	0	0	0	0
test3111	everyone on staff was incredible and made us feel that we were the only guests there even though the hotel was sold out	test	0	0	0	0	0	0	0	1
test3112	this is the only hotel to be in san francisco	test	0	0	0	0	0	0	0	0
test3113	blissful retreat	test	0	0	1	0	0	0	0	0
test3114	it was while ago but we adored uma sapna	test	0	0	0	0	0	0	0	0
test3115	having our own pool was fabulous	test	1	0	0	0	0	0	0	0
test3116	on the downside it is quite long walk from the beach restaurants etc especially in the dusty heat	test	0	0	0	0	0	0	0	0
test3117	fabulous restaurants in the vicinity	test	0	0	0	1	0	0	0	0
test3118	great value for money which is slightly unusual in bali	test	0	0	1	0	0	0	0	0
test3119	great french quarter classic	test	0	0	1	0	0	0	0	0
test3120	this hotel is it in new orleans	test	0	0	0	0	0	0	0	0
test3121	work in the hotel field and believe me this place spares no expense and gives you your money worth	test	0	0	1	0	0	0	0	0
test3122	excellent staff and the location is steller	test	0	0	0	1	0	0	0	1
test3123	go to new orleans frequently and have stayed at different french quarter hotels and this one leaves them all in the dirt	test	0	0	1	0	0	0	0	0
test3124	everything was perfect the duquesne was perfect place for us	test	0	0	1	0	0	0	0	0
test3125	the view was spectacular rooms comfortable clean breakfast complete with eggs ham cereals and assorted pastries more than expected	test	0	1	1	0	0	0	1	0
test3126	the front desk was kind and helpful especially for lost suitcase	test	0	0	0	0	0	0	0	1
test3127	this trip was for my daughter sixteenth birthday and she loved it	test	0	0	0	0	0	0	0	0
test3128	only two blocks to metro and five minutes walk to eiffel tower	test	0	0	0	1	0	0	0	0
test3129	mfortable clean stayed at the ohana west from was pleasantly surprised after reading many mixed reviews	test	0	0	1	0	0	0	0	0
test3130	we had city mountain view king room on the th floor with nice size lanai the room was little small but clean and comfortable	test	0	0	0	0	0	0	1	0
test3131	the daily housekeeping service was very prompt and did very good job and all the staff at the hotel demonstrated excellent customer service	test	0	0	0	0	0	0	0	1
test3132	the location of this hotel is perfect it is centrally located to all the great things to do in oahu	test	0	0	0	1	0	0	0	0
test3133	if your looking for star hotel this is not the place but if your looking for nice place with reasonable rates and great service then this is the place to stay	test	0	0	1	0	0	0	0	1
test3134	understanted elegance	test	0	0	1	0	0	0	0	0
test3135	perfect	test	0	0	1	0	0	0	0	0
test3136	had an amazing stay at what consider to be an outstanding hotel	test	0	0	1	0	0	0	0	0
test3137	the room was clean fresh and all the stops were pulled out to make our stay memorable one	test	0	0	0	0	0	0	1	0
test3138	amazing darren ivka	test	0	0	1	0	0	0	0	0
test3139	ice hotel	test	0	0	1	0	0	0	0	0
test3140	we had beautiful room very big with comfortable bed and huge bathroom but this is an old hotel dated	test	0	0	1	0	0	1	1	0
test3141	found it not very clean the carpets were dirty and also the restaurant was like that and food was not so good	test	0	1	0	0	1	1	1	0
test3142	didn like all that cement gray walls	test	0	0	0	0	0	0	1	0
test3143	anyway people working there were nice we arrived late at night but they allowed us to have dinner even if the restaurant was already closed and they gave us lot of information very nice and polite	test	0	0	0	0	0	0	0	1
test3144	think it is good hotel if you have children the pool is very big but it is too much expensive for the quality of the building	test	1	0	1	0	0	0	0	0
test3145	great small hotel spent week at the hotel de londres eiffel	test	0	0	1	0	0	0	0	0
test3146	english speaking staff	test	0	0	0	0	0	0	0	1
test3147	clean rooms but small	test	0	0	0	0	0	0	1	0
test3148	no restaurant but plenty others close at hand	test	1	0	0	1	0	0	0	0
test3149	if you are not looking for luxury and want to experience the local atmosphere would recommend this hotel	test	0	0	1	0	0	0	0	0
test3150	bonus is that it is blocks from the eiffel tower	test	0	0	0	1	0	0	0	0
test3151	perfect beginning fantastic location providing excellent value for money	test	0	0	1	1	0	0	0	0
test3152	for night in central san francisco this hotel is certainly find	test	0	0	1	0	0	0	0	0
test3153	the continental breakfast is good start to the day including waffles breakfast croisants cereal toast and huge muffins	test	0	1	0	0	0	0	0	0
test3154	the hotel is two minutes from union square and close to both powell mason hyde and california cable car lines	test	0	0	0	1	0	0	0	0
test3155	my only criticism is that the rooms are little small and you can find yourself falling over your bags	test	0	0	0	0	0	0	1	0
test3156	fantastic hotel	test	0	0	1	0	0	0	0	0
test3157	we thoroughly enjoyed our stay in the apex	test	0	0	1	0	0	0	0	0
test3158	the rooms were spotless and larger than the average london hotel	test	0	0	0	0	0	0	1	0
test3159	staff were very friendly and the food was delicious	test	0	1	0	0	0	0	0	1
test3160	am already looking forward to returning	test	0	0	1	0	0	0	0	0
test3161	paper thin walls	test	0	0	0	0	0	0	1	0
test3162	you know it bad when you sneeze and	test	0	0	0	0	0	0	0	0
test3163	the people in the next room bless you actually happened	test	0	0	0	0	0	0	0	0
test3164	we could hear the lightest of sounds from both of our neighbors and they weren loud people	test	0	0	0	0	0	0	1	0
test3165	can ever imagine staying here again it the biggest lack of privacy have ever experienced in hotel	test	0	0	1	0	0	0	0	0
test3166	unfair	test	0	0	0	0	0	0	0	0
test3167	due to loss of my credit card on holiday could not show the card used for payment of the room	test	0	0	0	0	0	0	0	0
test3168	the staff were very unhelpful and proceeded to charge for the room but refused to let us stay despite proof of id	test	0	0	0	0	0	0	0	1
test3169	waste of	test	0	0	0	0	0	0	0	0
test3170	we had to make our way to the airpost and stay there for the evening as it was too late to go anywhere else	test	0	0	0	0	0	0	0	0
test3171	overall good for the price and location you can do better	test	0	0	1	1	0	0	0	0
test3172	the staff is very friendly you are seconds away from the beach on foot and seconds away from buses to the airport or old san juan	test	0	0	0	1	0	0	0	1
test3173	isla verde where the hotel is is safe touristy place but of course old san juan is far more picturesque and far more expensive	test	0	0	0	0	0	0	0	0
test3174	make sure to eat at platos the hotel restaurant some of the best food had in puerto rico and again very reasonably priced	test	0	1	0	0	0	0	0	0
test3175	very comfortable and clean hotel with great breakfast buffet	test	0	1	1	0	0	0	0	0
test3176	we arrived direct from the airport and recieved excellent service from the very start	test	0	0	0	0	0	0	0	1
test3177	the twin room we had was very spacious and had very useful small kitchenette with microwave dishwasher and small stovethe breakfast buffet was very busy with long que but worth the wait and had good selection	test	0	1	1	0	0	1	1	0
test3178	location is good with many of the boston tours stopping just outside	test	0	0	0	1	0	0	0	0
test3179	uss constallation is within walking distancei	test	0	0	0	1	0	0	0	0
test3180	would stay at this hotel agai	test	0	0	1	0	0	0	0	0
test3181	will not stay here again	test	0	0	1	0	0	0	0	0
test3182	while traveling down the pch from bellingham wa to san diego ca we made reservations for and stayed at the seattle quality inn suites	test	0	0	0	0	0	0	0	0
test3183	yes the hotel was within walking distance of the space needle	test	0	0	0	1	0	0	0	0
test3184	however when requested pm check out we did not check in until after pm as per the special services extended to choice privileges members was told the latest	test	0	0	0	0	0	0	0	0
test3185	we could check out was pm the room was small there was an accumulation on dust on the top of the drapes which fell down on me when pulled them closed only one elevator worked and it was slow the complimentary in room coffee service was provide only for one person after showering the bathtub took forever to drain over minutes and left behind scum we had to walk through the indoor pool area to reach the breakfast room the business center computer was out of order and the sole desk clerk was so harried trying to do several tasks at once that several guests left after waiting too long for service	test	1	0	1	0	0	1	1	1
test3187	there is absolutely nothing can bad about this hotel	test	0	0	1	0	0	0	0	0
test3188	loved the room	test	0	0	0	0	0	0	1	0
test3189	staff was great	test	0	0	0	0	0	0	0	1
test3190	we ate in the restaurant and ordered room service both of which was great	test	0	1	0	0	0	0	0	1
test3191	it was also in great location and was cheap cab ride to and from the bars	test	0	0	0	1	0	0	0	0
test3193	we got an excellent rate online which included breakfast must	test	0	0	1	0	0	0	0	0
test3194	we could not have been more pleased with the hotel and staff	test	0	0	1	0	0	0	0	1
test3195	the rooms and hallways are bit dated but they are spotless and have many amenities	test	0	0	0	0	0	1	1	0
test3196	special compliments to both the reception and housekeeping staff which made the difference in our rating the hotel rather than	test	0	0	0	0	0	0	0	1
test3197	best hotel in in oahu	test	0	0	1	0	0	0	0	0
test3198	we had fantastic holiday in the hawaiian prince last month	test	0	0	0	0	0	0	0	0
test3199	the staff were very helpful and friendly and would like to give special mention to brenda who made our stay very special for my husband th birthday	test	0	0	0	0	0	0	0	1
test3200	upgraded us to beautiful room with fantastic view	test	0	0	0	0	0	0	1	0
test3201	also special mention to linda who worked in the pool area and was always helpful and attentive	test	0	0	0	0	0	0	0	1
test3202	if we every come back we will definitely stay in the hawaiian prince hotel	test	0	0	1	0	0	0	0	0
test3203	great value huge rooms this property isn the nicest or the best location but the rooms are huge and clean	test	0	0	1	1	0	0	1	0
test3204	stay here for business lot and can really spread out like having an apartment while away from home	test	0	0	1	0	0	0	0	0
test3205	the staff isn the best but friendly and accomodating	test	0	0	0	0	0	0	0	1
test3206	if you are going to the convention center this is one block away	test	0	0	0	1	0	0	0	0
test3207	if you re leisure traveling there are other great places to stay in the same rate level with more character but for extended trips it can be beat for the price and comfort	test	0	0	1	0	0	0	0	0
test3209	we stayed at the cathedral before leaving was fine except the pillows bit hardbreakfast was good and the limousine that took us to the airport was immaculate and only cost us	test	1	1	0	0	0	1	0	0
test3210	the room cost was pesos cash	test	0	0	0	0	0	0	0	0
test3211	no complaints at this one would definetly stay agai	test	0	0	1	0	0	0	0	0
test3212	magnificent oasis of peace in the middle of the bustle of mongkok	test	0	0	1	0	0	0	0	0
test3213	superb hotel with all the expected facilities at good value price	test	0	0	1	0	0	0	0	0
test3214	our th floor executive room was spacious clean comfortable	test	0	0	0	0	0	0	1	0
test3215	excellent service throughout	test	0	0	0	0	0	0	0	1
test3216	we have never had as stress free an arrival in new city as we did in hong kong having booked the transfer from the airport to the hotel	test	0	0	0	0	0	0	0	0
test3217	good location close to subway making easy connections to all parts of the city	test	0	0	0	1	0	0	0	0
test3218	recommended by friend we stopped in hawaii on our way to and from australia dec jan	test	0	0	0	0	0	0	0	0
test3219	friend had recommended the queen based on stay from several years before	test	0	0	0	0	0	0	0	0
test3220	although older the hotel provided clean and comfortable place to stay for our visit one night stay going over and several nights coming back from australia	test	0	0	1	0	0	0	0	0
test3221	we were able to get to all of the places we wanted to visit around honolulu while we were there	test	0	0	0	0	0	0	0	0
test3222	the beach was within easy walking distance	test	0	0	0	1	0	0	0	0
test3223	perfect hotel four of us traveled to paris and staying at the du cadran was an ideal location within walking distance to all attractions market area is around the corner rue cler cafes and shops everywhere and the other end of the block is pastry shop don pass it up enjoy the tarts complimentary breakfast was very good	test	0	1	1	1	0	0	0	0
test3224	bagettes croissants coffe juice cereal and fruits	test	0	0	0	0	0	0	0	0
test3225	great way to start the day rooms are typical small but	test	0	0	0	0	0	0	1	0
test3228	perfect location for cruise ship passengers	test	0	0	0	1	0	0	0	0
test3229	we stayed two nights prior to leaving on cruise	test	0	0	0	0	0	0	0	0
test3230	location was great really enjoyed the riverwalk and harrahs across the street	test	0	0	0	1	0	0	0	0
test3231	lots of conventions held there check in took over an hour	test	0	0	0	0	0	0	0	1
test3232	rooms were nice enough what expected from hilton	test	0	0	0	0	0	0	1	0
test3233	we walked to the french qtr and walked to the peir with our rolling luggage	test	0	0	0	0	0	0	0	0
test3235	we spent two wonderful nights at the san juan marriott resort in condado	test	0	0	1	0	0	0	0	0
test3236	the service was excellent and the food very good	test	0	1	0	0	0	0	0	1
test3237	we would most definitely stay here again	test	0	0	1	0	0	0	0	0
test3238	efficient and well run ok it will not win prizes for personality but the rooms are good size in great location with comfortable beds what more do you need few tips breakfast is very expensive but if your happy to pay euro each its good spread	test	0	1	1	0	0	1	1	0
test3239	but would advise you to try some of the nearby cafes	test	0	0	0	0	0	0	0	0
test3240	more berlini upgraded to one of the suites	test	0	0	0	0	0	0	0	0
test3241	it was only small addition to the price but well worth it and dont be put off by courtyard view rooms	test	0	0	0	0	0	0	1	0
test3242	they are fine	test	0	0	0	0	0	0	0	0
test3243	superb hotel great staff fab location just returned from night stay in barcelona with my mum	test	0	0	1	1	0	0	0	1
test3244	booked this hotel after reading good reviews on this website and it did not disappoint	test	0	0	0	0	0	0	0	0
test3245	the location is fantastic lots of great sights within walking distance and no matter where we wanted to go it cost us less than euro in taxi	test	0	0	0	1	0	0	0	0
test3246	the staff were very friendly and took time to point us in the right direction for the sights we wanted to visit and also recommended and booked restaurants for us free of charge	test	0	0	0	0	0	0	0	1
test3247	our room was very comfortable they remembered to not give me feather pillows and the free minibar was lovely touch	test	0	0	0	0	0	1	1	0
test3248	cannot praise them enough	test	0	0	1	0	0	0	0	0
test3249	seattle best	test	0	0	1	0	0	0	0	0
test3250	arrived very late in the evening for one night stay	test	0	0	0	0	0	0	0	0
test3251	staff were very solicitous and on par with the hotel service standards each request was met with of course	test	0	0	0	0	0	0	0	1
test3252	all staff were pleasant rooms were comfortably furnished with the latest innovations in guest room design baths were wonderful	test	0	0	0	0	0	0	1	1
test3253	even for one night stay this property was the best ve experienced in seattle	test	0	0	1	0	0	0	0	0
test3254	special kudos to the pan pacific for staff training this is the best formal service ve received in long time	test	0	0	0	0	0	0	0	0
test3255	rude and disorganized staff arrived from very long flight with my husband and yr old toddler	test	0	0	0	0	0	0	0	1
test3256	the initial receptionist was very pleasant and checked us in without any problems as everything was in order with the room number already printed on the reservation slip at the front desk	test	0	0	0	0	0	0	0	1
test3257	after settling in and resting for about hrs we received shock of our lives when someone tried to open the front door of our apartment but failed then we got call from the front desk	test	0	0	1	0	0	0	0	0
test3258	the manager some guy had the gull to ask us to move out to another room as the room is meant reserved for someone else and said the earlier staff that checked us in was new	test	0	0	0	0	0	0	0	1
test3259	so what if old or new staff this is not the way to treat guests and not even an apology was given for their mistake	test	0	0	0	0	0	0	0	1
test3260	will never recommend this place to anyone	test	0	0	1	0	0	0	0	0
test3261	great value spent one night at this hotel and thought it was excellent	test	0	0	1	0	0	0	0	0
test3262	all was really clean staff friendly and efficient	test	0	0	1	0	0	0	0	1
test3263	arrived expecting to share bathroom but found to my surprise all was ensuite	test	0	0	0	0	0	0	0	0
test3264	lucky break	test	0	0	0	0	0	0	0	0
test3265	location is really good within walking distance of gare st lazare and gare du nord and easy to reach from metro	test	0	0	0	1	0	0	0	0
test3267	wonderful visited for days in march for our sons st birthday what great city and an even greater hotel	test	0	0	1	0	0	0	0	0
test3268	we looked on trip advisor prior to going and the savoy was highly recommended we were not disappointed	test	0	0	1	0	0	0	0	0
test3269	situated in the plazza della republica with great views this is beautiful hotel with great rooms great restaurants and some of the best trained staff we have ever come across the service was second to none and the manager should be proud of him herself	test	0	0	1	1	0	0	1	1
test3270	the location is great with all the attractions of florence within easy walking distance	test	0	0	0	1	0	0	0	0
test3271	our rooms were at the front directly overlooking the plzza della republica it was amazing we could look out and listen to music playing every night from violins to salsa opera and the atmosphere	test	0	0	0	0	0	0	1	0
test3272	was electric cant wait to go back	test	0	0	1	0	0	0	0	0
test3273	lovely hotel stayed at the adolphus for days in april	test	0	0	1	0	0	0	0	0
test3274	was impressed with the hotel overall	test	0	0	1	0	0	0	0	0
test3275	many hotels claim to be historic but really thats just cover up for being bit old and lacking in services not so with the adolphus the	test	0	0	0	0	0	0	0	0
test3276	adolphus was great room was big and good value for money considering its location and the standard of the furnishings	test	0	0	1	1	0	1	1	0
test3277	staff were extremely helpful and very friendly	test	0	0	0	0	0	0	0	1
test3278	shabby is definitely the word checked into the sheraton and asked specifically for room not overlooking the construction	test	0	0	1	0	0	0	0	0
test3279	got room overlooking just that	test	0	0	0	0	0	0	1	0
test3280	ripped curtains dirty carpet from construction dust	test	0	0	0	0	0	1	0	0
test3281	this property is not run by sheraton just under their umbrella	test	0	0	0	0	0	0	0	0
test3282	for the price charged would not recommend staying there	test	0	0	1	0	0	0	0	0
test3283	perhaps sheraton should review some of the hotels they license to outside owners	test	0	0	0	0	0	0	0	0
test3284	great hotel in very convenient location	test	0	0	1	1	0	0	0	0
test3285	really enjoyed my stay at the abba sants hotel	test	0	0	1	0	0	0	0	0
test3286	it is very comfortable modern hotel	test	0	0	1	0	0	0	0	0
test3287	it location few minutes walk from the sants train station is very convenient for travelers who are visiting the city	test	0	0	0	1	0	0	0	0
test3288	the hotel staff was great about giving restaurant recommendations that locals actually go to	test	0	0	0	0	0	0	0	1
test3289	the only downside was that the rooms were uncomfortably warm and the only way to cool down was to open the window which unfortunately let in the noise from very busy street	test	0	0	0	0	0	0	1	0
test3290	hristmas in new york	test	0	0	0	0	0	0	0	0
test3291	the city is very busy during christmas but we had very good time	test	0	0	0	0	0	0	0	0
test3292	the mariott marquis is the place to stay if you can afford it	test	0	0	1	0	0	0	0	0
test3293	you can walk to all of the popular shows and we felt safe on the streets	test	0	0	0	1	0	0	0	0
test3294	we were in group of and we all had wonderful time	test	0	0	1	0	0	0	0	0
test3295	good value and location spent nights per night at the ilima in dec	test	0	0	1	1	0	0	0	0
test3296	very happy with the proximity to waikiki beach and the surrounding designer boutiques gucci chanel prada etc and restaurants	test	0	0	0	1	0	0	0	0
test3297	this is not or star establishment but that is ok since you are not paying prime	test	0	0	1	0	0	0	0	0
test3298	the rooms are outdated but clean comfortable and roomy	test	0	0	0	0	0	0	1	0
test3299	we found the staff to be friendly	test	0	0	0	0	0	0	0	1
test3300	if you are looking to save money and be within walking distance to all the action on waikiki then stay at the ilima	test	0	0	1	0	0	0	0	0
test3301	ral location with friendly atmosphere	test	0	0	1	0	0	0	0	0
test3302	we stayed here early october and even though we had done our homework on location were pleasantly pleased with the hotels location	test	0	0	0	1	0	0	0	0
test3303	in the heart of the city just few steps away from chinatown and easy access to the two cable car lines or street cars to give you quick tranportation to the main attraction areas	test	0	0	0	1	0	0	0	0
test3304	ok there is street noise but then again you are in the centre of city and the lift can be heard but not enough to disturb you	test	0	0	1	0	0	0	0	0
test3305	our room was on the ninth floor and the view from the window overlooking the roof tops was lovely the bathroom was very modern and it was handy to have safe deposit box in you room at no extra charge	test	0	0	0	0	0	1	1	0
test3306	we found the hotel recepitionists all to be very helpful	test	0	0	0	0	0	0	0	1
test3307	love the train stayed for week in the loft apartment with four of us	test	0	0	1	0	0	0	0	0
test3308	love the train	test	0	0	1	0	0	0	0	0
test3309	friendly staff clean rooms and hotel great breakfast included every morning	test	0	1	1	0	0	0	1	1
test3310	the price was more than reasonable	test	0	0	1	0	0	0	0	0
test3311	the location was also great right across from the train station but somehow not in the heart of all the chaos	test	0	0	0	1	0	0	0	0
test3312	going back to amsterdam again and already have my reservation at the train	test	0	0	0	0	0	0	0	0
test3313	comfortable stay	test	0	0	1	0	0	0	0	0
test3314	my wife and stayed here when we were up for red sox game	test	0	0	0	0	0	0	0	0
test3315	our stay was very nice and everything in the hotel is excellent quality	test	0	0	1	0	0	0	0	0
test3316	the bed was very comfortable and the bathroom was spacious	test	0	0	0	0	0	1	1	0
test3317	there were some nice views in the hotel but the one from our room was not great	test	0	0	0	0	0	0	1	0
test3318	remove the nine	test	0	0	0	0	0	0	0	0
test3319	and what you have is zero	test	0	0	0	0	0	0	0	0
test3320	have spent lot of time in nice boutique hotels and nine zero may have been the worst hotel ve ever been to	test	0	0	1	0	0	0	0	0
test3321	from the minute checked in with the snippy kid at the fornt desk to the fifty five minute wait for room service	test	0	0	0	0	0	0	0	1
test3322	everything was terrible	test	0	0	1	0	0	0	0	0
test3324	this was family trip for our daughter senior year of high school and had always wanted to visit new york	test	0	0	0	0	0	0	0	0
test3325	couldn have asked for better hotel than the sofitel	test	0	0	1	0	0	0	0	0
test3326	room comfort service and anything we may asked for was great	test	0	0	1	0	0	0	1	1
test3327	the doormen are always pleasant and greet you going and coming great source for info	test	0	0	0	0	0	0	0	1
test3328	would recommend this for anybody and hope to stay again	test	0	0	1	0	0	0	0	0
test3329	loved the chancellor was very pleased with my stay here	test	0	0	1	0	0	0	0	0
test3330	the room was very comfortable and very clean	test	0	0	0	0	0	0	1	0
test3331	the location is perfect	test	0	0	0	1	0	0	0	0
test3333	would stay at this hotel again and would certainly recommend it	test	0	0	1	0	0	0	0	0
test3334	efficient patient friendly stayed at the savoy for shopping weekend in berlin and found it superb elegant hotel	test	0	0	1	0	0	0	0	0
test3335	the lobby and the restaurant simply invite to sit down and relax	test	1	0	1	0	0	0	0	0
test3336	the room we stayed in was huge clean and utterly comfortable	test	0	0	0	0	0	0	1	0
test3337	have to mention the staff of the front desk and in the restaurant are efficient fast patient and friendly	test	0	0	0	0	0	0	0	1
test3338	each of our requests were taken care of immediately	test	0	0	0	0	0	0	0	1
test3339	will be back soon	test	0	0	1	0	0	0	0	0
test3341	just everything you need perfect room friendly staff bathroabs and sleepers in your room nice linen and very comfortable beds	test	0	0	0	0	1	1	1	1
test3342	and yes it very quiet place	test	0	0	0	1	0	0	0	0
test3344	great place to stay stopped for three days on the way to nz and enjoyed immensely	test	0	0	1	0	0	0	0	0
test3345	room pretty good although can get bit noisy outside saying that my year old slept perfectly	test	0	0	0	0	0	0	1	0
test3346	the reason for is partly for location but mainly for the excellent staff for example we arrived and had lost the suitcase keys	test	0	0	0	1	0	0	0	1
test3347	the desk guy managed to find saw and had freed up our possesions before returned with superb coffees from opposite	test	0	0	0	0	0	0	0	0
test3348	nothing seems to be too much trouble	test	0	0	0	0	0	0	0	0
test3349	will certainly stay again on next trip over to nz	test	0	0	1	0	0	0	0	0
test3350	hidden gem in the center of manhattan	test	0	0	1	0	0	0	0	0
test3351	we love small european hotels and rarely see anything similar in the united states	test	0	0	0	0	0	0	0	0
test3352	we could have sworn we were in paris	test	0	0	0	0	0	0	0	0
test3353	but we were in the middle of new york	test	0	0	0	0	0	0	0	0
test3354	the hotel oozes charm the breakfast is incredible the stafff very friendly and helpful and the price is right	test	0	1	1	0	0	0	0	1
test3355	dreams was dream	test	0	0	1	0	0	0	0	0
test3356	our family of adults kids had an excellent vacation experience	test	0	0	1	0	0	0	0	0
test3357	the dreams hotel was very clean and the staff was very accomodating	test	0	0	1	0	0	0	0	1
test3358	there was lot of games and activities that were fun and suitable for kids and adults of all ages	test	0	0	0	0	1	0	0	0
test3359	the entertainment staff put on great shows every evening	test	1	0	0	0	0	0	0	0
test3360	the hotel also offered different restaurants with good food and service	test	0	1	0	0	0	0	0	1
test3361	times better than the reviews to date made reservations for the civic center ramada through yahoo travel travelocity	test	0	0	1	0	0	0	0	0
test3362	stumbled across the reviews here and became nervous	test	0	0	0	0	0	0	0	0
test3363	experieces was great	test	0	0	1	0	0	0	0	0
test3364	old hotel but helpful staff nice room	test	0	0	1	0	0	0	1	1
test3365	well worth the money paid	test	0	0	1	0	0	0	0	0
test3366	ein wochenende	test	0	0	0	0	0	0	0	0
test3369	arcotel velvet berlin	test	0	0	0	0	0	0	0	0
test3371	love the hotel rex	test	0	0	1	0	0	0	0	0
test3372	we enjoyed the hotel rex	test	0	0	1	0	0	0	0	0
test3374	ambience is charming	test	0	0	1	0	0	0	0	0
test3375	very friendly and helpful staff	test	0	0	0	0	0	0	0	1
test3376	great weekend trip	test	0	0	0	0	0	0	0	0
test3377	perfect location lovely hotel	test	0	0	1	1	0	0	0	0
test3378	we had wonderful time in florence and the hotel was part of that experience	test	0	0	1	0	0	0	0	0
test3379	the location was perfect for sightseeing perfect for that quick nap or package drop off	test	0	0	0	1	0	0	0	0
test3380	it was clean and lovely the people at the desk were very helpful	test	0	0	1	0	0	0	0	1
test3381	would recommend this hotel without reservation	test	0	0	1	0	0	0	0	0
test3382	return visit to new orleans for the budget vacationer on foot	test	0	0	1	0	0	0	0	0
test3383	night dec	test	0	0	0	0	0	0	0	0
test3384	breakfast is sweet rolls coffee	test	0	1	0	0	0	0	0	0
test3385	no juice tea or hot chocolate	test	0	0	0	0	0	0	0	0
test3386	not handy if you don already know your way around canal st the french quarter	test	0	0	0	0	0	0	0	0
test3387	not what expected unfortunately	test	0	0	1	0	0	0	0	0
test3388	after booking in for business travel was given small rooom with barely enough space to walk around the queen size bed	test	0	0	0	0	0	0	1	0
test3389	not very luxurious with regular tv etc no flat sceen and no view from the th floor	test	0	0	0	0	0	1	1	0
test3390	requested better room and was given room on the top floor right next to the elevators which were noisy and disturbed my sleep	test	0	0	0	0	0	0	1	0
test3391	after requesting room change again was given another average room by front desk staff who seem reluctant to help	test	0	0	0	0	0	0	1	1
test3392	as far as deluxe hotels go this place is really quite average think there are many better hotels out there	test	0	0	1	0	0	0	0	0
test3393	perfect location this is great little hotel in the most romantic spot right on the canal	test	0	0	1	1	0	0	0	0
test3394	yes difficult to find on first arriving but that the only thing say to watch out for	test	0	0	0	1	0	0	0	0
test3395	the location was perfect right in the centre of things but not so close that noise is problem	test	0	0	0	1	0	0	0	0
test3396	the room was lovely and so were the staff	test	0	0	0	0	0	0	1	1
test3397	think this is great value for money	test	0	0	1	0	0	0	0	0
test3398	excellent apartments	test	0	0	1	0	0	0	0	0
test3399	the apartments and overall facilities exceeded our expectations	test	1	0	1	0	0	0	0	0
test3400	for very reasonable price we got new well appointed apartment that was quiet secure and extremely clean	test	0	0	1	0	0	0	1	0
test3401	the location was not like being in the heart of sydney but there were some good eating places close by and it was not far by taxi to sydney center	test	0	0	0	1	0	0	0	0
test3402	we would certainly stay at the meriton again in the future	test	0	0	1	0	0	0	0	0
test3403	cool	test	0	0	0	0	0	0	0	0
test3404	found the seattle to be as advertized trendy pricey and spectacular	test	0	0	1	0	0	0	0	0
test3405	the rooms are more spacious than other ve stayed at and the service was impeccable	test	0	0	0	0	0	0	1	1
test3406	the views of puget sound and downtown were nothing short of breathtaking	test	0	0	0	1	0	0	0	0
test3407	if you don mind spending bit more the is for you	test	0	0	1	0	0	0	0	0
test3409	we stayed here in june and had wonderful experience	test	0	0	1	0	0	0	0	0
test3410	perfect location with beautiful terrace overlooking the quiet san martin plaza	test	0	0	1	1	0	0	0	0
test3411	clean comfortable spacious rooms with friendly bilingual staff	test	0	0	0	0	0	0	1	1
test3412	awesome buffet breakfast that is available until noon	test	0	1	0	0	0	0	0	0
test3414	really enjoyed my stay at the barcelo hotel sants	test	0	0	1	0	0	0	0	0
test3415	spent week there and if you re looking for moderatly priced accommodation in an excellent location would thoroughly recommend you stay here	test	0	0	1	1	0	0	0	0
test3416	location service rooms were all excellent	test	0	0	0	1	0	0	1	1
test3417	have to say that did find the breakfast fairly expensive approx euro although you do get discount rate if staying in the hotel	test	0	1	0	0	0	0	0	0
test3418	definately very good value and well worth the stay	test	0	0	1	0	0	0	0	0
test3419	real gem	test	0	0	1	0	0	0	0	0
test3420	took my son to fenway for his birthday and we stayed as treat at the eliot and had dinner the after the game at uni the sashimi bar off the lobby of the hotel where my son spotted jim brady	test	0	0	1	0	0	0	0	0
test3421	boy was my kid excited the brand new suites were unbelievably beautiful with luxury amenities and very kind service	test	0	0	0	0	0	1	1	1
test3422	we were all very impressed with our stay and can wait to do the same next year	test	0	0	0	0	0	0	0	0
test3423	it mad our boston experience very special	test	0	0	1	0	0	0	0	0
test3424	nice stay	test	0	0	1	0	0	0	0	0
test3425	we stayed for nights in the hotel and can recommend it if you want to explore madrid without spending too much money for the hotel	test	0	0	1	0	0	0	0	0
test3426	the hotel was very clean and the staff friendly and helpful	test	0	0	1	0	0	0	0	1
test3427	if you do not want to pay hat much for the breakfast you can go in one of the small cafes not that far from the hotel and enjoy the superp spanish coffee	test	0	1	0	1	0	0	0	0
test3428	an underground station is directly in front of the hotel whith which you can easily go to the city center	test	0	0	0	1	0	0	0	0
test3429	love the pacific beach stayed oct were upgraded to oceanfront	test	0	0	1	0	0	0	0	0
test3430	room this is our second stay at the pacific beach we	test	0	0	0	0	0	0	0	0
test3431	will go back next oct after having the ocean front room	test	0	0	0	0	0	0	0	0
test3432	spoilt the room	test	0	0	0	0	0	0	0	0
test3433	was very clean also the maids were very helpful cleaning our room when we went down to breakfast they also have great beauty shop in the hotel my	test	1	0	0	0	0	0	1	1
test3434	only fault was the neptune restaurant the breakfast was great but the evening meal was terribly overpriced and not that good overall we have few if any complaints cant wait to go back	test	1	1	0	0	0	0	0	0
test3435	downtown luxury	test	0	0	0	0	0	0	0	0
test3436	my fiance and stayed at the wyndahm for days	test	0	0	0	0	0	0	0	0
test3437	the rooms were incredible	test	0	0	0	0	0	0	1	0
test3438	the staff there is nothing short of incredible	test	0	0	0	0	0	0	0	1
test3439	must say that because they were packed for the holiday weekend but still took the time to handle each patron with whatever they needed	test	0	0	0	0	0	0	0	0
test3441	the hotel is in up and coming area of berlin where people are on the go its great for nightlife	test	0	0	0	1	0	0	0	0
test3442	the staff were friendly and provided an excellent service	test	0	0	0	0	0	0	0	1
test3443	the room was clean good size and there were all amenities needed and more including kitchen area	test	0	0	0	0	0	1	1	0
test3444	was surprised by the quality of this hotel for it price and would reccomend it to anyone	test	0	0	1	0	0	0	0	0
test3445	four star location one star service	test	0	0	0	1	0	0	0	1
test3446	the palomar is an elegant hotel with good central downtown location	test	0	0	1	1	0	0	0	0
test3447	the restaurant is rated highly by number of gourment magazines and rooms are pleasant if on the small side	test	0	0	0	0	0	0	1	0
test3448	however the front desk staff have no interest in helping customers outside of routine check in and check out	test	0	0	0	0	0	0	0	1
test3449	service is more akin to star hotel	test	0	0	0	0	0	0	0	1
test3450	would rate the hotel stars for location and star for servic	test	0	0	0	1	0	0	0	1
test3451	gotta love	test	0	0	0	0	0	0	0	0
test3452	the gym other reviews have covered the room the food etc	test	0	0	0	0	0	0	0	0
test3453	want to add that the hilton has the best health club have come across on my business trips	test	1	0	0	0	0	0	0	0
test3454	the latest in exercise machines good selection of free weights and best of all access to group fitness classes	test	0	0	0	0	0	0	0	0
test3455	this alone makes this hotel worth return visit	test	0	0	1	0	0	0	0	0
test3456	xcellent hotel returned yesterday from few days at this hotel	test	0	0	1	0	0	0	0	0
test3457	the staff are very friendly and the rooms are kept spotless	test	0	0	0	0	0	0	1	1
test3458	the food and drink on offer are both good value and of good standard	test	0	1	0	0	0	0	0	0
test3459	the hotel is fairly central with metro station outside the front door	test	0	0	0	1	0	0	0	0
test3460	good choice hotel for anyone who likes quality at an affordable price	test	0	0	1	0	0	0	0	0
test3461	should be	test	0	0	0	0	0	0	0	0
test3462	who ever said this hotel should be	test	0	0	0	0	0	0	0	0
test3463	is crazzzzzy	test	0	0	0	0	0	0	0	0
test3464	this place sucks	test	0	0	1	0	0	0	0	0
test3465	can even say you get what you pay for because this was the most ever payed for trip	test	0	0	1	0	0	0	0	0
test3466	problems with website	test	0	0	1	0	0	0	0	0
test3467	have not stayed at the hotel but did make an online reservation through the hotel official website	test	0	0	0	0	0	0	0	0
test3468	this has proven impossible to cancel online	test	0	0	1	0	0	0	0	0
test3469	the hotels cancellation web page is non responsive and my hotel issued booking number is too many digits to fit in the dialog box	test	0	0	1	0	0	0	0	0
test3470	was especially concerned about this when noted the other reviewer comments on this site which indicates that he was charged even when he mailed his cancellation	test	0	0	0	0	0	0	0	0
test3471	obviously this hotel has problems	test	0	0	1	0	0	0	0	0
test3472	great experience just returned from group program	test	0	0	1	0	0	0	0	0
test3473	overall we had great time	test	0	0	1	0	0	0	0	0
test3474	rooms were excellent service friendly pools beautiful	test	1	0	0	0	0	0	1	1
test3475	food was average and can be improved for star resort	test	0	1	0	0	0	0	0	0
test3476	the staff was delightful and all of us people had great experience	test	0	0	1	0	0	0	0	1
test3478	recently my wife and stayed at the hyatt for nights	test	0	0	0	0	0	0	0	0
test3479	the hotel was very nice with exzcellent service	test	0	0	1	0	0	0	0	1
test3480	the hotel staff could not do enough for you	test	0	0	0	0	0	0	0	1
test3481	the sports bar has decent food and is great place to watch sporting event	test	0	1	0	0	0	0	0	0
test3482	superb hotel	test	0	0	1	0	0	0	0	0
test3483	we are going to the swissotel again in november this year it will be the third year we have stayed there	test	0	0	0	0	0	0	0	0
test3484	the business lounge is wonderful value and perfect for quiet evening in to just relax after busy day	test	1	0	0	0	0	0	0	0
test3485	would not stay anywhere else in berlin	test	0	0	0	0	0	0	0	0
test3486	the staff are all great	test	0	0	0	0	0	0	0	1
test3487	great location great staff	test	0	0	0	1	0	0	0	1
test3488	we stayed week at the jw	test	0	0	0	0	0	0	0	0
test3489	perfect location walked to restaurants aquarium casino	test	0	0	0	1	0	0	0	0
test3490	staff was wonderful especially gwendalyn	test	0	0	0	0	0	0	0	1
test3491	room was good size free washer dryer on th floor housekeeping and turndown were great	test	1	0	0	0	0	0	1	1
test3492	hotel was busy but still able to offer personal service	test	0	0	1	0	0	0	0	1
test3493	good overall	test	0	0	1	0	0	0	0	0
test3494	the hotel staff was fairly friendly albeit slow service in the restaurants	test	0	0	0	0	0	0	0	1
test3495	on the upside the room was clean comfortable and the banquet food quite excellent	test	0	1	0	0	0	0	1	0
test3496	would be willing to return	test	0	0	0	0	0	0	0	0
test3497	quality hotel at reasonable prices recommended stayed in the hotel on the first weekend in february with friends who were celebrating wedding	test	0	0	1	0	0	0	0	0
test3498	found the hootel to be spotlessly clean convenient for the underground and most of the sites the staff were very friendly and all spoke good english	test	0	0	0	0	0	0	1	1
test3499	only ate there at breakfast but this was excellent with lots of choice and good serving times	test	0	1	0	0	0	0	0	0
test3500	the bar was lively in the evening and the barmen were very helpful in recommending places to visit	test	1	0	0	0	0	0	0	1
test3501	the receptionists also helped to locate traditional german food and everyone enjoyed the hospitality of our hosts	test	0	0	0	0	0	0	0	1
test3502	it was my first visit to berlin but will definitely be going again and will stay at the movenpick	test	0	0	1	0	0	0	0	0
test3503	great little hotel we really enjoyed our stay at the luna and simone	test	0	0	1	0	0	0	0	0
test3504	the staff was friendly the room was small but cute cozy and clean and the perfect amount of space for the two of us the breakfast was delicious and an awesome start to the day	test	0	1	0	0	0	0	1	1
test3505	the hotel is within walking distance to everything and if you don want to walk the bus stops right outside the door or	test	0	0	0	1	0	0	0	0
test3506	victoria tube station is just bit of walk up the road	test	0	0	0	1	0	0	0	0
test3507	we would definitely go back and highly recommend for anyone travelling to london	test	0	0	1	0	0	0	0	0
test3508	sold me out	test	0	0	1	0	0	0	0	0
test3509	well we never actually stood at this hotel	test	0	0	0	0	0	0	0	0
test3510	we did have reservation but did not stay	test	0	0	0	0	0	0	0	0
test3511	the one bedroom suite we reserved was not available and the standard room that manager offered us to crash in it was about pm as we arrived was so dirty and filthy that we just left	test	0	0	1	0	0	0	1	0
test3512	some trick photography in the advertising	test	0	0	0	0	0	0	0	0
test3513	the main saving graces of this hotel are the helpful and friendly staff and the fact the windows open to let the smell out	test	0	0	0	0	0	0	1	1
test3514	burst out laughing	test	0	0	0	0	0	0	0	0
test3515	when saw the gym it is converted closet and is so small the treadmill has to be put on an angle to fit	test	1	0	0	0	0	0	0	0
test3516	ve had two broken tv sets in row maybe rock band stayed there before me	test	0	0	0	0	0	1	0	0
test3518	our family stayed here for wedding and had an absolutely wonderful time	test	0	0	1	0	0	0	0	0
test3519	we occupied rooms and after the first day the staff knew us helped us with all kinds of things	test	0	0	0	0	0	0	0	1
test3520	the rooms were delightful and we loved the evening wine tasting	test	0	1	0	0	0	0	1	0
test3521	especially liked the bellman that looks like mel gibson	test	0	0	0	0	0	0	0	1
test3522	not bad word to say about it	test	0	0	0	0	0	0	0	0
test3523	excellent location literally minute walk to la ramblas	test	0	0	0	1	0	0	0	0
test3524	staff are extremely helpful and freindly	test	0	0	0	0	0	0	0	1
test3525	rooms are on the basic side but they have everything that you need	test	0	0	0	0	0	0	1	0
test3526	definately stay there again	test	0	0	1	0	0	0	0	0
test3527	just like they said	test	0	0	0	0	0	0	0	0
test3528	the jazz was just as had expected it to be	test	0	0	1	0	0	0	0	0
test3529	the hotel was nice to look at there was rumble from the underground the rooms were clean and looked as they did in pictures and it truly is very close to la ramblas	test	0	0	1	1	0	0	1	0
test3530	all in all for three star hotel it was great certainly great value for the money	test	0	0	1	0	0	0	0	0
test3531	very bad place we stayed at the hotel in two days from the of dec	test	0	0	1	0	0	0	0	0
test3532	to the of dec	test	0	0	0	0	0	0	0	0
test3533	the hotel are run down the room are smelly and dirty and the staff are not very helpfully at all	test	0	0	1	0	0	0	1	1
test3534	eating breakfast at the hotel is expencive and you are still hungry after because of the very small portions	test	0	1	0	0	0	0	0	0
test3535	we where gratefull that we only had to spent two days there before going to miami port for seven days cruise with the beautifull ship freedom of the seas	test	0	0	0	0	0	0	0	0
test3536	never again the marseilles hotel	test	0	0	1	0	0	0	0	0
test3537	not recommended	test	0	0	1	0	0	0	0	0
test3538	the room was disappointing	test	0	0	0	0	0	0	1	0
test3539	the furniture was very scuffed and the walls had some stains	test	0	0	0	0	0	0	1	0
test3540	the staff was somewhat friendly but more better looking than actually helpful	test	0	0	0	0	0	0	0	1
test3541	the exception was the valets who were consistently doing great job	test	0	0	0	0	0	0	0	1
test3542	for the money better accomodation can be found in seattle	test	0	0	1	0	0	0	0	0
test3543	great find in beautiful city stayed at this gem of place over the christmas weekend and really enjoyed it	test	0	0	1	0	0	0	0	0
test3544	the location was very good in the southern canal belt which was close enough to all the major attractions without feeling too touristy and the tram links were frequent and convenient	test	0	0	0	1	0	0	0	0
test3545	after reading the previous reviews was actually prepared for small closet room but the bedroom was pleasantly spacious and definitely one of the bigger ones ve seen in europe	test	0	0	0	0	0	0	1	0
test3546	the complimentary minibar was nice finishing touch and the living room reception area with cheery fire and free flow of drinks and snacks was lifesaver for those cold amsterdam afternoons	test	1	0	0	0	0	0	0	0
test3547	all in all great place and	test	0	0	1	0	0	0	0	0
test3548	would not hesitate in recommending to any	test	0	0	1	0	0	0	0	0
test3550	for those who ve never been to san francisco the tuscan inn near fisherman wharf is the perfect first	test	0	0	1	1	0	0	0	0
test3551	we were near all the transportation modes and there are plenty shopping entertainment and restaurants	test	0	0	0	1	0	0	0	0
test3552	our room was large and comfortable and the staff was top notch especially elmer	test	0	0	0	0	0	0	1	1
test3553	if you have question they have the answer or will get it for you	test	0	0	0	0	0	0	0	0
test3554	we were very pleased with the tuscan inn	test	0	0	1	0	0	0	0	0
test3555	is that rooms	test	0	0	0	0	0	0	1	0
test3556	was one day at kowloon hotel but am wondering is it possibile to call that room an hotel room	test	0	0	0	0	0	0	1	0
test3557	was alone and even if am not too fat the space was exactly for me	test	0	0	0	0	0	0	1	0
test3558	ok room in hkg are very small but this seems too small otherwise concierge service was good and location is ok for kowloon nad nathan road considering all and what have paied	test	0	0	0	1	0	0	1	1
test3559	can say this hotel is on everage quality and will return only if could be able to find very very good price	test	0	0	1	0	0	0	0	0
test3560	otherwise not	test	0	0	0	0	0	0	0	0
test3561	excellent hotel was very pleased with the orchard garden hotel	test	0	0	1	0	0	0	0	0
test3562	room was spacious and very comfortable	test	0	0	0	0	0	0	1	0
test3563	excellent location in the city	test	0	0	0	1	0	0	0	0
test3564	did not eat in the restaurant but did enjoy glass of wine and some cheese in the comfortable bar area	test	0	0	0	0	0	0	0	0
test3565	nice breakfast with good selection of items	test	0	1	0	0	0	0	0	0
test3567	great location loved the fittings and the design great use of available space	test	0	0	1	1	0	0	0	0
test3568	people at desk couldn have been nicer	test	0	0	0	0	0	0	0	1
test3569	great location right by museums	test	0	0	0	1	0	0	0	0
test3570	breakfast not up to the rest but that small quibble	test	0	1	0	0	0	0	0	0
test3571	look forward to other roommate stays	test	0	0	0	0	0	0	0	0
test3572	good room with good breakfast	test	0	1	0	0	0	0	1	0
test3573	we had job in the nebhourhood	test	0	0	0	0	0	0	0	0
test3574	our crewmen and me stay there for week	test	0	0	0	0	0	0	0	0
test3575	room were clean everyday well done	test	0	0	0	0	0	0	1	0
test3576	our worker enjoy hot tub after hard working day	test	0	0	0	0	0	1	0	0
test3577	they loved free hot waffle and other stuff best thing is they have free parking for big truck love to tell other contractor to stay that place	test	1	1	0	0	0	0	0	0
test3578	wonderful exterior but damp the fullerton is in fantastic location especially if you are doing business in singapore	test	0	0	1	1	0	0	0	0
test3579	and it looks great from the outside	test	0	0	1	0	0	0	0	0
test3580	but the rooms can be very damp and musty and ve stayed in this hotel on about separate occasions now	test	0	0	0	0	0	0	1	0
test3581	plus worst of all is that sometimes in the middle of the night ve been woken up by extremely loud airconditioning noises	test	0	0	0	0	0	1	0	0
test3582	not acceptable in star hotelif in singapore and looking for decent hotel	test	0	0	0	0	0	0	0	0
test3583	recommend seasons or raffles the plaza as better hotels for similar or lower price	test	0	0	0	0	0	0	0	0
test3584	excellent service spot	test	0	0	0	0	0	0	0	1
test3585	if you need comfortable place to crash after hectic day of sightseeing this is the place	test	0	0	1	0	0	0	0	0
test3586	hospitality is the word here starting with amie the person responsible for checking us in	test	0	0	0	0	0	0	0	1
test3587	amazing how close we were to the major sights	test	0	0	0	1	0	0	0	0
test3588	we walked to all of them	test	0	0	0	0	0	0	0	0
test3590	stayed here from may	test	0	0	0	0	0	0	0	0
test3591	the hotel is ideally located in the fashion district of the city and all the shopping you can imagine in only minutes away	test	0	0	0	1	0	0	0	0
test3592	the doormen are exceptionally friendly and hospitable and are extremely knowledgable regading tourist must sees	test	0	0	0	0	0	0	0	1
test3593	the california room was wonderful with huge bathroom which included shower and soaking tub	test	0	0	0	0	0	0	1	0
test3594	can wait to go back truly pleasant experience	test	0	0	1	0	0	0	0	0
test3595	the standard	test	0	0	0	0	0	0	0	0
test3596	it was so beautiful	test	0	0	1	0	0	0	0	0
test3597	actually cried when we left	test	0	0	0	0	0	0	0	0
test3598	very expensive but for the once in lifetime trip honeymoon it is worth it	test	0	0	1	0	0	0	0	0
test3599	we re ruined for other hotels forever	test	0	0	0	0	0	0	0	0
test3600	the silla is fabulous and so reasonable brilliant quiet family run view over arno mins walk from ponte vecchio ask for room or equivalent aircond is whisper quiet but enough to mask traffic and partner snoring	test	0	0	1	1	0	1	0	0
test3601	recent refurbish is good though ensuite is small who cares the shower works well	test	0	0	0	0	0	1	1	0
test3602	lovely terrace for breakfast or drinks minibar in room will take your duty free but no tea making equipment only minus point	test	1	0	0	0	0	1	0	0
test3603	can wait to get back	test	0	0	0	0	0	0	0	0
test3604	excellent value for money we stayed in this hotel from th dec to st january	test	0	0	1	0	0	0	0	0
test3605	the hotel is small and the staff are very friendly	test	0	0	1	0	0	0	0	1
test3606	the room we stayed in was larger than we expected and was extremely clean and comfortable	test	0	0	0	0	0	0	1	0
test3607	as other people have stated the hotel is in quiet location but is in easy walking distance to other livelier areas of the city	test	0	0	0	1	0	0	0	0
test3608	it is also short walk to the nearest metro station	test	0	0	0	1	0	0	0	0
test3609	considering what some of the other hotels were charging in paris would consider this hotel to be excellent value for money	test	0	0	1	0	0	0	0	0
test3610	great location fun district and nearby major subway train station	test	0	0	0	1	0	0	0	0
test3611	we usually stay at the peninsula when in tokyo for business but japanese colleague recommened the cerulean	test	0	0	0	0	0	0	0	0
test3612	the location was great walking distance to the side streets of shibuya and the shibuya train station which has connections to many of the major tourist sights	test	0	0	0	1	0	0	0	0
test3613	the hotel itself was adequate and clean	test	0	0	1	0	0	0	0	0
test3614	service was good but still not compable to five star hotels like the peninsula or four seasons	test	0	0	0	0	0	0	0	1
test3615	friend mentioned the italian restaurant there was good but we didn have the chance to try it	test	0	0	0	0	0	0	0	0
test3616	great hotel fantastic hotel as you will have seen from the other reviews	test	0	0	1	0	0	0	0	0
test3617	nice touches like the teddy bear by the bed and the duck by the bath	test	0	0	0	0	0	1	0	0
test3618	very central for business travellers and there is an mtr station below the hotel in pacific place massive shopping centre but not cheap the only slightly negative thing could say about the hotel is to do with the swimming pool location	test	1	0	0	1	0	0	0	0
test3619	the hotel is next to the shangri la hotel and in the afternoon	test	0	0	0	0	0	0	0	0
test3620	the shangri la blocks the sun from the pool	test	0	0	0	0	0	0	0	0
test3621	other than that the place is faultless	test	0	0	1	0	0	0	0	0
test3622	will be returning to the alba hotel in florence	test	0	0	1	0	0	0	0	0
test3623	we thoroughly enjoyed every minute spent in florence and alba hotel contributed to our fantastic time	test	0	0	1	0	0	0	0	0
test3624	located on via della scala it was the perfect location central to everything florence has to offer	test	0	0	0	1	0	0	0	0
test3625	the staff were very polite breakfast was the perfect start to each day and the rooms were beautiful	test	0	1	0	0	0	0	1	1
test3626	we will be returning to florence and will definitely be staying at alba hotel again	test	0	0	0	0	0	0	0	0
test3627	fantastic hotel we can praise this hotel enough	test	0	0	1	0	0	0	0	0
test3628	well located in the mitte former east berlin district close to bahn and tram lines	test	0	0	0	1	0	0	0	0
test3629	hotel and bar staff were extremely helpful and spoke excellent english	test	0	0	0	0	0	0	0	1
test3630	the hotel offers brilliant full buffet breakfast and free internet access in the front bar	test	1	1	0	0	0	0	0	0
test3631	the hotel is funky and hip with great decor	test	0	0	1	0	0	0	0	0
test3633	great place to destress just returned from nights at the maya ubud which was absolute heaven	test	0	0	1	0	0	0	0	0
test3634	we stayed in the superior garden villa and the only sound to be heard was the birds and the occasional thwack of tennis ball	test	0	0	1	0	0	0	0	0
test3635	the spa is situated in great location and the elevator ride down to reach the infinity pool and facilities is great way to avoid the steps	test	1	0	0	0	0	0	0	0
test3636	we both had the minute massages and it was so tranquil to only hear the sound of the river flowing below and the odd frog the amenities around the hotel were excellent and we ate in most of the restaurants and found the service and food to be fantastic	test	1	1	0	0	0	1	0	1
test3637	we also did the nature walk with guide and enjoyed going through the villages and walking through rice paddy	test	0	0	0	0	0	0	0	0
test3638	all in all great place to stay if you want to have peace and quiet but be close to main centre minutes away	test	0	0	1	1	0	0	0	0
test3639	loved the jw	test	0	0	1	0	0	0	0	0
test3640	we recently stayed week here oct and had wonderful time	test	0	0	1	0	0	0	0	0
test3641	we were here for an anniversary and birthday	test	0	0	0	0	0	0	0	0
test3642	the location is excellent and the beds are heavenly	test	0	0	0	1	1	0	0	0
test3643	because there are so many restaurants to try we only ate breakfast in the hotel the restaurant shulas was very attractive and breakfast was quite good	test	1	1	0	0	0	0	0	0
test3644	spot	test	0	0	0	0	0	0	0	0
test3645	on	test	0	0	0	0	0	0	0	0
test3646	not one to write these types of reviews generally	test	0	0	0	0	0	0	0	0
test3647	but would liketo leave few comments on the hotel albe rue de la harpe as accommodation in city centres can often be hit and miss	test	0	0	0	0	0	0	0	0
test3648	went with my wife and my parents for short break via eurostar to celebrate my mother th birthday and can only say experience was superb	test	0	0	1	0	0	0	0	0
test3649	staff were very helpful with all travel restaurant and river cruise bookings as said location ideal premises were very clean and would definitely recommend to any friends family in the future	test	0	0	1	1	0	0	0	1
test3650	wonderful stay at the london bridge last weekend	test	0	0	1	0	0	0	0	0
test3651	my partner and went to london for break and also got married	test	0	0	0	0	0	0	0	0
test3652	just the two of us and couple of witnesses we booked into the london bridge the day before we were due to get married and found that kindly they had upgraded us to luxury room with super king bed champagne fruit and chocolates what lovely surprise everything else about the london bridge was excellent too clean comfortable delicious breakfast and friendly staff	test	0	1	1	0	0	0	0	1
test3653	we will definitley be returning again on our next trip to london	test	0	0	1	0	0	0	0	0
test3654	excellent location this is great hotel considering the rate location and level of service	test	0	0	1	1	0	0	0	1
test3655	we had great stay of days so close to best part of the city and major attractions	test	0	0	1	1	0	0	0	0
test3656	rooms were adeqate and well decorated with clean and modern bathrooms	test	0	0	0	0	0	0	1	0
test3657	only negative was heating which was not adequate	test	0	0	0	0	0	1	0	0
test3658	we will stay there again	test	0	0	1	0	0	0	0	0
test3659	large and comfortable room just returned from night stay at the sofitel	test	0	0	0	0	0	0	1	0
test3660	the rooms are very large for ny and very well appointed and comfortable	test	0	0	0	0	0	0	1	0
test3661	the ambiance is french which also adds to the charm	test	0	0	0	0	0	0	0	0
test3662	had an excellent dinner two doors down at db bistro moderne	test	0	1	0	0	0	0	0	0
test3663	also recommend that you stop by the royalton across the street to visit its wonderful bar	test	0	0	0	0	0	0	0	0
test3664	true oasis stayed at this hotel about years ago and previously wrote review based on that stay saying thought the value vs price was not worth it that it was overpriced for the caliber of hotel it was purporting to be but totally retract my negative comments	test	0	0	1	0	0	0	0	0
test3665	just stayed there again on my last visit to london and couldn have stayed at finer hotel	test	0	0	1	0	0	0	0	0
test3666	the price is very comparable to other luxury hotels in london and what you actually get in return is tremendous beginning from the warm welcome by the friendly and extremely knowledgeable staff to the welcome glass of champagne and array of snacks to the invitation to join them for canap茅s and drinks in the evening and the turndown service with candles robes and slippers laid out	test	0	0	1	0	0	0	0	1
test3667	it true oasis from the rush of central london	test	0	0	1	0	0	0	0	0
test3668	you won regret it	test	0	0	0	0	0	0	0	0
test3669	above average good value spent nights at the eastgate tower in mid town manhattan	test	0	0	1	0	0	0	0	0
test3670	it is well located close enough to grand central station to catch the trains healthy but do able walk to broadway theatres and there decent bagel place daniel couple of blocks away	test	0	0	0	1	0	0	0	0
test3671	the room beds was large with kitchenette which is very convenient for storing and heating up food there an oven range microwave sink and fridge with dishes and utensils provided	test	0	0	0	0	0	1	1	0
test3672	maid service included dish washing	test	0	0	0	0	0	0	0	1
test3673	tv was an older crt model	test	0	0	0	0	0	1	0	0
test3674	fantastic our company used the michelangelo hotel for business meeting with participants	test	0	0	1	0	0	0	0	0
test3675	the hotel was fantastic from the absolutely wonderful rooms to the service and the great european feel	test	0	0	1	0	0	0	1	1
test3676	the staff was helpful friendly and the meeting staff was available non stop	test	0	0	0	0	0	0	0	1
test3677	they do not have business office per se however they were willing to make copies for us in their offices and kinko is couple of blocks away	test	0	0	1	1	0	0	0	1
test3678	definitely great experience	test	0	0	1	0	0	0	0	0
test3679	fabulous hotel	test	0	0	1	0	0	0	0	0
test3680	service view location pool	test	0	0	0	0	0	0	0	0
test3681	the adlon is rated as one of the top hotels in europe and with good reason	test	0	0	1	0	0	0	0	0
test3682	the site is gorgeous incredibly convenient to historical sites and has an amazing view of the recently refurbished brandenburg gate	test	0	0	1	1	0	0	0	0
test3683	the rooms are tremendous service is outstanding and the pool is decadent greco roman paradise in the middle of berlin	test	1	0	0	0	0	0	1	1
test3684	couldn recommend this hotel highly enough	test	0	0	1	0	0	0	0	0
test3685	best hotel in amsterdam	test	0	0	1	0	0	0	0	0
test3686	this hotel is personal favourite of mine	test	0	0	1	0	0	0	0	0
test3687	an amsterdam townhouse on quiet side canal yet within walking distance of just about anything you want to see and convenient for anne frank house in particular	test	0	0	0	1	0	0	0	0
test3688	the rooms are huge well appointed with clean bathrooms fridge tv buffet breakfast and friendly staff	test	0	0	0	0	0	1	1	1
test3689	it the only place would stay in amsterdam	test	0	0	1	0	0	0	0	0
test3690	try for room on the canal side	test	0	0	0	0	0	0	1	0
test3691	fairytale trip to the sky	test	0	0	0	0	0	0	0	0
test3692	what is not to like	test	0	0	0	0	0	0	0	0
test3693	we checked prices at several top rated hotels and this was the best deal for the money	test	0	0	1	0	0	0	0	0
test3694	the room was impecible the service outstanding and the view was wonderful	test	0	0	0	0	0	0	1	1
test3695	the trip to the top of the mark was the topper with even greater views and band you could actually dance too	test	0	0	0	0	0	0	0	0
test3696	if you have any romance in your soul do not miss the historic mark	test	0	0	0	0	0	0	0	0
test3697	great little hotel have just returned from weekend in barcelona and this hotel was great for my stay	test	0	0	1	0	0	0	0	0
test3698	the location is amazing literally minutes walk from la rambla lot of people say this area is dodgy but as long as you don walk around on your own it fine and never felt under threat going out for dinner at night just try to stick to the busier roads rather than the small alleys	test	0	0	0	1	0	0	0	0
test3699	the hotel was extremely basic but clean which is the most important thing	test	0	0	1	0	0	0	0	0
test3700	we had well equipped bathroom tv and mini bar apart from tea making faciliites there was nothing more we needed	test	0	0	0	0	0	0	1	0
test3701	the staff are very helpful too	test	0	0	0	0	0	0	0	1
test3702	if you re looking for budget hotel in barcelona then this is great option	test	0	0	1	0	0	0	0	0
test3703	caveat on ocean view room	test	0	0	0	0	0	0	1	0
test3704	we booked an ocean view room in the rainbow tower	test	0	0	0	0	0	0	0	0
test3705	there was nice view of the harbor but the only way you could actually see the ocean from our room would be to step out onto the balcony and lean over to see small sliver of pacific	test	0	0	0	0	0	0	1	0
test3706	complained that this did not constitute an ocean view in my mind but the hotel staff told me that is how the room is classified and refused to move us	test	0	0	0	0	0	0	0	1
test3707	other then this disappointment the hotel was great	test	0	0	1	0	0	0	0	0
test3709	only stayed one night but were treated with the utmost courtesy and friendliness by the staff	test	0	0	0	0	0	0	0	1
test3710	quiet and not over heated	test	0	0	0	0	0	0	0	0
test3711	well decorated room which though smallish was well equipped	test	0	0	0	0	1	0	1	0
test3712	would have no hesitation in going back	test	0	0	1	0	0	0	0	0
test3714	had an great weekend in the berlin plaza hotel	test	0	0	1	0	0	0	0	0
test3715	the service is excellent and you feel always to be welcomed	test	0	0	0	0	0	0	0	1
test3716	would stay the next time always in the berlin plaza hotel	test	0	0	1	0	0	0	0	0
test3717	good with couple of minuses	test	0	0	1	0	0	0	0	0
test3718	many plus points distinguish this hotel nice setting friendly and cooperative staff comfortable rooms	test	0	0	1	0	0	0	1	1
test3719	it is also pretty quiet considering how close it is to the centre of town	test	0	0	0	1	0	0	0	0
test3720	the only food tried here was breakfast and that too was good but rather expensive	test	0	1	0	0	0	0	0	0
test3721	if eating outside however be on your guard those seagulls can move fast	test	0	0	0	0	0	0	0	0
test3722	worst hotel stay	test	0	0	1	0	0	0	0	0
test3723	ever	test	0	0	0	0	0	0	0	0
test3724	we stayed here for the weekend to celebrate bachelorette party	test	0	0	0	0	0	0	0	0
test3725	when we got to our room the door was wide open our room key didn work so we had to reactivate it every time we wanted to get back in the floors were dirty we didn have enough beds to accodomate the girls our window was broken with degree hot air seeping in no curtains to shade the room and our bathroom light was broken	test	0	0	0	0	0	1	1	0
test3726	the hotel staff was rude and don believe the pictures they show on their website it looks nothing like that	test	0	0	0	0	0	0	0	1
test3727	not worth the money at all luckily after all our complaining we got our second night free	test	0	0	1	0	0	0	0	0
test3728	fue una maravilla	test	0	0	0	0	0	0	0	0
test3729	sergi berta de vilanova	test	0	0	0	0	0	0	0	0
test3731	la geltru barcelona	test	0	0	0	0	0	0	0	0
test3733	great customer service	test	0	0	1	0	0	0	0	0
test3734	found this hotel to be very stylish and clean supported by great customer service	test	0	0	1	0	0	0	0	1
test3735	we had slight problem during our stay water temp and it was resolved withing minutes and our nightly rate was reduced	test	1	0	1	0	0	0	0	0
test3736	this hotel is perfect walking distance to pike place and all of the shopping in downtown seattle	test	0	0	0	1	0	0	0	0
test3737	would definately stay here again	test	0	0	1	0	0	0	0	0
test3738	hotel de gerstekorrel stayed at the hotel de gerstekorrel on february	test	0	0	0	0	0	0	0	0
test3739	decent accomodations	test	0	0	1	0	0	0	0	0
test3740	nothing fancy nothing too shabby	test	0	0	1	0	0	0	0	0
test3741	rooms were little small with small beds and small bathroom	test	0	0	0	0	0	0	1	0
test3742	would stay there again if was on budget and trying to save money	test	0	0	1	0	0	0	0	0
test3743	loved the marroitt my stay at the marriott was july	test	0	0	1	0	0	0	0	0
test3744	really liked the location and the staff was great considering that was there during the essence music festival	test	0	0	0	1	0	0	0	1
test3745	and it was full to capacity	test	0	0	0	0	0	0	0	0
test3746	my only disappointment was that the room was half cleaned and we had to wait for clean towels	test	0	0	0	0	0	1	1	0
test3747	other that that will be back next year the same time same place	test	0	0	1	0	0	0	0	0
test3748	excellent good experience and will return	test	0	0	1	0	0	0	0	0
test3749	upgraded to business floor and had wonderful room and access to wireless and printer	test	0	0	0	0	0	0	1	0
test3750	the equinoc restaurant had good food and super view	test	1	1	0	0	0	0	0	0
test3751	check in was easy and staff was accommodating	test	0	0	0	0	0	0	0	1
test3752	close to number of good restaurants	test	0	0	0	1	0	0	0	0
test3753	nice little hotel in the middle of the big apple	test	0	0	1	1	0	0	0	0
test3754	it small hotel on the manhattan side of the brooklyn bridge that is good for business or pleasure traveler	test	0	0	1	0	0	0	0	0
test3755	standard hampton morning breakfast helpful staff but very small rooms so if you are trying to fit more than people in the room it might be cramped	test	0	1	0	0	0	0	1	1
test3756	walking distance to most lower manhattan toruist sites and the deli around the corner is very good	test	0	0	0	1	0	0	0	0
test3757	nothing fancy just gets the job done	test	0	0	1	0	0	0	0	0
test3758	lovely just what you need if you are looking to stay somewhere pleasant but not too posh	test	0	0	1	0	0	0	0	0
test3759	then this place is in great location and not badly priced	test	0	0	1	1	0	0	0	0
test3760	we asked for room with view over the canal and it had great large windows for us to look out	test	0	0	0	0	0	0	1	0
test3761	of brekkie was nice and the bar at the front of the hotel was nice atmosphere	test	1	0	0	0	0	0	0	0
test3762	for most people going to amsterdam this place would be entirely suitable and in great location	test	0	0	0	1	0	0	0	0
test3763	quiet just off rembrantsplain if your looking for plush pad then go somewhere else	test	0	0	0	0	0	0	0	0
test3764	nice property and great location	test	0	0	1	1	0	0	0	0
test3765	we stayed at the embassy suites scottsdale	test	0	0	0	0	0	0	0	0
test3766	very nice property with great views of the golf course and mountains	test	0	0	1	0	0	0	0	0
test3767	hotel is close to paradise valley mall and lots of restaurant	test	0	0	0	1	0	0	0	0
test3768	good breakfast and courteous staff	test	0	1	0	0	0	0	0	1
test3770	from the time arrived at the front door until left the staff made you fell welcome	test	0	0	0	0	0	0	0	1
test3771	the breakfast is very good but having dinner at the hotel is little expensive	test	0	1	0	0	0	0	0	0
test3772	lots of eaterys close by	test	0	0	0	1	0	0	0	0
test3773	wynyard station is the very close to the hotel	test	0	0	0	1	0	0	0	0
test3774	walk through hunter connection and your are basically on the hotel	test	0	0	0	0	0	0	0	0
test3775	we really liked it	test	0	0	1	0	0	0	0	0
test3776	we really enjoyed le meridien friendly staff very nice room great bathtub and bed very good location nice view	test	0	0	1	1	0	1	1	1
test3777	it was really one of the best hotels ve ever stayed in	test	0	0	1	0	0	0	0	0
test3779	we got it through priceline for tax	test	0	0	1	0	0	0	0	0
test3780	value for money stayed for nights in the hotel must say it is value for money	test	0	0	1	0	0	0	0	0
test3781	it is very near to all amnesties and city centre	test	0	0	0	1	0	0	0	0
test3782	the manger and his wife were very freindly	test	0	0	0	0	0	0	0	1
test3783	rooms anre clean and linen changed every day	test	0	0	0	0	0	1	1	0
test3784	had superkiing size bed for single occupancy	test	0	0	0	0	0	0	1	0
test3785	overall impression is good apart from the neighbiurhood which is bit rough but no troubl	test	0	0	1	1	0	0	0	0
test3786	super time gorgeous place put simply loved this place	test	0	0	1	0	0	0	0	0
test3787	it was nice little hideaway on great shopping street	test	0	0	0	1	0	0	0	0
test3788	it was so pretty and quiet the staff always smiling and happy to help	test	0	0	1	0	0	0	0	1
test3789	must have called them for rides times while was there and it was never problem	test	0	0	0	0	0	0	0	0
test3790	also loved their pumpkin soup and lime juice	test	0	1	0	0	0	0	0	0
test3791	hope to go back again this time for my honeymoon	test	0	0	1	0	0	0	0	0
test3792	top marks top marks for this special boutique hotel we loved it	test	0	0	1	0	0	0	0	0
test3793	the atmosphere is warm and really welcoming all the staff very helpful	test	0	0	1	0	0	0	0	1
test3794	comfortable room fantastic marble bathroom and superb view	test	0	0	0	0	0	0	1	0
test3795	breakfast was excellent	test	0	1	0	0	0	0	0	0
test3796	pity we weren there in the warmer season when it served in the courtyard which looks delightful	test	0	0	0	0	0	0	0	0
test3797	we couldn have wished for more and will certainly be back	test	0	0	1	0	0	0	0	0
test3799	great location base from which to explore amsterdam	test	0	0	0	1	0	0	0	0
test3800	basic amenities but that was all we needed for city break	test	0	0	0	0	0	1	0	0
test3801	rooms were clean and serviced breakfast was provided and there was plenty to fill up on	test	0	1	0	0	0	0	1	1
test3802	for the price we paid it was great value for money and the reception staff were very helpful in answering questions booking taxis etc	test	0	0	1	0	0	0	0	1
test3803	the only grumble was that there was lot of noise in the night due to other guests coming back late	test	0	0	1	0	0	0	0	0
test3804	fabulous jewel	test	0	0	1	0	0	0	0	0
test3805	fabulous boutique hotel in neighborhood with spectacular views of the city	test	0	0	1	1	0	0	0	0
test3806	we came for my th birthday and were upgraded to city suite that was more memorable and charming than that of my honeymoon	test	0	0	0	0	0	0	0	0
test3807	we actually cancelled another reservation on our way back from monterey peninsula to stay here again	test	0	0	1	0	0	0	0	0
test3808	disappointing given the reviews read about the oberoi and the reputation of the chain expected excellent and consistent service	test	0	0	1	0	0	0	0	0
test3809	we were surprised at the lack of consistency of the service and had bad experience with the staff confusion regarding whether breakfast was included in our rate	test	0	0	0	0	0	0	0	1
test3810	the management is clearly not doing its job in ensuring consistency and communication amongst the staff	test	0	0	1	0	0	0	0	0
test3811	the grounds however are beautiful and the location is lovely however	test	1	0	0	1	0	0	0	0
test3812	think there are better value for money options in bali	test	0	0	0	0	0	0	0	0
test3813	treat in amsterdam	test	0	0	1	0	0	0	0	0
test3814	stayed at the piet hein with my boyfriend for nights in march based on the user reviews posted on trip advisor and wasn disappointed	test	0	0	1	0	0	0	0	0
test3815	this area of amsterdam is great as it out of the main hustle and bustle near the museums and close enough to be able to hop on tram and be in the heart of the action	test	0	0	0	1	0	0	0	0
test3816	the staff were friendly polite and helpful and the place was clean as were the rooms nice white linen and bright clean modern bathroom	test	0	0	1	0	0	1	1	1
test3817	the hotel is also located right next to vondel park great for strolling around and watching the locals run jog and walk their dogs sometimes at the same time would definately go back here when next visiting amsterdam	test	0	0	0	1	0	0	0	0
test3818	recommend this hotel have just returned from night stay at this hotel	test	0	0	1	0	0	0	0	0
test3819	and we would highly recommend it	test	0	0	1	0	0	0	0	0
test3820	the rooms are fine and spotless the breakfast is great but	test	0	1	0	0	0	0	0	0
test3821	what really makes the hotel is their fantastic staff who are friendly and willing to give good recommedations for restarants etc	test	0	0	0	0	0	0	0	1
test3822	the location is also good very central and we had rooms in different parts of the hotel and none of us suffered from any of the noise referred to in earlier reviews	test	0	0	1	1	0	0	0	0
test3823	despite us being ish year old women	test	0	0	0	0	0	0	0	0
test3825	my husband and stayed at plaza lucchesi hotel for nights while in florence	test	0	0	0	0	0	0	0	0
test3826	it was good hotel but the location was bit out of the way it not in the heart of the city and you either have to walk bit or take taxi to get anywhere	test	0	0	1	1	0	0	0	0
test3827	but its right on the river and restaurant is very good	test	0	0	0	1	1	0	0	0
test3828	impossible to fault	test	0	0	0	0	0	0	0	0
test3829	this is just simply one of the best hotels that have ever stayed in and there have been many	test	0	0	1	0	0	0	0	0
test3830	my husband and plan to return to amsterdam next year	test	0	0	0	0	0	0	0	0
test3831	and shall not even consider staying anywhere else	test	0	0	1	0	0	0	0	0
test3832	the hotel lives up to all the praise heaped on it by your other reviewers and is also exceptional value for money	test	0	0	1	0	0	0	0	0
test3833	better for pleasure than business as lovely as other kimptons in terms of quality of finish amenities	test	0	0	1	0	0	1	0	0
test3834	very servicable fitness area in room desks with wired net cute nautical touches	test	1	0	0	0	0	1	0	0
test3835	right smack in the heart of the tourist waterfront	test	0	0	0	1	0	0	0	0
test3836	would come back with my spouse for vacation or if you re business person dragging family then this would be great fit	test	0	0	1	0	0	0	0	0
test3837	some of the rooms are quite spacious and would be good for families	test	0	0	0	0	0	0	1	0
test3838	as straight business traveler it was distracting location with low noise level that roll with if were vacationing too but was hard to not feel curmudgeonly when had am meetings	test	0	0	0	1	0	0	0	0
test3839	quite happy very near to the cable car stop which was really handy and great touristy thing to do	test	0	0	0	1	0	0	0	0
test3840	the room itself was pretty average bit dated but was adequate for our needs	test	0	0	0	0	0	0	1	0
test3841	our room had great view of the golden gate bridge which was good	test	0	0	0	0	0	0	1	0
test3842	would probably go back	test	0	0	0	0	0	0	0	0
test3843	great location great location would recommend this hotel for city break	test	0	0	1	0	0	0	0	0
test3844	just off the placa catalunya but no problems with street noise the room was fine	test	0	0	0	0	0	0	1	0
test3845	little small but we didnt spend much time there anyway	test	0	0	0	0	0	0	1	0
test3846	we didnt eat in the restaurant and breakfast wasnt included so cant comment	test	0	0	0	0	0	0	0	0
test3847	would go back	test	0	0	0	0	0	0	0	0
test3848	great times in botticelli	test	0	0	1	0	0	0	0	0
test3849	we spent lovely holiday at your hotel botticelli from th sept	test	0	0	1	0	0	0	0	0
test3850	till th sept	test	0	0	0	0	0	0	0	0
test3851	our room and the hotel services was absolutely satisfying	test	0	0	0	0	0	0	1	1
test3852	we would like to visit you again as soon as its possible many thanks to the whole team	test	0	0	1	0	0	0	0	0
test3853	great value hard to imagine better value for the money	test	0	0	1	0	0	0	0	0
test3854	the room was clean the location great the staff courteous although sometimes bit flustered	test	0	0	0	1	0	0	1	1
test3855	if you want great value stay here	test	0	0	1	0	0	0	0	0
test3856	if you want hotel where the staff grovel at your feet and lick your boots then stay somewhere else and pay much more	test	0	0	0	0	0	0	0	0
test3857	note for critics of the staff few thoughtful words in french will pay substantial dividends in terms of service	test	0	0	0	0	0	0	0	1
test3858	we are going back	test	0	0	0	0	0	0	0	0
test3859	we have just returned from the most wonderful week at this resort	test	0	0	1	0	0	0	0	0
test3860	there is nothing we can say that is negitive about it	test	0	0	0	0	0	0	0	0
test3861	the food was wonderful the rooms were spotless the employes went out of there way to help and to look after your every needs and always with smile on there faces	test	0	1	0	0	0	0	1	1
test3862	we are going back for weeks	test	0	0	0	0	0	0	0	0
test3863	nice place for limited budget	test	0	0	1	0	0	0	0	0
test3864	my experience with this place was very positive	test	0	0	1	0	0	0	0	0
test3865	the room was small but clean and comfortable	test	0	0	0	0	0	0	1	0
test3866	the location is excellent close to several major tourist spots and close to public transportation mins walk to underground stations and bus stop right in front of the hotel	test	0	0	0	1	0	0	0	0
test3867	for anyone who does not want to spend fortune staying in london strongly recommend this place	test	0	0	1	0	0	0	0	0
test3868	fabulous	test	0	0	1	0	0	0	0	0
test3869	we stayed here for nights and loved every moment	test	0	0	0	0	0	0	0	0
test3870	we were lucky enough to get an upgrade so had the benefit of high room with superb views	test	0	0	0	0	0	0	1	0
test3871	the location of the hotel was excellent and the staff very helpful	test	0	0	0	1	0	0	0	1
test3872	would recommend this hotel to couples who like to be close to all the shops bars and restaurants	test	0	0	0	1	0	0	0	0
test3873	try out the revolving restaurant the view in the marriott marquis times square fab views and the foods good too	test	1	1	0	1	0	0	0	0
test3874	helpful and friendly staff comfortable well furnished rooms and one of the quietest hotel rooms	test	0	0	0	0	0	0	1	1
test3875	have stayed in	test	0	0	0	0	0	0	0	0
test3876	front desk staff were friendly and helpful as were the bar and restaurant staff	test	0	0	0	0	0	0	0	1
test3877	the two front door men were exceptional always happy and helpful even in the dreadful weather boston experienced during the whole days	test	0	0	0	0	0	0	0	1
test3878	well run hotel with pleasant helpful staff lot of whom have worked at the hotel for many years always the sign of good hotel	test	0	0	1	0	0	0	0	1
test3879	boston is not one of my favourite city but the langham made it enjoyable	test	0	0	0	0	0	0	0	0
test3880	great stay at the palomar stayed here for five nights excellent food and service	test	0	1	1	0	0	0	0	1
test3881	meal in the resaurant is must and the breakfasts are good but expensive	test	0	1	0	0	0	0	0	0
test3882	lovely quiet room at the back no view to speak of but didn need it as the hotels central location means that more time is spent outside the room than inside	test	0	0	0	1	0	0	1	0
test3883	could not fault this hotel perfect place to start holiday in california	test	0	0	1	0	0	0	0	0
test3884	decent comfortable rooms provides decent accomodation	test	0	0	1	0	0	0	1	0
test3885	if you are looking for luxurious hotel with helpful staff this most certainly is not the place	test	0	0	1	0	0	0	0	1
test3886	however the rooms are clean and the parking is free	test	1	0	0	0	0	0	1	0
test3887	for boston hotel the price is economical	test	0	0	1	0	0	0	0	0
test3888	the neighborhood is in transition but still would not wander around after dark	test	0	0	0	0	0	0	0	0
test3889	good value hotel very good value we got deal on expedia and were pleasantly suprised by the hotel	test	0	0	1	0	0	0	0	0
test3890	it was very clean and comfortable and very centrally based in the main shopping district	test	0	0	1	1	0	0	0	0
test3891	the main tourist attractions are based in the mitte however these are easily reached by the bahn or by the line from the nearby zoo bahnhoff	test	0	0	0	0	1	0	0	0
test3892	good amenities and nightlife nearby	test	0	0	0	0	0	1	0	0
test3893	and would be happy to stay here again the next time go to berli	test	0	0	1	0	0	0	0	0
test3894	ice place	test	0	0	1	0	0	0	0	0
test3895	was at the mango for week	test	0	0	0	0	0	0	0	0
test3896	an it is charming little place with very nice people and cozy	test	0	0	1	0	0	0	0	1
test3897	very close to the beach and to restaurants	test	0	0	0	1	0	0	0	0
test3898	close to everything you need on vacation without the big price	test	0	0	1	1	0	0	0	0
test3899	the best this hotel was fab so big never been to resort	test	0	0	1	0	0	0	0	0
test3900	were you had to get lift to the beach food excellent rooms	test	0	1	0	0	0	0	0	0
test3901	clean and tidy maid was bit hit and miss with towels but not problem beach was very nice and clean plenty of entertainment regardless of what you liked	test	0	0	0	1	0	0	1	1
test3902	weather was very hot when it was not raining and that only lasted couple of minutes	test	0	0	0	0	0	0	0	0
test3904	our stay in early january went well beyond our hopes	test	0	0	1	0	0	0	0	0
test3905	from the friendly welcome to the lovely room the excellent breakfast and the superb location just off the champs elysees it is hard to see how anything could have been better	test	0	1	0	1	0	0	1	1
test3907	great position and value for money we stayed at the plaza mayor in november during our around the world trip	test	0	0	1	1	0	0	0	0
test3908	the staff were absolutely fabulous and so helpful	test	0	0	0	0	0	0	0	1
test3909	they recommended places to eat especially la bola and advised us how to get around madrid	test	0	0	0	0	0	0	0	0
test3910	the room we stayed in was fabulous and had everything we needed	test	0	0	0	0	0	0	1	0
test3911	we would certainly return to this gem of hotel	test	0	0	1	0	0	0	0	0
test3912	recommended hotel in hong kong nice hotel on the kowloon side of hong kong typically prefer hong kong island side as its closer to my favorite shopping areas and cool neighborhoods like soho	test	0	0	1	0	0	0	0	0
test3913	definitely fan of the shangri la chain of hotels	test	0	0	0	0	0	0	0	0
test3914	the service is always fantastic and you get feel for the asian culture	test	0	0	0	0	0	0	0	1
test3915	the rooms are very nice spacious and well decorated	test	0	0	0	0	0	0	1	0
test3916	the lodging was very reasonable when stayed there around usd night more than worth it	test	0	0	1	0	0	0	0	0
test3917	perfect for hollywood excellent location just couple of minutes walk from hollywood boulevard and within easy reach of other great attractions	test	0	0	0	1	0	0	0	0
test3918	short drive to universal studios	test	0	0	0	1	0	0	0	0
test3919	accommodation was very good	test	0	0	1	0	0	0	0	0
test3920	we didn cater for ourselves as good restaurants and coffee shops close by	test	0	0	0	0	0	0	0	0
test3921	but the facilities were good enough had we have wanted to	test	0	0	0	0	0	0	0	0
test3923	this is beautiful hotel with wonderful service and it is within walking distance of most attractions we timed our selves strolling to the duomo and it took about minutes	test	0	0	1	1	0	0	0	1
test3924	know that many times the star ratings on travel websites do not have any basis in realiity however this time completely agree with the rating on expedia com that it is four star hotel	test	0	0	1	0	0	0	0	0
test3925	the rooms were great the breakfasts were very nice and loved that the shower products are from the famed nuns at the perfumia santa maria novella	test	0	1	0	0	0	1	1	0
test3926	we stayed in florence for week and had wonderful time	test	0	0	0	0	0	0	0	0
test3927	if you would like to know anything else about this hotel or places to eat in florence please feel free to email me at foodiedb optonline net	test	0	0	0	0	0	0	0	0
test3928	gorgeous hotel in the heart of paris	test	0	0	1	1	0	0	0	0
test3929	to say that enjoyed my time at jays is an understatement	test	0	0	1	0	0	0	0	0
test3930	what fantastic location jay is right in the heart of paris and walking distance to all the lovely french cafe and sights	test	0	0	0	1	0	0	0	0
test3931	the rooms were absolutely gorgeous tastefully decorated and so comfortable	test	0	0	0	0	0	0	1	0
test3932	will be recommending jays to all of my friends	test	0	0	1	0	0	0	0	0
test3933	enjoyed our stay	test	0	0	1	0	0	0	0	0
test3934	we stayed here for week while our daughter played soccer in the area and found this hotel modern clean and the staff very helpful	test	0	0	1	0	0	0	0	1
test3935	there is min walk to central station but tram stops right out side the hotel	test	0	0	0	1	0	0	0	0
test3936	we booked through expedia at around day which thought was decent value	test	0	0	1	0	0	0	0	0
test3937	all in all we really enjoyed our experience here	test	0	0	1	0	0	0	0	0
test3938	to much attitude and bad customer service	test	0	0	0	0	0	0	0	1
test3939	stay at this hotel regularly for business	test	0	0	1	0	0	0	0	0
test3940	the attitude from the employees seems to get worse and worse each time	test	0	0	0	0	0	0	0	1
test3941	you would think you were staying in posh boutique hotel in soho	test	0	0	1	0	0	0	0	0
test3942	the hotel itself is nice and rooms are great but beware of the hotel staff	test	0	0	1	0	0	0	1	1
test3943	very good clean hotel	test	0	0	1	0	0	0	0	0
test3944	hi	test	0	0	0	0	0	0	0	0
test3945	stayed at this hotel because of its central position found the hotel to be ideal for me	test	0	0	1	1	0	0	0	0
test3946	the rooms are clean and comfortable and the maid service is excellent	test	0	0	0	0	0	0	1	1
test3947	the hotel bar is very small but there are plenty of bars nearby the food was very good but pricey but again found plenty of places to eat nearby	test	1	1	0	1	0	0	0	0
test3948	overall this is very good reasonably priced hotel in good position to explore berlin	test	0	0	1	0	0	0	0	0
test3949	simply the best	test	0	0	1	0	0	0	0	0
test3950	we stayed for nights at this upper east side gem	test	0	0	1	0	0	0	0	0
test3951	the hotel has great suites and absolutely wonderful staff	test	0	0	1	0	0	0	0	1
test3952	the evening reception hosted by managers was great touch	test	0	0	0	0	0	0	0	1
test3953	will definitely be back at the affinia	test	0	0	1	0	0	0	0	0
test3955	got fantastic deal through priceline and thoroughly enjoyed my solo stay	test	0	0	1	0	0	0	0	0
test3956	hotel is in great location safe walking distance to the french quarter etc and absolutely gorgeously decorated with various artworks	test	0	0	1	1	0	0	0	0
test3957	friendly and helpful front desk too	test	0	0	0	0	0	0	0	1
test3958	rooms are on the smaller side but very comfortable	test	0	0	0	0	0	0	1	0
test3959	didn use the exercise facilities much but they seemed more than adequate	test	1	0	0	0	0	0	0	0
test3960	great hotel just got back from night stay at this hotel which thoroughly recommend	test	0	0	1	0	0	0	0	0
test3961	the room was lovely really big and with added extras such as free aveda toiletries well stocked mini bar and pillow menu so you can choose the pillow that suits you and your needs best	test	1	1	0	0	0	0	1	0
test3962	and the club room on the nd floor is well worth taking advantage of with big comfy leather sofas huge tv and free tea coffee and water at all times and best of all free wine and cheese monday thursday between pm and pm	test	1	0	0	0	0	0	0	0
test3963	the staff were also great really friendly and helpful	test	0	0	0	0	0	0	0	1
test3964	the location is good between third and lex with subway station within block and grand central short walk away and it is within walking distance to some great bars and restaurants all down second and third avenues	test	0	0	0	1	0	0	0	0
test3966	very refreshing and stylish hotel	test	0	0	1	0	0	0	0	0
test3967	since the moment arrived was impressed by the warmth that their staff offered to me and my family	test	0	0	0	0	0	0	0	1
test3968	the room was very cozy and clean	test	0	0	0	0	0	0	1	0
test3969	their restaurant panorama located at the top of the hotel had friendly personell and offered relaxing ambience with view to the harbour	test	1	0	0	0	0	0	0	0
test3970	definitely would stay there if we visit once again	test	0	0	1	0	0	0	0	0
test3971	over rated we just came back from night stay at this hotel	test	0	0	1	0	0	0	0	0
test3972	the room is very small and obviously the web site photos are very unrealistic	test	0	0	1	0	0	0	1	0
test3973	furthermore facing the street and canal you are assured of sleepless nights from all the party goers at nearby rembrandtplein	test	0	0	0	0	0	0	1	0
test3974	we stayed at hotel pita years ago and although not as central as seven bridges	test	0	0	1	0	0	0	0	0
test3975	at least we were able to sleep at night	test	0	0	0	0	0	0	1	0
test3976	perfection every time another faultless stay at the soho hotel	test	0	0	1	0	0	0	0	0
test3977	they manage to get it right every time	test	0	0	0	0	0	0	0	0
test3978	fantastic service beautiful room wonderful cocktails	test	0	1	0	0	0	0	1	1
test3979	our favourite big ish hotel in the world and one we return to again and again	test	0	0	1	0	0	0	0	0
test3980	and we live in london	test	0	0	0	0	0	0	0	0
test3981	perfection	test	0	0	0	0	0	0	0	0
test3983	we thoroughly enjoyed our stay at the brentwood inn	test	0	0	1	0	0	0	0	0
test3984	the room was comfortable clean and tastefully furnished with great attention to detail	test	0	0	0	0	0	1	1	0
test3985	the location was terrific within walking distance to wonderful restaurants and convenient to the freeway	test	0	0	0	1	0	0	0	0
test3986	free internet access complimentary breakfast and bottled water to start the day were great too	test	1	1	0	0	0	0	0	0
test3987	what made our stay truly exceptional was the amazing hospitality offered by the management and staff who made us feel welcome and cared for during our entire stay	test	0	0	0	0	0	0	0	1
test3988	more like motel than hyatt	test	0	0	1	0	0	0	0	0
test3989	we were there for nights	test	0	0	0	0	0	0	0	0
test3990	the hotel smelled musty the rooms where small	test	0	0	1	0	0	0	1	0
test3991	the shets would comeuntucked and end up in bunch in the middle of the bed every night too small there was no concierge	test	0	0	0	0	0	1	0	0
test3992	it was just not what would expect from hya	test	0	0	1	0	0	0	0	0
test3993	xcellent location and great value for money we have just arrived back from amsterdam yesterday	test	0	0	1	1	0	0	0	0
test3994	our stay at the hotel luxer was very very enjoyable stay	test	0	0	1	0	0	0	0	0
test3995	very clean friendly staff and great location	test	0	0	1	1	0	0	0	1
test3996	we arrived at the hotel at am on our first day to drop our bags in reception as the check in time is at pm	test	0	0	0	0	0	0	0	0
test3997	we were given our room key and offered breakfast which was great bonus as we could eat and freshen up after traveling	test	0	1	0	0	0	0	0	0
test3998	we highly recommend this hotel and we will be booking another stay later this year	test	0	0	1	0	0	0	0	0
test3999	ral location having to go to manhatten on business our corporate booked us at this hotel	test	0	0	1	0	0	0	0	0
test4000	at the last minute we had to get an additional night	test	0	0	0	0	0	0	0	0
test4001	and the staff did great job	test	0	0	0	0	0	0	0	1
test4002	the location and experience of the staff made traveler new to new york really feel at ease	test	0	0	0	1	0	0	0	1
test4003	though not the most modern this is by no means shabby hotel	test	0	0	1	0	0	0	0	0
test4004	ll definately have this on the top of my list to stay at again in the future	test	0	0	1	0	0	0	0	0
test4005	loved everything about this hotel we were looking for property near lax only minutes away and compared to the lax airport high rises this was steal	test	0	0	1	0	0	0	0	0
test4006	from the welcoming reception cookies and apples in the lobby upscale furniture and the cutest open courtyard with bistro sets this hotel does it right	test	1	0	1	0	0	1	0	1
test4007	the decor in the room fluffy towels above average bathroom accessories and fridge bottled water is everything you need	test	0	0	0	0	0	1	1	0
test4008	great location from the pier and no problems at all with noise	test	0	0	1	1	0	0	0	0
test4009	stay here and treat yourself	test	0	0	1	0	0	0	0	0
test4010	great place to stay very clean hotel and good value for money	test	0	0	1	0	0	0	0	0
test4011	our room was on the small side with view of the back laneway however it was very clean and quiet	test	0	0	0	0	0	0	1	0
test4012	the tv was almost on the ceiling but that didn bother us	test	1	0	0	0	0	0	0	0
test4013	the staff were very friendly and the location superb	test	0	0	0	1	0	0	0	1
test4014	stay again but ask for larger room if staying more than night	test	0	0	1	0	0	0	0	0
test4015	gem in non touristy area we booked based on online reviews alone and were not disappointed	test	0	0	1	0	0	0	0	0
test4016	like to find places that are not full of your typical tourists and most people don know about this place	test	0	0	0	0	0	0	0	0
test4017	we got great service great view terrific location and few other things that are unusual for big city hotels the pillow menu and the emphasis on physical health activities	test	0	0	1	1	0	0	0	1
test4018	was told that visiting professional sports teams often stay here and that there is private gym in the building for them	test	1	0	0	0	0	0	0	0
test4019	can see why nice accommodations and privacy out of the prying eyes mostly of tourists	test	0	0	1	0	0	0	0	0
test4020	want to stay here again	test	0	0	1	0	0	0	0	0
test4021	pleasant surprise	test	0	0	1	0	0	0	0	0
test4022	this hotel was definitely pleasant surprise	test	0	0	1	0	0	0	0	0
test4023	white the room was bit small tight it was very well redone with an absolutely awesome view of the beach	test	0	0	1	0	0	0	1	0
test4024	while it is block from the beach there not much in between to kill the view	test	0	0	0	0	0	0	0	0
test4025	the lobby is ok bight tight and the mezz floor is low celienged very but the rest of the place is very nice and well priced	test	1	0	1	0	0	0	0	0
test4026	would definitely recommend it over most others in waikiki unless you really want to stay right on the beach and pay lot more	test	0	0	1	0	0	0	0	0
test4027	nice hotel in the heart of amsterdam	test	0	0	1	0	0	0	0	0
test4028	this hotel is certainly an institution in amsterdam	test	0	0	1	0	0	0	0	0
test4029	it is very nice inside but the staff is sometimes little rude and posh and rooms look pretty old	test	0	0	1	0	0	0	1	1
test4030	it is good choice though	test	0	0	1	0	0	0	0	0
test4031	the place where you have breakfast is gourgeous	test	1	0	0	0	0	0	0	0
test4032	very close to everything	test	0	0	0	1	0	0	0	0
test4033	hristmas as the renaissance	test	0	0	0	0	0	0	0	0
test4034	my wife and stayed at the renaissance hotel during the first week of december	test	0	0	1	0	0	0	0	0
test4035	other than being way overpriced and our room not being ready when we arrived we were very satisfied with our stay	test	0	0	1	0	0	0	1	0
test4036	great location and friendly helpful staff	test	0	0	0	1	0	0	0	1
test4037	our room was nicely sized and well appointed	test	0	0	0	0	0	0	1	0
test4038	clean basic room great location	test	0	0	0	1	0	0	1	0
test4039	my friend and stayed here last september	test	0	0	1	0	0	0	0	0
test4040	it was fabulously located and clean and no frils	test	0	0	1	1	0	0	0	0
test4041	say this is barcelona on budge for sure but had all the basic ammenities	test	0	0	0	0	0	1	0	0
test4042	if you need somewhere located in the heart of the action that is clean priced well	test	0	0	0	1	0	0	0	0
test4043	then this is your plac	test	0	0	0	0	0	0	0	0
test4044	loved the days inn	test	0	0	1	0	0	0	0	0
test4045	we stayed at the days inn in metairie and had the most wondeful time	test	0	0	1	0	0	0	0	0
test4046	the rooms were very clean and the people could not have been more friendly	test	0	0	0	0	0	0	1	1
test4047	it was just little outside new orleans	test	0	0	0	1	0	0	0	0
test4048	so the rates were great and the commute to all the fun was close	test	0	0	1	0	0	0	0	0
test4049	we can wait to go back	test	0	0	1	0	0	0	0	0
test4051	great location walking distance to the hollywood walk of fame kodak centre and many sites	test	0	0	0	1	0	0	0	0
test4052	very close taxi ride to the warner brothers studioswould definitely stay again	test	0	0	1	0	0	0	0	0
test4054	great breakfast room	test	0	0	0	0	0	0	1	0
test4055	great hotel perfect location ve just returned from night stay at the omni and really if you want an excellent hotel in great location this has to be your choice	test	0	0	1	1	0	0	0	0
test4056	the rooms are of good size with large bathrooms and walk in shower had premier room which was an upgrade from deluxe room which paid for to recieve this uprade sign up to omni hotels signature program and you will recieve this for free as well as other benefits such as late check out	test	0	0	0	0	0	1	1	0
test4057	as all the other reviews state the staff are excellent travelled with my year old daughter and all the staff made fuss of her	test	0	0	0	0	0	0	0	1
test4058	as far as location goes to me this is in the best location in the city union square shopping is mins walk in one direction and fishermans walf mins in the other and north beach and chinatown on your doorstep although there are plenty of buses cable cars and taxis if you want to take it easy	test	0	0	0	1	0	0	0	0
test4059	booked with hotel connect uk website which were cheaper on my booking than any other website	test	0	0	1	0	0	0	0	0
test4060	room service is expensive but breakfast in you room is nice go on treat yourself your on holiday	test	0	1	0	0	0	0	0	1
test4061	excellent hotel choice having been asked by our american friends to organise hotel accommadation in paris was concerned to choose well	test	0	0	1	0	0	0	0	0
test4062	after reading several reviews on the internet selected the hotel albe and can honestly say that could not have made better choice	test	0	0	1	0	0	0	0	0
test4063	the hotel location in the latin quarter was at the heart of french life and was so convenient for visiting the notre damme louvre pompidou centre pantheon etc	test	0	0	0	1	0	0	0	0
test4064	the hotel staff were very helpful and most friendly the bedrooms were bright clean and well furnished breakfasts were more than adequate	test	0	1	0	0	0	0	1	1
test4065	all in all the hotel albe surpassed all our expectations and we would heartily recommend it to anyone and intend to stay there again on our next visit	test	0	0	1	0	0	0	0	0
test4066	terry chris devon england	test	0	0	0	0	0	0	0	0
test4067	majestic marvelous	test	0	0	1	0	0	0	0	0
test4068	if you want the best location in barcelona as well as friendly professional service you must stay at the majestic	test	0	0	0	1	0	0	0	1
test4069	rooms are spacious and comfortably decorated	test	0	0	0	0	0	0	1	0
test4070	the bar is inviting and the restaurant outstanding	test	1	0	0	0	0	0	0	0
test4071	we loved the buzz on the street but were happy the windows were double glazed so we didn hear all the noise	test	0	0	0	0	0	0	1	0
test4072	not bad hotel was about minute walk to the centre of florence	test	0	0	0	1	0	0	0	0
test4073	the room was clean with good shower and the staff were friendly	test	0	0	0	0	0	1	1	1
test4074	the only downside were the banging of doors late at night and in the early hours from other guests coming and going	test	0	0	0	0	0	0	1	0
test4075	it did get on your nerves after while and stopped good nights sleep	test	0	0	1	0	0	0	0	0
test4076	probably wouldn stay here again for that reason	test	0	0	1	0	0	0	0	0
test4077	best hotel in italy	test	0	0	1	0	0	0	0	0
test4078	we travelled for almost three weeks in italy and this was our favorite hotel	test	0	0	1	0	0	0	0	0
test4079	large rooms great breakfast friendly staff and close to town by the or bus	test	0	1	0	1	0	0	1	1
test4080	wonderful courtyard with free evening refreshments	test	1	1	0	0	0	0	0	0
test4081	great deli around the corner	test	0	0	1	0	0	0	0	0
test4082	try it you may or may not lick it	test	0	0	0	0	0	0	0	0
test4083	the staff was wonderful	test	0	0	0	0	0	0	0	1
test4084	the great location	test	0	0	0	1	0	0	0	0
test4085	paid for nights	test	0	0	1	0	0	0	0	0
test4086	for the amount paid it was worth the stay	test	0	0	1	0	0	0	0	0
test4087	very nice not lot to complain about really inexpensive superb location very close to station air conditioned rooms lovely building and al fresco breakfast included in price	test	0	1	1	1	0	1	0	0
test4088	only two minor gripes we got quite small room and the prices quoted on their website exclude goods and services tax tax that everyone has to pay	test	0	0	1	0	0	0	1	0
test4089	although it possible for non australians to get gst refunded on goods above that doesn apply to services	test	0	0	0	0	0	0	0	0
test4090	you ve got great hotel guys worth per night of anyone money so why not be honest about your prices	test	0	0	1	0	0	0	0	0
test4091	really fantastic this hotel is in an excellent location for visiting london and the tube is just short walk away on the same street	test	0	0	1	1	0	0	0	0
test4092	the staff are very friendly and helpful	test	0	0	0	0	0	0	0	1
test4093	the hotel is very new and modern it has boutique feel to it	test	0	0	1	0	0	0	0	0
test4094	there is plenty of choice for breakfast although it does cost if it not included in your price which is bit steep	test	0	1	0	0	0	0	0	0
test4095	there are or cafes aswell as an ms food shop across from the hotel that you could eat breakfast in	test	0	0	0	0	0	0	0	0
test4096	would recommend this hotel without doubt	test	0	0	1	0	0	0	0	0
test4097	recommended but not for business travelers stayed here on brief business trip after reading lot of positive reviews online	test	0	0	1	0	0	0	0	0
test4098	sure this hotel is fine for vacationers the rooms are ok especially the kitchenettes the location is pretty good and the staff are helpful	test	0	0	1	1	0	0	1	1
test4099	however don recommend it for those who need to come back in the evenings and work on their computer	test	0	0	0	0	0	0	0	0
test4100	the lighting in the rooms is even dimmer than the hotel norm and the wireless internet mostly non existent at least while was staying	test	1	0	0	0	0	0	1	0
test4101	it just isn worth it	test	0	0	1	0	0	0	0	0
test4102	spacious room nice clean hotel located in the downtown area	test	0	0	0	1	0	0	1	0
test4103	my room was very spacious with fridge and microwave	test	0	0	0	0	0	1	1	0
test4104	rate was much lower than other downtown hotels plus the parking is free	test	1	0	1	0	0	0	0	0
test4105	bit of walk to some of the tourist areas but nothing is too far away	test	0	0	0	1	0	0	0	0
test4106	the free cookies at night are yummy	test	0	1	0	0	0	0	0	0
test4107	very chic but lacks hotel services	test	0	0	0	0	0	0	0	1
test4108	very nice hotel clean just refurbished	test	0	0	1	0	0	0	0	0
test4109	it is my own fault	test	0	0	0	0	0	0	0	0
test4110	but had assumed that there would be some sort of room service or some facitilites to make tea coffee in your room	test	0	0	0	0	0	0	0	1
test4111	there are not the only food served is breakfast which you have to go downstairs to eat and there is only minibar with some water etc in your room	test	1	1	0	0	0	0	0	0
test4112	if you want anything hot you have to go out and get it	test	0	1	0	0	0	0	0	0
test4113	good location pleasant manager	test	0	0	0	1	0	0	0	1
test4114	we just spent nights at the relais bosquet and it was very enjoyable	test	0	0	1	0	0	0	0	0
test4115	the location is very close to the eiffel tower as well as many museums etc	test	0	0	0	1	0	0	0	0
test4116	we had th floor room with wonderful view of the eiffel tower	test	0	0	0	0	0	0	1	0
test4117	there is complimentary coffee tea in the room and there are washcloths	test	0	0	0	0	0	1	1	0
test4118	while the room wasn large and needs updating it was more than adequate for us	test	0	0	0	0	0	0	1	0
test4119	absolutely no complaints having read some of the reviews we were bit weary about this hotel	test	0	0	1	0	0	0	0	0
test4120	it turned out to be an excellent base for our three night stop	test	0	0	1	0	0	0	0	0
test4121	what valuables we did have passports cash etc was stored in the reception safe and always available	test	0	0	0	0	0	0	0	1
test4122	staff were friendly enough but the main attraction is this hotel location right on the bustling las ramblas	test	0	0	0	1	0	0	0	1
test4123	if it quiet place you re after don book here but if it clean budget hotel right in the heart of things we would absolutely recommend it	test	0	0	1	0	0	0	0	0
test4124	new hotel with nice accomodations	test	0	0	1	0	0	0	0	0
test4125	ve just stayerd at the westin hotel in san francisco wich	test	0	0	1	0	0	0	0	0
test4126	has terrible name since it called market street	test	0	0	0	0	0	0	0	0
test4127	and it located at third street but on the other hand it has an excellent location just block away from all main business and commercial area at downtown sf and at the corner with four seasons hotel	test	0	0	0	0	1	0	0	0
test4128	nice experience nice price and excellent accomodations although the lounge service was awful	test	0	0	1	0	0	0	0	1
test4129	fastastic value and convenient to airport	test	0	0	1	1	0	0	0	0
test4130	this reasonably priced hotel was the surprize of our trip	test	0	0	1	0	0	0	0	0
test4131	the hotel is located less than block from sea tac an has hour shuttle	test	0	0	0	1	0	0	0	0
test4132	coast appears to have undergone recent remodel and the did an excellent job	test	0	0	0	0	0	0	0	0
test4133	located on international blvd and next to the airport was surprized to find that neither the street noise nor air traffic were loud	test	0	0	1	1	0	0	0	0
test4134	several nearby restuarants and the hotel had very good free breakfast	test	0	1	0	1	0	0	0	0
test4135	il bargellino rocks	test	0	0	1	0	0	0	0	0
test4136	loved everything about il bargellino	test	0	0	1	0	0	0	0	0
test4137	the location the rooms the outdoor rooftop living area were all perfect for relaxing and memorable stay in florence	test	1	0	0	1	0	0	1	0
test4138	carmel and pino are wonderful hosts and were so helpful in providing us insight on the best places to eat shop sightsee and thoroughly enjoy our stay	test	0	0	0	0	0	0	0	1
test4139	recommend il bargellino to anyone visiting florence for day week or month	test	0	0	1	0	0	0	0	0
test4140	fantastic meals and very nice spa	test	1	1	0	0	0	0	0	0
test4141	the meals are fantastic especially the buffet breakfasts	test	0	1	0	0	0	0	0	0
test4142	the sunday brunch is unbelievably decadent and great value despite the high price	test	0	1	0	0	0	0	0	0
test4143	the spa is very nice had great pedicure and haircut	test	1	0	0	0	0	0	0	0
test4144	the rooms are on the small size but they are extremely well designed especiallt he bathroom	test	0	0	0	0	0	0	1	0
test4145	our original room was overlooking parking lot but after we asked to be switched we were given beautiful room with an ocean view	test	0	0	0	0	0	0	1	0
test4147	we called reservations at the hotel kitty	test	0	0	0	0	0	0	0	0
test4148	answered the call and we were very impressed she provided excellent service she is very knowledgeable and quick great asset to your hotel	test	0	0	0	0	0	0	0	1
test4149	we always like to stay at hotels that provide good service and are customer friendly kitty and your staff reinforces that beliefyour	test	0	0	0	0	0	0	0	1
test4150	truely joanie mariepalo alto ca	test	0	0	0	0	0	0	0	0
test4151	so comfortable	test	0	0	1	0	0	0	0	0
test4152	th july this is the third visit to this hotel in kensington which we have found to have excellent service lovely staff and beautiful rooms	test	0	0	1	0	0	0	1	1
test4153	right in front of kensington gardens you have plenty of shops pubs and restaurants in walking distance but are only mins away from the west end	test	0	0	0	1	0	0	0	0
test4154	every room have seen total of are all differently but individually decorated and include all the essentials even down to stationery items in the desk	test	0	0	0	0	0	1	1	0
test4155	we have stayed in many hotels in london including claridges and blakes but this is our favourite	test	0	0	0	0	0	0	1	0
test4157	berlin was the start of our europe trip and the westin was great start to our holiday	test	0	0	1	0	0	0	0	0
test4158	without doubt when in berlin we will try to stay here again	test	0	0	1	0	0	0	0	0
test4159	the location is perfect few minutes walk to brandenburg gate and the reichstag the heavenly beds are heavenly the buffet breakfast is superb and the quality of the hotel far exceeded our expectations	test	0	1	1	1	0	1	0	0
test4160	we were there for nights in february and with limited time location is so important and this hotel was the perfect choice	test	0	0	1	1	0	0	0	0
test4161	decent budget hotel	test	0	0	1	0	0	0	0	0
test4162	this hotel was not in the heart of amsterdam but it wasn too far from it	test	0	0	0	1	0	0	0	0
test4163	it was an easy walk to some of the busiest squares for going out at night	test	0	0	0	1	0	0	0	0
test4164	it was clean and comfortable but nothing spectacular	test	0	0	1	0	0	0	0	0
test4165	there were few burn marks probably from smokers but guess that to be expected in amsterdam	test	0	0	1	0	0	0	0	0
test4166	the free breakfast was decent and at least it was free rarity in europe	test	0	1	0	0	0	0	0	0
test4167	the best we normally stay at star hotels and this is star	test	0	0	1	0	0	0	0	0
test4168	we were also bit sceptical when we saw the pictures of the bright rooms on the web but this was the best hotel	test	0	0	1	0	0	0	1	0
test4169	location perfect and the staff beyond friendly and helpful	test	0	0	0	1	0	0	0	1
test4170	to not stay at this hotel would be mistake	test	0	0	1	0	0	0	0	0
test4171	restaurant is rubbish	test	0	0	1	0	0	0	0	0
test4172	the service is the restaurant is terrible	test	0	0	0	0	0	0	0	1
test4173	coffee takes mins to arrive	test	0	0	0	0	0	0	0	1
test4174	would not recommend	test	0	0	1	0	0	0	0	0
test4175	was not the only one complaining during our visit	test	0	0	0	0	0	0	0	0
test4176	amazing absolutly superb	test	0	0	1	0	0	0	0	0
test4177	what great hotel	test	0	0	1	0	0	0	0	0
test4178	right on the park and walking distance to madison and fifth avenue shops	test	0	0	0	1	0	0	0	0
test4179	the rooms are brand new and spacious the staff superb my favorite spa in the world	test	1	0	0	0	0	0	1	1
test4180	la prarie and	test	0	0	0	0	0	0	0	0
test4181	the afternoon tea is great the restaurant is pretty good too	test	0	1	0	0	0	0	0	0
test4182	the views are just to die for	test	0	0	1	0	0	0	0	0
test4183	stayed here for long week end november th th in room and	test	0	0	1	0	0	0	0	0
test4184	the views from that room were marvellous the louvre the musee orsay and the eiffel tower and we overlooked the tuilleries these views were even better at night when paris was lit up	test	0	0	0	0	0	0	1	0
test4185	the room was comfortable fantastic bathroom huge and the bed was one of the most comfy that have slept in anywhere in the world and the hotel is in wonderful location	test	0	0	0	1	0	1	1	0
test4186	breakfast is bit disappointing the pain au chocolat at the musee orsay are superb	test	0	1	0	0	0	0	0	0
test4187	nice location on clarke quay hotel rooms were clean	test	0	0	0	1	0	0	1	0
test4188	was given room that could accommodate adults and children which was double beds and rollaway which was great	test	0	0	0	0	0	0	1	0
test4189	the children enjoyed the pool area which was well maintained	test	1	0	0	0	0	0	0	0
test4190	the location is great as the mrt is close and lots of restaurants	test	0	0	0	1	0	0	0	0
test4191	restaurants at the hotel are little pricey but that is normal for singapore	test	1	0	0	0	0	0	0	0
test4192	stayed nights and had no problems	test	0	0	1	0	0	0	0	0
test4193	traumatic experience attended the boston gift show and stayed at the hilton from march to april	test	0	0	1	0	0	0	0	0
test4194	it was one of my worst night mares when someone actually unlocked my door at on the night of saturday nd	test	0	0	1	0	0	0	0	0
test4195	it took hours to get response and to date no one has called me to report what actually happened that night	test	0	0	0	0	0	0	0	1
test4196	checkjed out on april and then again nothing was said to me	test	0	0	1	0	0	0	0	0
test4197	am not amused after the trauma went through that night	test	0	0	0	0	0	0	0	0
test4198	luckily the security latch was on the door and the intruder could not enter	test	0	0	0	0	1	0	0	0
test4200	my wife and stayed here for nights on our way back to the uk	test	0	0	1	0	0	0	0	0
test4201	plus points the hotel is in great location on union square and the inside of the hotel looked very nice	test	0	0	1	1	0	0	0	0
test4202	trolley bus stop was on the corner	test	0	0	0	1	0	0	0	0
test4203	minus points room was noisy and one of the concierge staff was unhelpful	test	0	0	0	0	0	0	1	1
test4204	overall though did like this hotel and would stay here again	test	0	0	1	0	0	0	0	0
test4206	nice hotel with all the neccesities	test	0	0	1	0	0	0	0	0
test4207	staff was pleasent with good english	test	0	0	0	0	0	0	0	1
test4208	across from the beach and mins to la ramblas	test	0	0	0	1	0	0	0	0
test4209	have fun	test	0	0	0	0	0	0	0	0
test4211	this is fantastic hotel	test	0	0	1	0	0	0	0	0
test4212	and recommend the city inn to everyone know	test	0	0	1	0	0	0	0	0
test4213	so far no one has been let down by them	test	0	0	0	0	0	0	0	0
test4214	the rooms are great and the location is brilliant	test	0	0	0	1	0	0	1	0
test4215	loved the copley	test	0	0	1	0	0	0	0	0
test4216	we recently stayed at the copley for wedding	test	0	0	1	0	0	0	0	0
test4217	the event itself was beyond belief everything was perfect and the staff could not have been more attentive	test	0	0	1	0	0	0	0	1
test4218	the room was small but spotless with beautiful bathroom and delightfully comfy bed	test	0	0	0	0	0	1	1	0
test4219	great location right around the corner from newburry street shopping	test	0	0	0	1	0	0	0	0
test4220	just loved it there	test	0	0	1	0	0	0	0	0
test4221	be very aware of the location	test	0	0	0	1	0	0	0	0
test4222	this is lovely restored hotel on market street in san fancisco	test	0	0	1	0	0	0	0	0
test4223	the problem is that it the wrong end of market street	test	0	0	0	0	0	0	0	0
test4224	it good price for the center of san fran but only go out at night with minder	test	0	0	1	0	0	0	0	0
test4225	and don use their valet car parking service they ll damage your car	test	1	0	0	0	0	0	0	0
test4226	great property great stay	test	0	0	1	0	0	0	0	0
test4227	had great stay at this property	test	0	0	1	0	0	0	0	0
test4228	good room service great breakfast restaurant	test	0	1	0	0	0	0	0	1
test4229	accomodating staff	test	0	0	0	0	0	0	0	1
test4230	very nice airport hotel was very pleased with this hotel	test	0	0	1	0	0	0	0	0
test4231	rooms are very large well appoingted but with plenty of space for luggage etc	test	0	0	0	0	0	0	1	0
test4232	breakfast was more than adequate with made to order omelets and the whole facility was immaculate and actually worked	test	1	1	0	0	0	0	0	0
test4233	only negatives we noted were shuttle service from lax is on request which we didn know and lost some time waiting curbside before calling and if you rent car or drive note that hotel parking is per nite	test	1	0	0	0	0	0	0	0
test4234	since it is very close to the airport the aircraft noise might bother light sleepers children	test	0	0	1	0	0	0	0	0
test4235	the best service	test	0	0	0	0	0	0	0	1
test4237	it was just like home	test	0	0	1	0	0	0	0	0
test4238	view from the banyan bar	test	0	0	0	0	0	0	0	0
test4239	the moana	test	0	0	0	0	0	0	0	0
test4240	loved the castle inn	test	0	0	1	0	0	0	0	0
test4241	we stayed at the castle inn last week on our first visit to san francisco	test	0	0	1	0	0	0	0	0
test4243	it was better than we expected for the money nice big room tiles and heat lamp in the bathroom great location very clean and the helpful man at the front desk told us where to go and where not to go	test	0	0	1	1	0	0	1	1
test4244	did call ahead to ensure non smoking room after reading one of the other reviews	test	0	0	0	0	0	0	0	0
test4245	hope we can return someday	test	0	0	0	0	0	0	0	0
test4246	mfortable and well equipped great location for exploring the latin quarter and st germain but still an easy walk into the centre of paris	test	0	0	1	1	0	0	0	0
test4247	we just used it as crash pad so were barely here	test	0	0	0	0	0	0	0	0
test4248	excellent double glazing and quiet side street location	test	0	0	0	1	0	0	0	0
test4249	super clean and good facilities	test	1	0	0	0	0	0	0	0
test4250	compact room but what do you expect in big city hotel	test	0	0	0	0	0	0	1	0
test4251	grate time	test	0	0	1	0	0	0	0	0
test4252	my sister and haved grate time on this big and beautiful hotel	test	0	0	1	0	0	0	0	0
test4253	we stayed in standard room very clean and lovely	test	0	0	0	0	0	0	1	0
test4254	the principal buffet and the snack at the pool were not very good but all the other restaurant was ok	test	0	1	0	0	0	0	0	0
test4255	but the best was an afternoon at the spa we enjoyed it	test	1	0	0	0	0	0	0	0
test4256	loved everything the building is fantastic the hotel is wonderful true luxury at affordable prices looked for and found special offer on the hotel	test	0	0	1	0	0	0	0	0
test4257	website the bed is awfully confortable you have complimentary bar full of refreshments and some snacks the toiletries are by lanvin	test	1	0	0	0	0	1	0	0
test4258	the staff is very polite	test	0	0	0	0	0	0	0	1
test4259	the location is in front of the railway station and short walking distance from the dam	test	0	0	0	1	0	0	0	0
test4260	havens above	test	0	0	1	0	0	0	0	0
test4261	it really is tranquil haven only yards from the manic times square	test	0	0	0	1	0	0	0	0
test4262	we have stayed in some impressive four star hotels in other us cities but are really glad we acted on the reviews to book into the casablanca for our first trip to new york	test	0	0	1	0	0	0	0	0
test4263	the well decorated rooms are not huge and the views nothing special but that said for staff location cleanliness rick lounge and overall ambience	test	0	0	0	1	0	0	1	1
test4264	this hotel is tops	test	0	0	1	0	0	0	0	0
test4265	great location great price great location one block from the government towers and mins walk to shinjuku station	test	0	0	1	1	0	0	0	0
test4266	the surrounding area is safe and quiet	test	0	0	1	0	0	0	0	0
test4267	our triple room was clean and spacious	test	0	0	0	0	0	0	1	0
test4268	hotel staff were friendly and helpful	test	0	0	0	0	0	0	0	1
test4269	this is great place to stay in shinjuku	test	0	0	1	0	0	0	0	0
test4270	sistent nice bar we have corporate rate at the jw marriott	test	1	0	1	0	0	0	0	0
test4271	and look forward to staying there again	test	0	0	1	0	0	0	0	0
test4272	the bar is very cute and doesn feel too much like hotel bar	test	1	0	0	0	0	0	0	0
test4273	the beds are comfortable and the rooms are nice	test	0	0	1	0	0	1	0	0
test4274	absolutely no issues	test	0	0	0	0	0	0	0	0
test4275	the gym is slightly larger than normal marriott gym about guest rooms large rather than	test	1	0	0	0	0	0	0	0
test4276	good restaurant	test	1	0	0	0	0	0	0	0
test4277	in total was there several weeks	test	0	0	0	0	0	0	0	0
test4278	the people from the restaurant did much more than their best good food	test	0	1	0	0	0	0	0	0
test4279	overall service was ok although there was hick up but the people from the restaurant restored that	test	0	0	0	0	0	0	0	1
test4280	very negative the beds too soft	test	0	0	0	0	0	1	0	0
test4281	also when you stay in room you think at night that someone is breaking into your room but it just your neighbor that is entering his her room	test	0	0	0	0	0	0	1	0
test4282	be warned	test	0	0	0	0	0	0	0	0
test4283	polyester sheets	test	0	0	1	0	0	0	0	0
test4284	first of all this place is really really cheap so feel little bad complaining also the staff were genuinely concerned when brought this matter to their attention however the sheets here are some kind of polyester blend so even though it may be freezing cold outside you will not need to turn on the heat you will sweat up storm and wake up wet	test	0	0	1	0	0	0	0	1
test4285	didn sleep too well once realized was sleeping on mattress that must be drenched with the sweat of thousand previous guests would not stay here again even with it being cheap	test	0	0	1	0	0	1	0	0
test4286	very good bit surprised by the negative reviews on here unless parts of the hotel are still being renovated	test	0	0	1	0	0	0	0	0
test4287	stayed in the tower part which was very good air conditioning	test	0	0	0	0	0	1	0	0
test4288	was excellent which in singapore is must	test	0	0	0	0	0	0	0	0
test4289	the rooms are quite small the bathroom especially but otherwise decent place to stay for few days	test	0	0	1	0	0	0	1	0
test4290	there was regular free bus into town and it only about mins walk to clarke quay about mins to orchard road happily stay again although as ever do resent having to pay extra for the internet when you pay fair whack for the room in the first place	test	1	0	0	1	0	0	0	0
test4291	great hotel great staff great location	test	0	0	1	1	0	0	0	1
test4292	this was great hotel very convenient to almost everything in amsterdam	test	0	0	1	1	0	0	0	0
test4293	the staff was excellent very friendly and helpful	test	1	0	0	0	0	0	0	1
test4294	the rooms were very clean and bit larger than we expected	test	0	0	0	0	0	0	1	0
test4295	overall would recommend staying at this hotel	test	0	0	1	0	0	0	0	0
test4296	very average indeed	test	0	0	1	0	0	0	0	0
test4297	the room was large and comfortable but was not otherwise terribly impressed with this place	test	0	0	1	0	0	0	1	0
test4298	poor location officious staff and restaurant that looked more like military cafeteria than hotel restaurant all contributed to distinctly unmemorable hotel experience	test	0	0	0	1	0	0	0	1
test4299	suffice it to say won be rushing back here	test	0	0	1	0	0	0	0	0
test4300	great base to explore sf stayed here for days while exploring sf for the first time what great place	test	0	0	1	0	0	0	0	0
test4301	very central to union square and transport links was very pleased with my find as we were so central good bed in average sized room very large bathroom breakfast supplied in lobby in the morning	test	0	1	0	0	1	1	1	0
test4302	is the average american continental danish and coffee	test	0	1	0	0	0	0	0	0
test4303	can really recommend this place if you are keen to be central and want to spend your time looking at the sites rather than trecking back to hotel on the other side of the city	test	0	0	1	0	0	0	0	0
test4304	great location this hotel is in fantastic location close to the shops bus station and duomo	test	0	0	0	1	0	0	0	0
test4305	the staff are friendly	test	0	0	0	0	0	0	0	1
test4306	the rooms are very comfortable and the bathrooms are modern and well equipped	test	0	0	0	0	0	0	1	0
test4307	would recommend this hotel and will be returning to it next time go to florence	test	0	0	1	0	0	0	0	0
test4308	as stated previously the breakfast is not amazing but it is adaquate	test	0	1	0	0	0	0	0	0
test4310	stayed here years ago	test	0	0	0	0	0	0	0	0
test4311	and whilst knew that the rooms can be shabby due to the location and an excellent deal at per night inl breakfast	test	0	0	1	1	0	0	1	0
test4312	thought it was worth the money	test	0	0	1	0	0	0	0	0
test4313	we seem to have lucked out though and got far superior room to the one we had before or they ve just decorated and the staff couldn have been more friendly and helpful	test	0	0	0	0	0	0	1	1
test4314	if you want an average which is definitely hotel and not hostel would recommend and stay here again	test	0	0	1	0	0	0	0	0
test4315	wonderful experience excellent customer service stayed for one night this past weekend and got terrific rate through an online newsletter	test	0	0	1	0	0	0	0	1
test4316	in spite of the rate we were treated like honored guests and upgraded to an incredibly large room since the check in	test	0	0	0	0	0	0	1	1
test4317	folks noted that we were travelling with two kids	test	0	0	0	0	0	0	0	0
test4318	requests for foam pillows and rolloway were answered promptly and my children loved the kids welcome pack at check in	test	0	0	0	0	0	0	0	1
test4319	truly superior service all around from valet parking to baggage check to front desk	test	0	0	0	0	0	0	0	1
test4320	loved the hotel and location and will definitely stay again	test	0	0	1	1	0	0	0	0
test4322	hotel exceeded our expectations and we cannot wait to go back next year	test	0	0	1	0	0	0	0	0
test4323	superb decor very clean and comfortable	test	0	0	1	0	0	0	0	0
test4325	even though it is situated so close to la rambla you could not hear any noise from the street	test	0	0	1	1	0	0	0	0
test4326	the course breakfast served on the roof top terrace took bit of getting through but was excellent	test	0	1	0	0	0	0	0	0
test4327	great hotel great service great location	test	0	0	1	1	0	0	0	1
test4328	my family of four including two teenage boys stayed at the boston park plaza for nights and really enjoyed our stay	test	0	0	1	0	0	0	0	0
test4329	the location is excellent the rooms although fairly small were certainly big enough for the four of us and were well maintained and very nicely decorated	test	0	0	0	1	0	0	1	0
test4330	we received very good service and would definitely stay there again if we return to boston	test	0	0	1	0	0	0	0	1
test4331	everyone including the desk clerk concierge door man and housekeeping staff were friendly as well as helpful	test	0	0	0	0	0	0	0	1
test4332	have no complaints and would highly recommend the boston park plaza	test	0	0	1	0	0	0	0	0
test4333	great hotel no monkey bar	test	1	0	1	0	0	0	0	0
test4334	this is wonderful hotel that is similar to many classy european hotels	test	0	0	1	0	0	0	0	0
test4335	the room was elegant and clean and the location was perfect	test	0	0	0	1	0	0	1	0
test4336	the only negative aspects of our stay were the construction across the street noise and the fact that the monkey bar was closed for renovation no mention of this on the hotel website	test	1	0	0	0	0	0	1	0
test4337	if you stay here ask for room away from the street to avoid the construction noise	test	0	0	0	0	0	0	1	0
test4338	french quarter gem tim miss and the staff at place armes thank you so much for the gracious southern hospitality on my recent short stay to new orleans	test	0	0	0	0	0	0	0	1
test4339	you made it just the little getaway that needed	test	0	0	1	0	0	0	0	0
test4340	bless all	test	0	0	0	0	0	0	0	0
test4342	wonderful resort concierge	test	0	0	1	0	0	0	0	1
test4343	the resort is wonderful but the staff is exceptional	test	0	0	1	0	0	0	0	1
test4344	would like to personally thank concierge kary and carolina in working patiently with us in trying to locate our lost luggage airlines fault	test	0	0	0	0	0	0	0	1
test4345	their professionalism and kindness helped keep our stress to minimum	test	0	0	0	0	0	0	0	1
test4346	to their credit they had to help several guests who experienced the same situation and they always had smile for each guest	test	0	0	0	0	0	0	0	1
test4347	generic motor hotel two holiday inn back to back this one and the express seattle	test	0	0	1	0	0	0	0	0
test4348	very close to the space needle and couple of blocks to the free bus zone going downtown	test	0	0	0	1	0	0	0	0
test4349	generic rooms with microwave and mini fridge	test	0	0	0	0	0	1	0	0
test4350	newer properties very clean and well equipted	test	0	0	1	0	0	0	0	0
test4351	parking was day	test	1	0	0	0	0	0	0	0
test4352	this place is clean and well located to seattle center and within decent proximity to downtown	test	0	0	1	1	0	0	0	0
test4353	not at all what is used to be this once was nice hotel which has gone for the cheapercrowd tatoo people mom dad kids in room type deal events	test	0	0	1	0	0	0	0	0
test4354	way too small to handle both conferences and wedding events on the same day along with family outings	test	0	0	0	0	0	0	0	0
test4355	this used to be an exclusive new orleans boutique hotelbut is now geared to lower end small company business conferences cheap family getaway lets get drunk on bourbon st crowd and weddings anyday of the week which means bottom line the facilities are not available they are often closed such as the pool and courtyard	test	1	0	0	0	0	0	0	0
test4356	what was once night hotel for the business elite traveler is now night cheap star check any experien or yahoo or priceline this is the cheapest of all the original dupuy owners would be very disappointed	test	0	0	1	0	0	0	0	0
test4357	very crowded very low class	test	0	0	1	0	0	0	0	0
test4358	we had business guests with written reservations well in advance two were bumped out of the hotel we were treated rudely pulled our corporate account	test	0	0	0	0	0	0	0	1
test4359	excellent all the way around we always stay at embassy suites when we can and this one keeps with the tradition and quality that you come to expect	test	0	0	1	0	0	0	0	0
test4360	the concierge and all of the staff were always friendly and helpful	test	0	0	0	0	0	0	0	1
test4361	we tried to upgrade to full ocean view and couldn but the partial view was still wonderful	test	0	0	1	0	0	0	0	0
test4362	you can never miss at embassy with the full made to order breakfast and daily managers reception	test	0	1	0	0	0	0	0	0
test4363	highly reccomend and was excellent all around	test	0	0	1	0	0	0	0	0
test4364	excellent value excellent location	test	0	0	1	1	0	0	0	0
test4365	most has already been said but this really is good clean modern hotel in great location at great price	test	0	0	1	1	0	0	0	0
test4366	plenty of choice at breakfast and great service from staff	test	0	1	0	0	0	0	0	1
test4367	ate at the argentinian mexican steakhaus twice and the tapas was to die for	test	0	0	0	0	0	0	0	0
test4368	little extras such as kettle in room left luggage facilities and free internet all great	test	0	0	0	0	0	1	0	0
test4369	fantastic location for exploring amsterdam	test	0	0	0	1	0	0	0	0
test4370	it is worth saying that this is not hotel you go to if you want really upscale romantic place to stay	test	0	0	1	0	0	0	0	0
test4371	but the hotel is in an excellent location from which to explore the city of amsterdam	test	0	0	0	1	0	0	0	0
test4372	it two minute walk to the dam square minute walk to the central station and within easy walking distance of everything in central amsterdam	test	0	0	0	1	0	0	0	0
test4373	the hotel is clean and quiet an comfortable but would say the key selling point is the fact that it is so well located	test	0	0	1	0	0	0	0	0
test4374	no character but overall worth the money	test	0	0	1	0	0	0	0	0
test4375	well positioned hotel prudential stop on the subway not lot to recommend it from character point of view but has excellent facilities especially the beds that are enormous	test	1	0	0	1	0	1	0	0
test4376	good service and pool and gym area was bonus	test	1	0	0	0	0	0	0	1
test4377	free internet access in the lobby and starbucks made it the perfect base to explore boston from for few days	test	1	0	0	0	0	0	0	0
test4378	perfect stay excellent hotel	test	0	0	1	0	0	0	0	0
test4379	great location friendly staff	test	0	0	0	1	0	0	0	1
test4380	rooms were clean and decently sized with fun decor	test	0	0	0	0	0	0	1	0
test4381	quiet too	test	0	0	0	0	0	0	1	0
test4382	even being in the center of everything	test	0	0	0	1	0	0	0	0
test4383	the free internet access and bar lounge area were nice bonus too	test	1	0	0	0	0	0	0	0
test4384	venient refuge ideal location to train station and duomo	test	0	0	0	1	0	0	0	0
test4385	room totally refurbished in january	test	0	0	0	0	0	0	1	0
test4386	clean quiet good value	test	0	0	1	0	0	0	0	0
test4387	friendly receptionists speak english and go second mile to assist tourists	test	0	0	0	0	0	0	0	1
test4388	after one week stay we felt like family	test	0	0	1	0	0	0	0	0
test4389	easy walk from hotel to all major tourist attractions	test	0	0	0	1	0	0	0	0
test4390	just the job nice little hotel this right on top of shopping the ramblas and bit of nightlife to boot	test	0	0	1	1	0	0	0	0
test4391	rooftop swimming pool big enough for cooling dip if you are there when it is warm enough and felt bit like scene from spanish mary poppins looking out over the rooftops from the pool terrace	test	1	0	0	0	0	0	0	0
test4392	rooms well appointed and breakfast adequate	test	0	1	0	0	0	0	1	0
test4393	trying to get drink from the hotel bar was challenge but if you are not in hurry you will get one	test	1	0	0	0	0	0	0	0
test4394	would and probably will return	test	0	0	1	0	0	0	0	0
test4396	the oberoi is wonderfull hotel	test	0	0	1	0	0	0	0	0
test4397	the rooms and grounds are very beautiful the food is excellent and the service impeccable	test	1	1	0	0	0	0	1	1
test4398	have now idea how some people can dislike this hotel	test	0	0	0	0	0	0	0	0
test4399	we highly recommend it	test	0	0	1	0	0	0	0	0
test4400	really disappointed can not believe this hotel has such rating stay away from it think it deserve one star the most	test	0	0	1	0	0	0	0	0
test4401	the service is really bad and not to mention things disappear from your room and	test	0	0	1	0	0	0	0	1
test4402	their respond is we are investigating it they charge you for compelementry coffee and it takes them five hours to get you taxi to the air port	test	0	0	0	1	0	0	0	1
test4403	bottom line very expensive for the service for the same money you can get real star hotel	test	0	0	1	0	0	0	0	0
test4404	trust me stay away	test	0	0	0	0	0	0	0	0
test4405	anti american	test	0	0	0	0	0	0	0	0
test4406	good location but now looking dated stayed at the blacket for nights from the we were charged huge supplement for new year and were annoyed to find the hotel restaurant was closed the only choice for breakfast was an over priced continental ceiling took days to fixlocation is great room was large but very drab	test	1	1	1	1	0	1	0	0
test4407	the hotel was probally cool few years ago but is now looking old and tired	test	0	0	1	0	0	0	0	0
test4408	staff are helpful but no room service or help with your bags	test	0	0	0	0	0	0	0	1
test4409	overall ok	test	0	0	1	0	0	0	0	0
test4410	but if you are loooking for spacious room in central location	test	0	0	0	0	0	0	1	0
test4411	perfekte woche	test	0	0	0	0	0	0	0	0
test4414	sofitel showreview full	test	0	0	0	0	0	0	0	0
test4415	would go again	test	0	0	1	0	0	0	0	0
test4416	we went to barcelona for shopping trip and we booked hotel marina over the internet and said we would spend one night but end up staying three nights there	test	0	0	1	0	0	0	0	0
test4417	the staff were very firendly and best of all the spoke english which is alot of help the room was very clean and the location was perfect min walk to the beech and two stops away by metro into the city	test	0	0	0	1	0	0	1	1
test4418	centre the only problem was the taxi at night from the hotel into the town centre they charged what they like	test	0	0	0	0	0	0	0	0
test4419	but the hotel was great	test	0	0	1	0	0	0	0	0
test4420	would stay there agai	test	0	0	1	0	0	0	0	0
test4421	excelent choice	test	0	0	1	0	0	0	0	0
test4423	used to stay at ecole centrale in marais area	test	0	0	0	0	0	0	0	0
test4424	same price range	test	0	0	1	0	0	0	0	0
test4425	magda is more comfortable better located and with better service the people at the reception are very correct almost nice	test	0	0	1	1	0	0	0	1
test4426	clean and family friendly we enjoyed our clean room and the wonderful service	test	0	0	1	0	0	0	1	1
test4427	we ordered room service and my two young children and had plenty of delicious options on the kid menu	test	0	1	0	0	0	0	0	0
test4428	for great price	test	0	1	0	0	0	0	0	0
test4429	also the breakfast buffet the next morning	test	0	1	0	0	0	0	0	0
test4430	was wonderful	test	0	0	0	0	0	0	0	0
test4431	they didn even charge for the kids	test	0	1	0	0	0	0	0	0
test4432	nice family run place nice family run place about minute walk from the train station	test	0	0	1	1	0	0	0	0
test4433	decent accomodation	test	0	0	1	0	0	0	0	0
test4434	friendly helpful staff especially loretta pointed us to good restaurants close to the hotel	test	0	0	0	0	0	0	0	1
test4435	free breakfast	test	0	1	0	0	0	0	0	0
test4436	internet not free but available	test	1	0	0	0	0	0	0	0
test4437	my only complaint was that the bathroom was little cramped for space	test	0	0	0	0	0	0	1	0
test4438	stylish and sophisticated soho	test	0	0	1	0	0	0	0	0
test4439	hotel was very modern and stylish	test	0	0	1	0	0	0	0	0
test4440	the hotel was clean and maintained to very high standard	test	0	0	1	0	0	0	0	0
test4441	soho hotel is located close to las ramblas and all the main attractions but was in an area that was not noisy during the night	test	0	0	1	1	0	0	0	0
test4442	the staff were friendly and helpful and spoke good english	test	0	0	0	0	0	0	0	1
test4443	would highly recommend soho hotel and would stay there again if was in barcelona	test	0	0	1	0	0	0	0	0
test4444	vercharged at check out	test	0	0	0	0	0	0	0	0
test4445	the hotel room was fine rather small but ok	test	0	0	0	0	0	0	1	0
test4446	what was very unhappy about was that booked my stay online and got the early booking rate	test	0	0	1	0	0	0	0	0
test4447	of course at check out they upped my rate even after reminded them and they assured that was getting the the lower rate but charged my credit card more	test	0	0	1	0	0	0	0	1
test4448	traveled throughout europe and this was the only hotel that charged me higher rate	test	0	0	1	0	0	0	0	0
test4449	would probably not return	test	0	0	1	0	0	0	0	0
test4450	good location quite clean and great price	test	0	0	1	1	0	0	0	0
test4451	we spent night at grant hotel very good choice for us for the first time visit san francisco	test	0	0	1	0	0	0	0	0
test4452	the hotel is located just right in down union square cable car are just in block away	test	0	0	0	1	0	0	0	0
test4453	china town only blocks distance	test	0	0	0	1	0	0	0	0
test4454	our nights stay at grant hotel based on all our expected	test	0	0	1	0	0	0	0	0
test4455	quite clean comfortable	test	0	0	1	0	0	0	0	0
test4456	series of annoyances another review mentions that the hotel is minutes away from schiphol	test	0	0	1	0	0	0	0	0
test4457	true but their shuttle closes down earlier than any of the other hotels and it euro cab ride	test	0	0	0	0	0	0	0	1
test4458	my experience of the hotel was series of difficulties reservation canceled without notice free wifi system that was down fact discovered only after spending ten minutes on the phone being given various nonworking passwords general lack of timely information from the desk clerks	test	1	0	1	0	0	0	0	1
test4459	this hotel is in suburban business district it may be very convenient and useful on workdays my very short stay there on saturday after long train ride and just in advance of long plane trip was nothing but series of frustrations	test	0	0	0	1	0	0	0	0
test4460	great petit hotel superb location	test	0	0	1	1	0	0	0	0
test4461	very nice hotel in the very center of florence the street on which it resides is the street that goes from the duomo to the ponte vecchio right in the middle of those attractions and just block away form the piazza de la republicca	test	0	0	1	1	0	0	0	0
test4462	great fares	test	0	0	1	0	0	0	0	0
test4463	service is very nice views are amazing	test	0	0	0	0	0	0	1	1
test4464	the only thing would improve is room size though	test	0	0	0	0	0	0	1	0
test4465	extremely recommend this hotel	test	0	0	1	0	0	0	0	0
test4466	small rooms but great location we stayed at this hotel for nights	test	0	0	1	1	0	0	1	0
test4467	the price was great for the location	test	0	0	1	0	0	0	0	0
test4468	the room was very small but very clean	test	0	0	0	0	0	0	1	0
test4469	the bed was really comforatable	test	0	0	0	0	0	1	0	0
test4470	breakfast was little disappointing not much variety	test	0	1	0	0	0	0	0	0
test4471	and you had to pay for coffee	test	0	0	0	0	0	0	0	0
test4472	fantastic hotel in no	test	0	0	1	0	0	0	0	0
test4473	this hotel was pleasant surprise in new orleans	test	0	0	1	0	0	0	0	0
test4474	never stayed in drury hotel and now wouldn want to stay anywhere else	test	0	0	1	0	0	0	0	0
test4475	the lobby was lovely there was full hot breakfast sodas available during the day staff was friendly beds were comfortable and room was clean with marble tiles in entrance and bathroom	test	1	1	0	0	0	1	1	1
test4476	most importantly all drury hotels are pet friendly and my dog had great time looking out our th floor window at the streets of new orleans	test	0	0	1	0	0	0	0	0
test4477	it was short walk to the french quarter and the streetcar lines are right outside the door	test	0	0	0	1	0	0	0	0
test4478	large quiet rooms with great service	test	0	0	0	0	0	0	1	1
test4479	stayed for days and was amazed at the size of the room	test	0	0	0	0	0	0	1	0
test4480	having stayed in other nyc hotels this is by far one of the best for the price	test	0	0	1	0	0	0	0	0
test4481	the kitchen was big money saver and the staff was friendly knowledgable and helpul	test	1	0	0	0	0	0	0	1
test4482	had to day sleep needed to change rooms due to construction they were most gracious	test	0	0	0	0	0	0	0	1
test4483	would definitely stay again	test	0	0	1	0	0	0	0	0
test4484	restaurant recs	test	0	0	0	0	0	0	0	0
test4485	the ritz is terrific hotel but their restaurant recommendations need updating	test	0	0	1	0	0	0	0	0
test4486	the consierge sent me to so so sushi place called san raku and then to an awful chinese place called oriental pearl	test	0	0	0	0	0	0	0	1
test4487	in city of thousands of japanese and chinese restaurants think the ritz could do better	test	0	0	1	0	0	0	0	0
test4488	it was great holiday	test	0	0	1	0	0	0	0	0
test4489	we just got back on saturday from the occidental grand in punta cana	test	0	0	1	0	0	0	0	0
test4490	having been there week and we had an excellent time	test	0	0	1	0	0	0	0	0
test4491	the food was great the rooms were good and the staff were amazing	test	0	1	0	0	0	0	1	1
test4492	if you like more information please feel free to email me at calgarykellys shaw ca	test	0	0	0	0	0	0	0	0
test4493	great location excellent value we stayed nights in the royal magda for during half term and booked double and large double with sofa bed for our children and	test	0	0	1	1	0	0	0	0
test4494	our stay was excellent value for mid priced three star hotel	test	0	0	1	0	0	0	0	0
test4495	the rooms were spotlessly clean and the location was very convenient	test	0	0	0	1	0	0	1	0
test4496	the rooms were small but adequate and the breakfast room was bit of squash but otherwise no complaints	test	1	0	1	0	0	0	1	0
test4497	we would definitely recommend	test	0	0	1	0	0	0	0	0
test4498	good location dirty bathroom supposed to be five star hotel however this was not exactly what would call stars	test	0	0	1	1	0	0	1	0
test4499	pros great location convenient for walking places tianamen restaurants etc safe internet nice building interiors food spa courteous staff decent pricecons dirty bathroom moldy water didn drain in shower smelly hallways my entire hallway smelled of mold and cigarette smoke	test	1	1	1	1	0	1	1	1
test4500	even though it was supposed to be smoke free halloverall stay here since this seemed to be common theme for higher end hotels in china	test	0	0	0	0	0	0	0	0
test4501	look for newer hotels first but could stay here again based on price	test	0	0	1	0	0	0	0	0
test4502	was in one of the higher floors	test	0	0	0	0	0	0	0	0
test4503	so think was in one of the executive rooms based on our group negotiati	test	0	0	0	0	0	0	1	0
test4504	we like the st francis	test	0	0	1	0	0	0	0	0
test4505	this is lovely hotel with sense ot charm and history	test	0	0	1	0	0	0	0	0
test4506	however it is bit dated in places corridors and rooms however it is really in great location right overlooking union square right in the midst of it all and close to shops restaurants etc	test	0	0	0	1	0	0	1	0
test4507	we were on our honey moon	test	0	0	0	0	0	0	0	0
test4508	so they gave us special room which was really quite big and nicely furnished	test	0	0	1	0	0	1	1	0
test4509	the champagne mojitos in the bar were pretty excellent too	test	0	1	0	0	0	0	0	0
test4510	nikko clean and convenient	test	0	0	1	0	0	0	0	0
test4511	stayed at the nikko for days prior to cruise from san francisco to alaska	test	0	0	1	0	0	0	0	0
test4512	when had to change dates at the last minute due to plane problems the hotel was extremely accommodating	test	0	0	1	0	0	0	0	0
test4513	the staff was very helpful and always cheerful during my stay	test	0	0	0	0	0	0	0	1
test4514	the hotel is only block from several great restaurants and three block walk from union square and all the shopping you could want	test	0	0	0	1	0	0	0	0
test4515	the price is bit steep but the clean and comfortable room with hdtv made up for it	test	1	0	1	0	0	0	1	0
test4516	great facilities but keep your eye out for reduced rates star city has convenience thanks to the adjoining casino but the rooms themselves are little tired	test	1	0	0	0	0	0	1	0
test4517	that said they re still well equipped the bedroom unit we stayed in had everything we needed except for the absolute lack of patio furniture	test	0	0	0	0	0	1	1	0
test4518	beds were clean and comfy and the lounge room was roomy	test	0	0	1	0	0	1	0	0
test4519	the hotel is starting to show its age though and the standard prices are several times what they should be	test	0	0	1	0	0	0	0	0
test4520	if you want to stay somewhere nice and central and open around the clock check out local hotel websites in advance and you should be able to score room here at half the price or less	test	0	0	0	0	0	0	0	0
test4521	weekend stay stay for weekend	test	0	0	1	0	0	0	0	0
test4522	in january the staff was very nice and the hotel was great	test	0	0	1	0	0	0	0	1
test4523	perfect location between everything would return for sure	test	0	0	0	1	0	0	0	0
test4524	very nice experience	test	0	0	1	0	0	0	0	0
test4525	the hotel also allowed us to check in earlier and had free late check out until pm	test	0	0	1	0	0	0	0	0
test4526	just perfect we stayed at the ilima for nights in january	test	0	0	1	0	0	0	0	0
test4527	we arrived full hours late due to snow in tokyo but the hotel did not make us pay for the first night that we weren there	test	0	0	0	0	0	0	0	1
test4528	they even let us stay for an extra night at the same very low rate	test	0	0	1	0	0	0	0	0
test4529	the hotel was great lots of space clean very central to everything in waikiki but very quiet too	test	0	0	1	1	0	0	0	0
test4531	faultless	test	0	0	0	0	0	0	0	0
test4532	rd time at the club and again couldn find anything to fault	test	0	0	1	0	0	0	0	0
test4533	our butler rabika was attentive helpful and ensured	test	0	0	0	0	0	0	0	1
test4534	we were well taken care of across the island	test	0	0	0	0	0	0	0	1
test4535	highly recemmend it to all	test	0	0	1	0	0	0	0	0
test4536	great customer service stayed for two nights and was placed into the wrong room type on the first night due to overbooking	test	0	0	0	0	0	0	0	1
test4537	this was not bother as was by myself for the first night	test	0	0	0	0	0	0	0	0
test4538	the next day the staff were extremely apologetic and moved me to hyde park view room	test	0	0	0	0	0	0	1	1
test4539	overall very impressed with the service	test	0	0	0	0	0	0	0	1
test4540	the rooms were immaculate	test	0	0	0	0	0	0	1	0
test4541	would definitely recommend this hotel if you have some spare cash to spend on accommodation	test	0	0	1	0	0	0	0	0
test4544	we absolutely loved the queen anne	test	0	0	1	0	0	0	0	0
test4545	the rooms are gorgeous and you can see that somebody decorated them with lot of love	test	0	0	0	0	0	0	1	0
test4546	amazing little details that make you feel like queen or king on holiday the staff is extremely helpful and knows lot of tips that you would not find in guide book	test	0	0	1	0	0	0	0	1
test4547	if we ever return to san francsico we will make sure to stay there again	test	0	0	1	0	0	0	0	0
test4548	great hotel great location location location	test	0	0	1	1	0	0	0	0
test4549	this was our second visit to amsterdam and our second stay at the rho hotel	test	0	0	1	0	0	0	0	0
test4550	my girlfriend and were very happy with the room and the hot buffet breakfast that was delicious on both occasions	test	0	1	0	0	0	0	1	0
test4551	the location is excellent right on dam square next to the shops and the vibrant nightlife	test	0	0	0	1	0	0	0	0
test4552	we will be going to amsterdam again soon	test	0	0	0	0	0	0	0	0
test4553	and when we do we ll be definitely staying at rho	test	0	0	1	0	0	0	0	0
test4554	tiny room with many ants the room wasn available to check in until late afternoon	test	0	0	0	0	0	0	1	1
test4555	once in the tiny room we discovered it was full of ants	test	0	0	0	0	0	0	1	0
test4556	would estimate there were over to ants on the floor at one time	test	0	0	0	0	0	0	1	0
test4557	telling the front desk attendant about the ants she seem unconcerned and was suprised this was an issue	test	0	0	0	0	0	0	0	1
test4558	having no other rooms we checked out and were not charged	test	0	0	0	0	0	0	1	0
test4559	excellent accomodations	test	0	0	1	0	0	0	0	0
test4560	two friends and spent nights at the loong palace	test	0	0	1	0	0	0	0	0
test4561	it is lovely hotel deserving of it star rating	test	0	0	1	0	0	0	0	0
test4562	the employees were very helpful very accomodating	test	0	0	0	0	0	0	0	1
test4563	most spoke enough english that we had no problems exchanging money asking about areas we wanted to visit ordering room service or ordering at the bars and restaurants even getting massage	test	1	0	0	0	0	0	0	1
test4564	this hotel is bit out of downtown beijing but taxi rides are very inexpensive and taxi cabs were numerous	test	0	0	0	1	0	0	0	0
test4565	loved this hotel will stay at the cartwright again	test	0	0	1	0	0	0	0	0
test4566	this hotel was very clean had great breakfast excellent service and was close to the cable car line	test	0	1	1	1	0	0	0	1
test4567	they also had cookies in the afternoon and wine from to and fruit water and coffee hours	test	0	1	0	0	0	0	0	0
test4568	everyone was so friendly at this hotel	test	0	0	0	0	0	0	0	1
test4569	if me and my hubby ever go back we will stay at the cartwright again	test	0	0	1	0	0	0	0	0
test4570	below expectations we have been staying at this hotel for nights mid of september	test	0	0	1	0	0	0	0	0
test4571	although the location is great as you are in the heart of saf we have been disappointed by the level of quality of this hotel	test	0	0	1	1	0	0	0	0
test4572	it presents itself as cute boutique hotel which is how it looks on the website however the reality is not	test	0	0	1	0	0	0	0	0
test4573	room was tiny deco was average cleaning was it is minimum levels	test	0	0	0	0	0	0	1	0
test4574	it depends what you are looking for in yuor trip but don expect to stay in real boutique hotel you will be disappointed as we were	test	0	0	1	0	0	0	0	0
test4576	nice large room	test	0	0	0	0	0	0	1	0
test4577	the staff were helpful but made us wait two hours to get room because we got in before the check in time	test	0	0	0	0	0	0	0	1
test4578	the location is also good there are plenty of places around to eat and sit outside	test	0	0	0	1	0	0	0	0
test4580	stayed on two night break and it was excellent staff very helpful and fluent in english bar staff	test	0	0	1	0	0	0	0	1
test4581	also brilliant thoroughly enjoyed the snacks put out to enjoy with your drinks in the bar downstairs rooms were amazing and definately have wow factor	test	0	0	0	0	0	0	1	0
test4582	staff recommended excellent local restaurants to eat in and found walking to them and the touristy places very easy	test	0	0	0	1	0	0	0	1
test4583	would really recommend this and have done to everyone	test	0	0	1	0	0	0	0	0
test4584	good hotel but watch your wallet this hotel has character and is in an excellent location	test	0	0	1	1	0	0	0	0
test4585	the restaurant is very good reasonable prices huge menu very popular	test	1	1	0	0	0	0	0	0
test4586	only blip in our stay was having one euro note lifted from my wallet and one euro note lifted from my wife purse while we were at breakfast and the room was being cleaned	test	0	0	0	0	0	0	0	0
test4587	obviously we shouldn have left the money in the room but my issue was with the attitude of the hotel who rather than express any concern simply refused to accept that it could possibly have been their cleaner and must have been an opportunist thief come in from the street	test	0	0	0	0	0	0	0	0
test4588	quite strange thief goes up to the third floor of small hotel sneaks into small room without the cleaner in the room seeing him and then takes one note from each of two purses wallets leaving loads of other notes behind and returning the purse and wallet to the pockets of clothes in the room	test	0	0	0	0	0	0	0	0
test4589	the hotel and cleaner were no doubt banking correctly that we wouldn bother wasting half day of two day trip to barcelona at the police station	test	0	0	0	0	0	0	0	0
test4590	good location good location to everything	test	0	0	0	1	0	0	0	0
test4591	within few block to shops resturants and harrahs	test	0	0	0	0	0	0	0	0
test4592	hotel staff very accommodating and helpful	test	0	0	0	0	0	0	0	1
test4593	rooms very clean and bed was better than home	test	0	0	0	0	0	1	1	0
test4594	the pool was closed for renovations and wasn warned but gave an option to visit another property pool	test	1	0	0	0	0	0	0	0
test4596	not more than ok spent nights at this motel early july	test	0	0	1	0	0	0	0	0
test4597	rooms ok clean but rather small and without wardrobe to hang clothes	test	0	0	0	0	0	1	1	0
test4598	we were travelling for month and had suitcases for which we hardly found space in the room	test	0	0	0	0	0	0	1	0
test4599	fridge and micro stuffed into the room no place to eat except in bed	test	0	0	0	0	0	1	1	0
test4600	similar to another review we also experienced unfriendly and not trusting attitude from the owners demanding our credit card for security even if the stay was prepaid through expedia and it was also not the place for asking questions	test	0	0	0	0	0	0	0	1
test4601	location ok bit far down on lombard street but as norwegians we re used to walking	test	0	0	0	1	0	0	0	0
test4602	bargain excellent accomodations our family of four stayed at the hotel porta faenza in florence during march	test	0	0	1	0	0	0	0	0
test4603	we were pleasantly surprised by the spaciousness and cleanliness of the room and the stylish modern furnishings bathroom as well	test	0	0	0	0	0	1	1	0
test4604	staff was pleasant and very knowledgable about surrounding area and history	test	0	0	0	0	0	0	0	1
test4605	excellent location within walking distance of the train station and hotel parking reasonable daily rate of us	test	1	0	0	1	0	0	0	0
test4606	best value and accomodations of the six hotels we stayed at in italy	test	0	0	1	0	0	0	0	0
test4607	affordable but dumpy	test	0	0	1	0	0	0	0	0
test4608	kind of shocked to read all the great reviews of this hotel	test	0	0	1	0	0	0	0	0
test4609	it was an inexpensive hotel for the area yes but grungy and worn	test	0	0	1	0	0	0	0	0
test4610	the bed was very uncomfortable	test	0	0	0	0	0	1	0	0
test4611	maybe people are happy not to see bugs or whatnot but nothing really great to relay about this place	test	0	0	1	0	0	0	0	0
test4612	gran ronda good location	test	0	0	0	1	0	0	0	0
test4613	the gran ronda is well placed it on road that runs parallel to la rambla	test	0	0	0	1	0	0	0	0
test4614	you can walk to the north end off la rambla via well lit side street within mins	test	0	0	0	1	0	0	0	0
test4615	the breakfasts are superb with wide choice of both continental and english style food	test	0	1	0	0	0	0	0	0
test4616	the rooms are well appointed and very clean	test	0	0	0	0	0	0	1	0
test4617	we had great stay at carabela bavaro club resort	test	0	0	1	0	0	0	0	0
test4618	we had wonderful stay	test	0	0	1	0	0	0	0	0
test4619	the accomadations were great and the food was great also	test	0	1	1	0	0	0	0	0
test4620	it was very relaxing with no pressure to do anything that we didn want to do	test	0	0	1	0	0	0	0	0
test4621	we met alot of good people which we have kept in touch with since we got home	test	0	0	0	0	0	0	0	0
test4622	would definately book at this resort again	test	0	0	1	0	0	0	0	0
test4623	great hotel just returned from this hotel after spending nights	test	0	0	1	0	0	0	0	0
test4624	took our friends who had never been to berlin before	test	0	0	0	0	0	0	0	0
test4625	the hotel was perfectly situated on the kudamm spotless rooms and very good size	test	0	0	1	1	0	0	1	0
test4626	breakfast room on th floor with fab views of the main shopping street with plenty of choice for even the most picky eater	test	1	0	0	0	0	0	0	0
test4627	very friendly staff in small foyer reception with small bar in the corner for those late night nightcaps	test	0	0	0	0	0	0	0	1
test4628	would definately reccommend this hotel and will be going back ourselves next year	test	0	0	1	0	0	0	0	0
test4630	the midtown hotel is just what it should be	test	0	0	1	0	0	0	0	0
test4631	basic clean quiet and cheap	test	0	0	1	0	0	0	0	0
test4632	with many boston hotels averaging per night we had perfectly acceptable king size room for just under including parking	test	0	0	0	0	0	0	1	0
test4633	don expect the ritz	test	0	0	0	0	0	0	0	0
test4634	but it just fine for those of us who only want clean comfortable room bathroom that works acceptable sound proofing and staff that is helpful and friendly	test	0	0	0	0	0	0	1	1
test4635	does not even deserve to be rated	test	0	0	1	0	0	0	0	0
test4636	booked the hotel through hotwire and the hotel staff charged my cc for the time being there	test	0	0	1	0	0	0	0	1
test4637	after calling them so many times and speaking to the manager and the accountant and everyone else they still refuse to give me my money back	test	0	0	0	0	0	0	0	1
test4638	they keep saying that is done and that it should be on my bank account any second	test	0	0	0	0	0	0	0	1
test4639	but it is all bunch of bs	test	0	0	0	0	0	0	0	0
test4640	singapore sling my husband	test	0	0	0	0	0	0	0	0
test4641	and had the time of our lives	test	0	0	0	0	0	0	0	0
test4642	we couldn fault the hotel the room the room service cleanliness	test	0	0	1	0	0	0	0	1
test4643	everyone was so friendly and welcoming and the concierge was definately our best friend	test	0	0	0	0	0	0	0	1
test4644	would highly recommend this hotel	test	0	0	1	0	0	0	0	0
test4645	we are looking forward to our next stay	test	0	0	0	0	0	0	0	0
test4646	nice	test	0	0	1	0	0	0	0	0
test4647	but have to pay for valet parking for the price we paid	test	1	0	0	0	0	0	0	0
test4648	it was good value for money	test	0	0	1	0	0	0	0	0
test4649	just don like that we have to pay for valet parking and for overnight parking	test	1	0	0	0	0	0	0	0
test4650	we are guest in the hotel parking should be free	test	1	0	0	0	0	0	0	0
test4651	most pleasant stay	test	0	0	1	0	0	0	0	0
test4652	this is an excellent hotel	test	0	0	1	0	0	0	0	0
test4653	staff go out of their way to be helpful	test	0	0	0	0	0	0	0	1
test4654	the only downside is the size of the rooms but this is typical of hong kong hotels	test	0	0	0	0	0	0	1	0
test4655	great stop over place we had to stay overnight to wait for another business partner	test	0	0	1	0	0	0	0	0
test4656	this was the quitest hotel have ever stayed at	test	0	0	1	0	0	0	0	0
test4657	everything is located in the airport resturants and shopping mall	test	0	0	0	1	0	0	0	0
test4658	you can rent cars or catch local or high speed train	test	0	0	0	0	0	0	0	0
test4659	it not central to the city but it has all modes of transportation avalalible to you	test	0	0	1	0	0	0	0	0
test4660	excellent location low price	test	0	0	1	1	0	0	0	0
test4661	the hotel was in an excellent location and perfect for anyone young single and traveling alone	test	0	0	0	1	0	0	0	0
test4662	yes the rooms are as tiny as all the reviews say but you can beat the location	test	0	0	0	1	0	0	1	0
test4663	and really how much time do you actually spend in the room	test	0	0	0	0	0	0	0	0
test4664	the hotel staff was courteous	test	0	0	0	0	0	0	0	1
test4665	although the restaurant next door can compete with san francisco finest annabelle was great for quick meal at the end of long day	test	0	0	0	0	0	0	0	0
test4666	beds were fantastic stayed at the best western coconut waikiki for just two nights	test	0	0	1	0	0	1	0	0
test4667	the staff was most helpful and accomodating	test	0	0	0	0	0	0	0	1
test4668	the rooms were small but nice and clean and modern	test	0	0	0	0	0	0	1	0
test4669	the bed was one of the most comfortable my husband and have ever slept on	test	0	0	0	0	0	1	0	0
test4670	bit of walk to the beach but doable especially with stop just down the street for great three dollar mai tai	test	0	0	0	1	0	0	0	0
test4671	if you want the experince of private club in london this is it	test	0	0	1	0	0	0	0	0
test4672	the is an absolute gem its cosy with very attentive genuinely friendly staff	test	0	0	0	0	0	0	0	1
test4673	it feels as though you are in private house with gathering of old friendsthe hotel rooms are small so if you like oceans of space this hotel is not for you	test	0	0	1	0	0	0	1	0
test4674	but they have every possible personal desire in the room includng ipod speakers personal robes	test	0	0	0	0	0	1	0	0
test4675	let your imagination roam its perfectly siutated opposite buckingham palace and undoubtedely one of the best hotels in london	test	0	0	1	1	0	0	0	0
test4676	my favorite hotel in paris having trawled many websites looking for the perfect hotel for our silver wedding anniversary celebrations we happened upon duquesne eiffel paris	test	0	0	1	0	0	0	0	0
test4677	we booked superior room for nights and had fantastic stay	test	0	0	0	0	0	0	1	0
test4678	lucie was very helpful and the room was spotless they were just renovated	test	0	0	0	0	0	0	1	1
test4679	we enjoyed the balcony and an added bonus the subway station was just near the hotel so travelling in paris was amazingly	test	0	0	1	1	0	0	0	0
test4680	altogether great accommodation in wonderful location	test	0	0	0	1	0	0	0	0
test4681	decent deal decent hotel great place to stay as it is clean has modern asian feel in the decour and decent breakfast to start you on your way	test	0	1	1	1	0	0	0	0
test4682	the room was spacious and the bathroom was huge	test	0	0	0	0	0	0	1	0
test4683	book room away from the elevator or stairway access doors as these can be tad noisy because all guests go through the same area and the hallways are hardwood flooring	test	0	0	0	0	0	0	1	0
test4684	this hotel is close to the subway but make sure you have clear directions to reach it as it took us close to hours to find and the locals didn seem to know where it was	test	0	0	0	1	0	0	0	0
test4685	the surrounding neighbourhood seems little run down but perhaps this is just the old feel of the place	test	0	0	1	0	0	0	0	0
test4686	worst ever this is the worst hotel have stayed in during my twenty years of travel	test	0	0	1	0	0	0	0	0
test4687	spraying for insects had to leave the door open to clear the fumes water didn work holes in linens if there were any beds not clean and the carpet hadn been vacuumed in days waited for hours for the quick shuttle from the airport	test	0	0	1	0	0	1	0	0
test4688	and then the driver asked us to lift the luggage because it might be too heavy for his back	test	0	0	0	0	0	0	0	1
test4689	never stay here ever	test	0	0	1	0	0	0	0	0
test4690	oh la la	test	0	0	0	0	0	0	0	0
test4691	great hotel in superb position in centre of paris	test	0	0	1	1	0	0	0	0
test4692	room was modern and clean breakfast more than adequate	test	0	1	0	0	0	0	1	0
test4693	have used the hotel before and will continue to do so in future	test	0	0	1	0	0	0	0	0
test4694	best hotel we ve stayed at	test	0	0	1	0	0	0	0	0
test4695	couldn agree more with the previous reviews this is without doubt the finest hotel we ve ever stayed at	test	0	0	1	0	0	0	0	0
test4696	everything was well worth the price	test	0	0	1	0	0	0	0	0
test4697	as they say you get what you pay for and we got the best	test	0	0	0	0	0	0	0	0
test4698	if and when we return to honolulu can imagine staying anywhere other than the halekulani	test	0	0	1	0	0	0	0	0
test4700	it was so beautiful there and we would love to go back	test	0	0	1	0	0	0	0	0
test4701	the thing is you cant really leave the resort at least we didnt as its kind of dangerous too	test	0	0	0	0	0	0	0	0
test4702	you have to stay within your resort	test	0	0	1	0	0	0	0	0
test4703	the good thing is if you stay at the riu there are other riu resorts you have access too so you can check out the others	test	0	0	1	0	0	0	0	0
test4704	weather was beautiful and beaches were gorgeous	test	0	0	0	0	0	0	0	0
test4705	bad first impression	test	0	0	1	0	0	0	0	0
test4706	the operator who picks up the phone at the general number gave me the wrong fax number	test	0	0	0	0	0	0	0	1
test4707	then when called back to inquire the second person was very curt in correcting me not only was there no apology she hung up on me as was still talking without even good bye	test	0	0	0	0	0	0	0	1
test4708	this kind of service attitude is simply not acceptable anywhere let alone hotel of this level	test	0	0	0	0	0	0	0	1
test4709	if you are going to compete with the rest at this category make sure your first interface with clients is not this rude and short sighted	test	0	0	0	0	0	0	0	0
test4710	great hotel great location travelled with my wife and two friends to new york to see the st patricks day parade	test	0	0	1	1	0	0	0	0
test4711	we found the staff very helpful and pleasant	test	0	0	0	0	0	0	0	1
test4712	our room was on the th floor with view of the empire state building from the bed we stayed room only as eating out in new york is great	test	0	0	0	0	0	0	1	0
test4713	for the best breakfast tun left as you leave the hotel and walk up to where the small bridge crosses the road at grand central station under this bridge straight across from the station you get the most fantastic breakfast be early it gets very busy	test	0	0	0	1	0	0	0	0
test4714	the hotels location is second to none you have the empire state th avenue grand central chrysler building times square etc all within few minute walk	test	0	0	0	1	0	0	0	0
test4715	ps do the circle line boat tour to see the statue of liberty and the new york skyline it is fantastic	test	0	0	0	0	0	0	0	0
test4716	good budget hotel	test	0	0	1	0	0	0	0	0
test4717	key word budget monte carlo is clean fairly comfortable very firm beds and best of all well located	test	0	0	1	1	0	1	0	0
test4718	have no qualms about booking this hotel if you re travelling on budget believe we paid around night for double room	test	0	0	1	0	0	0	0	0
test4719	no wc in high season	test	0	0	0	0	0	0	0	0
test4720	however consider skipping breakfast	test	0	1	0	0	0	0	0	0
test4721	for euro you could do better at corner bakery	test	0	0	0	0	0	0	0	0
test4722	hello from lee	test	0	0	0	0	0	0	0	0
test4723	really enjoyed our stay in the bamboo garden hotel and on my next trip in january will also be staying again	test	0	0	1	0	0	0	0	0
test4724	thank you very much for your kindness and the warm hospitality especially the help with our visas	test	0	0	0	0	0	0	0	1
test4725	ciao and kisses from the children	test	0	0	0	0	0	0	0	0
test4727	we are not regular star hotel inhabitants but we decided to splurge and spend night at the argonaut on recent trip sept thru ca	test	0	0	0	0	0	0	0	0
test4728	the hotel was dream the staff was friendly and helpful the location is convenient to everything and the pm wine tasting free was excellent	test	0	1	1	1	0	0	0	1
test4729	we ended up staying nights from our room overlooking the golden gate	test	0	0	0	0	0	0	1	0
test4730	would highly recommend this hotel to anyone planning trip to the area my only complaint was the night valet parking fee optional	test	1	0	1	0	0	0	0	0
test4731	never again on arrival front desk informed us that we had cancelled our night reservation earlier that day	test	0	0	0	0	0	0	0	1
test4732	after much discussion they found us room facing brick wall and never offered to move us	test	0	0	0	0	0	0	1	1
test4733	most unfriendly staff but clean room	test	0	0	0	0	0	0	1	1
test4734	we use holiday inns all the time but this was one of the worst	test	0	0	1	0	0	0	0	0
test4735	great hotel stayed at this hotel for nights at the end of august	test	0	0	1	0	0	0	0	0
test4736	and have to say it was fab	test	0	0	1	0	0	0	0	0
test4737	from the moment we arrived every member of staff we came into contact with was friendly and helpful and made us feel very welcome	test	0	0	0	0	0	0	0	1
test4738	the room was lovely nice decor and extremely clean	test	0	0	0	0	0	0	1	0
test4739	would recommend this hotel to anyone wishing to visit san francisco	test	0	0	1	0	0	0	0	0
test4740	wonderful hotel with easy access to city wonderful clean and comfortable rooms	test	0	0	1	1	0	0	1	0
test4741	the beds are super comfy	test	0	0	0	0	0	1	0	0
test4742	the shower was incredible wanted to take it home	test	0	0	0	0	0	1	0	0
test4743	location to the dart is great	test	0	0	0	1	0	0	0	0
test4744	breakfast buffet was good though not as outstanding as the rooms	test	0	1	0	0	0	0	0	0
test4745	band kids were not well controlled resturant service bad husband dtr and stayed here in order to get flight out next morning	test	0	0	1	0	0	0	0	1
test4746	hotel room as expected for embassy suites noise level on bedroom side from road very loud and disturbing	test	0	0	0	0	0	0	1	0
test4747	band in hotel for fiesta bowl were still running wild at pm	test	0	0	1	0	0	0	0	0
test4748	service at resturant was terrible food mediocre	test	0	1	0	0	0	0	0	1
test4749	would not eat there again would not stay here again	test	0	1	1	0	0	0	0	0
test4750	good location needs renovated	test	0	0	1	1	0	0	0	0
test4751	the website inaccurately reported the hotel had been renovated	test	0	0	1	0	0	0	0	0
test4752	carpets were worn common areas not clean and the furnishings dated	test	0	0	1	0	0	1	0	0
test4753	staff was friendly and the location is convenient to shopping and restaurants	test	0	0	0	1	0	0	0	1
test4754	exterior of building looks shabby and spalling is evident	test	0	0	1	0	0	0	0	0
test4755	the hotel is not being maintained	test	0	0	1	0	0	0	0	0
test4756	wonderful choice location wise this hotel had such wonderful location that made me forget the noise during the evenings from the next door bar and the rudness of the people at the front desk	test	0	0	1	1	0	0	0	1
test4757	once the airconditioning is running you dont hear the noise and when you only need five minutes to get to any place you forget the rudness of the front desk staff	test	1	0	0	1	0	0	0	1
test4758	the rooms were clean the breakfast was ok and remember this if is clean and has great location the restis not important	test	0	1	0	1	0	0	1	0
test4759	will definitely come back here	test	0	0	1	0	0	0	0	0
test4760	they have small restaurant in front openfrom am to pm with very good food	test	1	1	0	0	0	0	0	0
test4761	loved this hotel loved this classy hotel	test	0	0	1	0	0	0	0	0
test4762	lovely lobby beautiful rooms pleasant staff	test	0	0	1	0	0	0	1	1
test4763	didn eat here but located short stroll from upmarket outdoor mall with nice restaurants cafe	test	0	0	0	1	0	0	0	0
test4764	valet parking good service but pricey	test	1	0	0	0	0	0	0	0
test4765	when returned to uk appeared to have been charged the wrong amount to our credit card tried to sort out by email but are insisting we write to them if we want copy of our account not hugely convenient when you live on the other side of the world	test	0	0	1	0	0	0	0	0
test4766	hope to get this sorted out as appear to have been significantly overcharged and if we can sort it would not stay here again	test	0	0	1	0	0	0	0	0
test4767	great hotel in barcelona super nice and very luxurious hotel in good location nice neighborhood within easy walking distance of everything	test	0	0	1	1	0	0	0	0
test4768	underground train stations also nearby	test	0	0	0	1	0	0	0	0
test4769	very nice rooms clean and quiet friendly staff and good service	test	0	0	0	0	0	0	1	1
test4770	did not try the restaurant or the breakfast	test	1	0	0	0	0	0	0	0
test4771	would not hesitate to stay here again	test	0	0	0	0	0	0	0	0
test4772	in one word horrid	test	0	0	1	0	0	0	0	0
test4773	customer service was lousy	test	0	0	0	0	0	0	0	1
test4774	told callers that checked in guest was not there turned away deliveries	test	0	0	0	0	0	0	0	1
test4775	and the desk agents laughed that we were upset	test	0	0	0	0	0	0	0	1
test4776	top location	test	0	0	0	1	0	0	0	0
test4777	before booking hotel always look at this site for guidance	test	0	0	0	0	0	0	0	0
test4778	was little worried by the some of the reviews for the hotel lloret posted here but given the hotel location went ahead and booked	test	0	0	0	0	0	0	0	0
test4779	so glad did the location is fantastic	test	0	0	0	1	0	0	0	0
test4780	if you are looking for clean safe hotel with prime location and super friendly helpful staff then this is the place for you	test	0	0	1	1	0	0	0	1
test4781	stayed here for three nights and intend to return	test	0	0	1	0	0	0	0	0
test4782	great everything booked this hotel through last minute com when my other hotel booking was in euros and needed better deal	test	0	0	1	0	0	0	0	0
test4783	this hotel was first class on arrival at reception got served immediately given all the info needed with maps and details of trips and buses	test	0	0	1	0	0	0	0	1
test4784	room was very clean the bed was huge the buffet breakfast was brilliant and catered for every taste	test	0	1	0	0	0	1	1	0
test4785	the hotel was min stroll from the ramblas and port with regular buses and metro stop outside	test	0	0	0	1	0	0	0	0
test4786	ended up walking everywhere as the sights are not far apart brilliant weekend thanks	test	0	0	0	1	0	0	0	0
test4787	we booked three hotel rooms two double beds	test	0	0	0	0	0	0	0	1
test4788	we made our reservations six weeks in advance	test	0	0	0	0	0	0	0	0
test4789	when we checked in we were informed that we would not receive what we reserved because we did not call to confirm	test	0	0	0	0	0	0	0	1
test4790	we had the confirmation page that was sent to us	test	0	0	0	0	0	0	0	0
test4791	they gave us cots instead	test	0	0	0	0	0	0	0	0
test4792	blatant	test	0	0	1	0	0	0	0	0
test4793	harming this hotel scored excellent in every regard	test	0	0	1	0	0	0	0	0
test4794	the staff especially rory at the front desk and oj were great	test	0	0	0	0	0	0	0	1
test4795	valet parking made it especially easy to check in and out	test	1	0	0	0	0	0	0	0
test4796	great food in the hotel too ll stay there again and again and have already referred some sf regulars from my home town monterey	test	0	1	1	0	0	0	0	0
test4798	krus	test	0	0	0	0	0	0	0	0
test4799	uld be better just got back from week in seattle and loved almost every minute of it	test	0	0	0	0	0	0	0	0
test4800	the pacific plaza while good buy could use some improvement	test	0	0	1	0	0	0	0	0
test4801	we were on the top th floor and all the heat in the builidng seemed to rise into our room	test	0	0	0	0	0	0	1	0
test4802	also while the room was non smoking the internal ventilation system seemed to draw in smoke from other rooms	test	0	0	0	0	0	1	0	0
test4803	the staff was very courteous and helpful and the location is very good	test	0	0	0	1	0	0	0	1
test4804	different but nice have just come back from night stay at this hotel rooms are compact but very comfortable shower bit small but	test	0	0	1	0	0	1	1	0
test4805	plenty of hot water and powerful shower breakfast was ok hot and cold buffet staff very helpful dont make the mistake we did and exit train station from wrong exit we had to walk long way	test	0	1	0	0	0	1	0	1
test4806	but it is handy for all sights in amsterdam recommend the hop off hop on canal boat only euros each	test	0	0	0	0	0	0	0	0
test4807	but that covers one and half days chinese next door bit snooty	test	0	0	0	0	0	0	0	0
test4808	if you are tourist but food superb try pancake bakery in same street as anne frank house excellent huge pancakes of all descriptionthey have luggage room at the botel which was hand as we were not leaving till will definately visit agai	test	0	0	0	0	0	0	0	0
test4809	in the center of it all	test	0	0	0	0	0	0	0	0
test4810	the main attraction to this hotel is location price	test	0	0	0	1	0	0	0	0
test4811	you are next to three of the main subway lines in tokyo and can walk to many great restaurants and attractions	test	0	0	0	1	0	0	0	0
test4812	the hotel room was good for the location and filled with gadgets such as the operable shade opening device	test	0	0	0	0	0	0	1	0
test4813	no need to get out of bed in the morning the staff	test	0	0	0	0	0	0	0	1
test4814	was friendly it would be great if they learned little more english though	test	0	0	0	0	0	0	0	1
test4815	great place to stay we stayed for nights in junior suite	test	0	0	1	0	0	0	0	0
test4816	only has positive things to say about the affinia dumont staff were excellent professional and friendly	test	0	0	0	0	0	0	0	1
test4817	the room was spotless and large bathroom kitchen were fine for our needs and the king size bed was great	test	0	0	0	0	0	1	1	0
test4818	the location on th betw	test	0	0	0	1	0	0	0	0
test4819	lex rd was excellent close to drug stores supermarkets corner stores	test	0	0	0	1	0	0	0	0
test4820	and there load of great bars restaurants on rd avenue in the shighly recommended	test	0	0	0	1	0	0	0	0
test4821	great little hotel	test	0	0	1	0	0	0	0	0
test4822	hotel des grands hommes is superb small hotel very centrally located next to the pantheon	test	0	0	1	1	0	0	0	0
test4823	for star hotel the facilities are great and the staff were all very friendly and helpful	test	1	0	1	0	0	0	0	1
test4824	all also spoke excellent english too	test	0	0	0	0	0	0	0	0
test4826	absolute magic	test	0	0	0	0	0	0	0	0
test4827	this hotel is real dream	test	0	0	1	0	0	0	0	0
test4828	the building and everything in it is gorgeous and the staff are absolutely first class	test	0	0	1	0	0	0	0	1
test4829	our stay was flawless and the whole ambiance of the hotel was wonderful	test	0	0	1	0	0	0	0	0
test4830	go back there in heartbeat as there was everything you could possibly ask of stay in such romantic city	test	0	0	0	0	0	0	0	0
test4831	best location and very nice rooms	test	0	0	0	1	0	0	1	0
test4832	the herbert hotel is located close to the union square the very center of sf and on powell street	test	0	0	0	1	0	0	0	0
test4833	the hotel is new decorated from top to tow and has stars hotel room standard	test	0	0	1	0	0	0	0	0
test4834	you have everything just around the corner and very good location for all attractions in the city including bart bus and cable car	test	0	0	0	1	0	0	0	0
test4835	ps	test	0	0	0	0	0	0	0	0
test4836	th april betty boop restaurant opened on the ground floor	test	1	0	0	0	0	0	0	0
test4837	excellent room and service	test	0	0	0	0	0	0	1	1
test4838	the room was excellent and the staff very friendly and helpful speaking perfect english	test	1	0	0	0	0	0	1	1
test4839	they also arranged doctor to visit the hotel to see our young daugther and then also interpreted	test	0	0	0	0	0	0	0	0
test4840	my only observation is that you probably don need to book canal room as there not huge amount to see out of the windows	test	0	0	0	0	0	0	1	0
test4841	you ll enjoy the stay	test	0	0	0	0	0	0	0	0
test4842	awful hotel spent one night only fortunately in this hotel	test	0	0	1	0	0	0	0	0
test4843	upon arrival we had to pay cash before entering the room then we found on one bed dirty linen that had to be changed	test	0	0	0	0	0	1	1	0
test4844	the room lacked maintenance on the furniture and in the bathrrom nothing was repared	test	0	0	0	0	0	0	1	0
test4845	in the morning breakfast was very poor and when asked forchocolate for my child they did not have any	test	0	1	0	0	0	0	0	0
test4846	and to finish we asked to leave the luggage for the day and it was kept outside in courtyard getting wet because of the rain	test	0	0	0	0	0	0	0	1
test4847	do not recommend this hotel to anyone	test	0	0	1	0	0	0	0	0
test4848	great base for city visit stayed at the prescott for two nights	test	0	0	1	0	0	0	0	0
test4849	the location near union square is extremely convenient for shopping around the square and in the excellent westfield centre the cable cars along powell towards fisherman wharf and muni along market towards embarcadero	test	0	0	0	1	0	0	0	0
test4850	the staff were friendly and efficient providing information printing out boarding passes storing luggage and providing town car to the airport	test	0	0	0	0	0	0	0	1
test4851	the room was not large but the furnishings bedding and bathroom were all of high standard	test	0	0	0	0	0	1	1	0
test4852	we would readily stay at the prescott agai	test	0	0	1	0	0	0	0	0
test4853	in the middle of the city very pleasant hotel in the city only at one minute by feet from the ramblas	test	0	0	0	1	0	0	0	0
test4854	the room is little bit small but the shower is great on the top you can enjoy the swiming pool when the weather is nice	test	1	0	0	0	0	1	1	0
test4855	the breakfast is full and enough	test	0	1	0	0	0	0	0	0
test4856	was there for business	test	0	0	0	0	0	0	0	0
test4857	but will return with my wife in the coming monthspleasant stay	test	0	0	0	0	0	0	0	0
test4858	unbelievably unhelpgul	test	0	0	0	0	0	0	0	1
test4859	am staying at spaulding at the moment	test	0	0	0	0	0	0	0	0
test4860	we only have few days	test	0	0	0	0	0	0	0	0
test4861	so we wanted to quickly arrange some trips but the extremely unfriendly receptionist has flatly refused to help us or even let us use the phone to call the tour companies	test	0	0	0	0	0	0	0	1
test4862	we have no phone the internet is too slow so we re now setting off to macy third floor to find payphone	test	1	0	0	0	0	0	0	0
test4863	am speechless	test	0	0	0	0	0	0	0	0
test4864	loved the mansion on turtle creek	test	0	0	1	0	0	0	0	0
test4865	my husband and stayed at the mansion on turtle creek following our wedding	test	0	0	0	0	0	0	0	0
test4866	our suite was luxurious the staff and service was wonderful and we couldn have been happier with our choice of hotel	test	0	0	1	0	0	0	1	1
test4867	from the moment we arrived the staff made us feel special and welcome	test	0	0	0	0	0	0	0	1
test4868	we look forward to returning here in the future and recommend this hotel to anyone	test	0	0	1	0	0	0	0	0
test4869	pretty standard good location me and my wife stayed at coral princess inn on november	test	0	0	1	1	0	0	0	0
test4870	the hotel has very good location and the area is quiet and decent	test	0	0	0	1	0	0	0	0
test4871	we are not the type of people to whine about the change of sheets and spots on the walls but there seemed to be major problem with their air conditioning at the room we were staying in	test	0	0	0	0	0	1	0	0
test4872	we got that little room no for usd per night on the second floor	test	0	0	0	0	0	0	1	0
test4873	the temperature in the room was never under degrees celcius	test	0	0	0	0	0	0	1	0
test4874	and we found it hard to sleep sometimes	test	0	0	0	0	0	0	1	0
test4875	superb fantatsic	test	0	0	0	0	0	0	0	0
test4876	the design ethic is superb	test	0	0	1	0	0	0	0	0
test4877	loved the experience	test	0	0	1	0	0	0	0	0
test4878	the amans set the standard that all luxury hotels should be judged by	test	0	0	1	0	0	0	0	0
test4879	it is like travelling business or first class on an airline	test	0	0	0	0	0	0	0	0
test4880	nothing is quite the same agai	test	0	0	0	0	0	0	0	0
test4881	big rooms near the night life attractions weber hotel is good surprise	test	0	0	1	0	0	0	1	0
test4882	very well located for those looking for fun the best bars in town are alligned just on the side rooms	test	0	0	0	1	0	0	0	0
test4883	are big for european standards and well decorated	test	0	0	0	0	0	0	1	0
test4884	service is good enough and the stairs there no elevator can be scary if you have big suitcases	test	1	0	0	0	0	0	0	1
test4885	very good deal specially for young couples	test	0	0	1	0	0	0	0	0
test4886	it can be little noisy at night due the bars around but nothing that bothers too much	test	0	0	1	0	0	0	0	0
test4887	great experience great area great experience	test	0	0	1	1	0	0	0	0
test4888	nice and modern decoration in heat of paris	test	0	0	1	1	0	0	0	0
test4889	very clean room and helpfull stuff	test	0	0	0	0	0	0	1	1
test4890	market and all you need just out of hotel	test	0	0	0	1	0	0	0	0
test4891	had stay last year in this hotel they have changed all	test	0	0	1	0	0	0	0	0
test4892	it has been cmpletly changed	test	0	0	0	0	0	0	0	0
test4893	couldn wait to leave this hotel although the views from our room were drop dead gorgeous	test	0	0	1	0	0	0	1	0
test4894	we were completely bored at the mandarin oriental and felt isolated in sterile cube	test	0	0	1	0	0	0	0	0
test4895	the room furnishings lacked the austere beauty been hoping for the room furnishings were quite plain and unremarkable	test	0	0	0	0	0	0	1	0
test4896	we were in bridge to bridge view room expensive but we didn feel pampered or special while staying at the hotel in any way	test	0	0	1	0	0	0	1	0
test4897	room service food was quite plain good quality ingredients but not particularly delicious or gourmet	test	0	1	0	0	0	0	0	0
test4898	we actually felt bit depressed in this hotel we couldn wait to leave so we checked out day early	test	0	0	1	0	0	0	0	0
test4899	not what we expected we were to stay at the riu palace macao for five nights we stayed one	test	0	0	1	0	0	0	0	0
test4900	the facilities were old and mold was definite problem for us	test	1	0	0	0	0	0	0	0
test4901	the room was outdated and not up to the four star rating as given on the internet website	test	0	0	1	0	0	0	1	0
test4902	the food and service were way below average	test	0	1	0	0	0	0	0	1
test4903	the drive to the resort was down right frightening	test	0	0	0	1	0	0	0	0
test4904	great stay wondeful hotel in florence	test	0	0	1	0	0	0	0	0
test4905	little out of the way but still can walk to everything in minutes or less	test	0	0	0	1	0	0	0	0
test4906	front desk was great had to check out very early so when called for wake up call the operate ordered cab for me to arrive at certain time and they packed breakfast for me because miss the free breakfast	test	0	1	0	0	0	0	0	1
test4907	room was very comfortable and good size	test	0	0	0	0	0	0	1	0
test4908	will always stay here in the future	test	0	0	1	0	0	0	0	0
test4909	not so bad	test	0	0	1	0	0	0	0	0
test4910	went with the expectations of horrible experience because of the reviews but it wasn so bad	test	0	0	0	0	0	0	0	0
test4911	the facilities were nice but the areas of concern are the lighting in the rooms and restaurants too dark the service at the hotel was put off ish passing the buck	test	1	0	0	0	0	0	1	1
test4912	for better time take stomach medicine and your own towels	test	0	0	0	0	0	0	0	0
test4913	would return	test	0	0	0	0	0	0	0	0
test4914	one of the best hilton hotels	test	0	0	1	0	0	0	0	0
test4915	this is really one of the best hilton hotels we have ever stayed at	test	0	0	1	0	0	0	0	0
test4916	we have been to this hotel twice now and on both occasions the service was exceptional and the food excellent	test	0	1	0	0	0	0	0	1
test4917	the staff seem extremely well trained and are very knowledgeable and friendly	test	0	0	0	0	0	0	0	1
test4918	we are definitely looking for an excuse to visit dallas again and pamper ourselves at the hilton dallas lincoln centre	test	0	0	1	0	0	0	0	0
test4919	they won us over	test	0	0	0	0	0	0	0	0
test4920	we weren sure about this hotel at first it needs bit of tlc and lick of paint in some areas but the staff made it for us	test	0	0	0	0	0	0	0	1
test4921	we didn see one rude member of staff all were very friendly and helpful	test	0	0	0	0	0	0	0	1
test4922	the hotel is extremely well located and being on the fourth floor we didn hear any noise at all even though barcelona had just won the league and the streets were alive with cheering mobs of football fans when we arrived	test	0	0	1	1	0	0	0	0
test4924	lean and good location but aimed at gay community	test	0	0	0	1	0	0	0	0
test4926	the room was comfortable but small	test	0	0	0	0	0	0	1	0
test4927	we believe they cater for gay market whilst this does not bother us at all we did find the explicit gay pornography left in the common areas offensive and gave the hotel seedy element	test	0	0	1	0	0	0	0	0
test4928	we would feel the same way about heterosexual material being availabe in the same way	test	0	0	0	0	0	0	0	0
test4929	would not stay there again based on this	test	0	0	1	0	0	0	0	0
test4930	loved the dumont we have just returned from nights at the affinia dumont	test	0	0	1	0	0	0	0	0
test4931	we stayed in wonderful bedroom suite we had decided to treat ourselves and it was well worth the extra money the rooms are huge	test	0	0	0	0	0	0	1	0
test4932	we asked for room on high floor and was allocated room on the th floor with lovely view over the river	test	0	0	0	0	1	0	0	0
test4933	cannot find anything to complain about other than receiving bill for minibar items which we had not had however on booking out this was dealt with and the charge was deducted from our bill	test	1	0	0	0	0	0	0	0
test4934	lovely hotel in great location and if we visit new york again we would not hesitate to stay here	test	0	0	1	1	0	0	0	0
test4935	totally awesome	test	0	0	1	0	0	0	0	0
test4936	even though we arrived early in the morning am and our stay was short the hotel room was totally awesome	test	0	0	0	0	0	0	1	0
test4937	it was like being at home	test	0	0	1	0	0	0	0	0
test4938	only we didn have to make the beds	test	0	0	0	0	0	1	0	0
test4939	lol	test	0	0	0	0	0	0	0	0
test4940	lolwould will recommend the sandman signature hotel to all thank you and we ll see you again soon	test	0	0	1	0	0	0	0	0
test4941	ifa was great	test	0	0	1	0	0	0	0	0
test4942	better then we expected	test	0	0	1	0	0	0	0	0
test4943	good place to stay	test	0	0	1	0	0	0	0	0
test4944	room in village area	test	0	0	0	0	0	0	1	0
test4945	great hotel just returned from this hotel great staff funky rooms good location	test	0	0	1	1	0	0	1	1
test4946	we didn find it noisy at all	test	0	0	1	0	0	0	0	0
test4947	rooftop pool small but nicely done	test	1	0	0	0	0	0	0	0
test4948	we will return and advise others to go	test	0	0	0	0	0	0	0	0
test4949	little restaurant on the same road la provenca superb food and incredibly good value	test	0	0	1	1	0	0	0	0
test4950	my favorite home away from home have stayed several times in the charming seven bridges hotel and can recommend it to anybody who likes to have tast of an old amsterdam canal house	test	0	0	1	0	0	0	0	0
test4951	it is charming and very well furnished	test	0	0	1	0	0	0	0	0
test4952	although not inexpensive it is worth visit	test	0	0	1	0	0	0	0	0
test4953	with kind regards gerry winters	test	0	0	0	0	0	0	0	0
test4954	intimate hotel with great service	test	0	0	1	0	0	0	0	1
test4955	the chesterfield mayfair remains my favourite hotel in london	test	0	0	1	0	0	0	0	0
test4956	the location is fantastic	test	0	0	0	1	0	0	0	0
test4957	the hotel is intimate and very british	test	0	0	1	0	0	0	0	0
test4958	the staff especially the concierge chris go above and beyond the call of duty to make you feel welcome	test	0	0	0	0	0	0	0	1
test4960	comfort inn condado	test	0	0	0	0	0	0	0	0
test4961	this hotel is worth every penny	test	0	0	1	0	0	0	0	0
test4962	you are walking distance to the beach shopping and very very good food	test	0	1	0	1	0	0	0	0
test4963	this is my favorite neighborhood	test	0	0	0	0	0	0	0	0
test4964	great hotel experience stayed six nights and had great time	test	0	0	1	0	0	0	0	0
test4965	hotel staff were excellent	test	0	0	0	0	0	0	0	1
test4966	room was spacious and two queen beds were so comfortable	test	0	0	0	0	0	1	1	0
test4967	location was just perfect everything within walking distance	test	0	0	0	1	0	0	0	0
test4968	will stay at this hotel whenever am in hk and would recommend it without hesitation	test	0	0	1	0	0	0	0	0
test4969	never stay here	test	0	0	1	0	0	0	0	0
test4970	whew this place was bad	test	0	0	1	0	0	0	0	0
test4971	the pool had such scum on it that wouldn let my kids in it the whole place smelled and in the middle of the night drunken guests called my room and made obscene comments	test	1	0	0	0	0	0	1	0
test4972	was literally scared of this place and when reported it to the desk they just said they couldn stop the calls because they were coming from within the building	test	0	0	1	0	0	0	0	0
test4973	sounds like the beginning of teen horror movie doesn it	test	0	0	0	0	0	0	0	0
test4974	lean and convenient	test	0	0	0	0	0	0	0	0
test4975	stayed here along with bunch of my girlfriends for my bachelorette party and was very pleased with the service and overall experience at this hotel	test	0	0	1	0	0	0	0	1
test4976	we had one bedroom suite full kitchen which was great	test	0	0	0	0	0	1	1	0
test4977	there are no restaurants on site but many nearby	test	0	0	0	1	0	0	0	0
test4978	you will not be dissapointed if you stay here	test	0	0	1	0	0	0	0	0
test4979	bit expensive but worth it	test	0	0	1	0	0	0	0	0
test4980	the hotel is located right in the ostbahnhof so very good location for getting around the city and out of the city	test	0	0	0	1	0	0	0	0
test4981	it is bit expensive but if you take into consideration that you get good breakfast included and free transportation on all the bahns bahns and busses it is worth it	test	1	1	1	0	0	0	0	0
test4982	you just go downstairs and the train station and the bahn is just down there	test	0	0	0	1	0	0	0	0
test4983	also mall with all kinds of restaurants and shops	test	1	0	0	0	0	0	0	0
test4984	uld not have been more pleased	test	0	0	0	0	0	0	0	0
test4985	after relying on trip advisor once again we booked day stay at iberville suites and could not have been more pleased the location is perfect block from bourbon street and all the action but the quietest hotel we have ever stayed in	test	0	0	1	1	0	0	0	0
test4986	all of the employees we came in contact with were extremely friendly and helpful	test	0	0	0	0	0	0	0	1
test4987	the breakfast is fine but of course one day you ll want to go to cafe dumond for those amazing beignets	test	0	1	0	0	0	0	0	0
test4988	the rooms are very very clean and it truly is suite separate sitting area tvs etc	test	0	0	0	0	0	1	1	0
test4989	we would most definitely return	test	0	0	1	0	0	0	0	0
test4990	notch in the capital	test	0	0	1	0	0	0	0	0
test4991	our stay at hotel was delight from the time we walked in the front entrance to our departure	test	0	0	1	0	0	0	0	0
test4992	all the staff were very polite attentive and seemed to take genuine pleasure in meeting all our needs and indeed exceeding our expectations with all the special touches that made our stay memorable	test	0	0	0	0	0	0	0	1
test4993	the rooms were of the highest standard and the attention to detail in ensuring our comfort was delightful	test	0	0	0	0	0	0	1	0
test4994	we went to celebrate my fortieth birthday and will remember hotel for all the right reasons for many years to come	test	0	0	0	0	0	0	0	0
test4995	we wil definately be returning in the future and have no hesitation in recommending this haven to others	test	0	0	1	0	0	0	0	0
test4996	lovely hotel wanted great hotel in amsterdam with pool for leisure stay	test	0	0	1	0	0	0	0	0
test4997	the amstel was the most fantastic place to stay cost an arm and leg but worth it if you can afford it	test	0	0	1	0	0	0	0	0
test4998	great room food service nothing at all to complain about	test	0	1	0	0	0	0	1	1
test4999	was little worried about the distance from the centre of amsterdam but needn have been the trams are fast and frequent and even to walk	test	0	0	0	1	0	0	0	0
test5000	isn that bad	test	0	0	0	0	0	0	0	0
test5002	loved the langham our family stayed at the langham for days	test	0	0	1	0	0	0	0	0
test5003	the location was excellent and conveniently located near the ferries and lots of shopping	test	0	0	0	1	0	0	0	0
test5004	isn that why you go to hong kong	test	0	0	0	0	0	0	0	0
test5005	the hotel was very clean and the staff was very attentive	test	0	0	1	0	0	0	0	1
test5006	very luxurious hotel	test	0	0	1	0	0	0	0	0
test5007	the restaurant buffet was delicous	test	0	1	0	0	0	0	0	0
test5008	great hotel staff and location we stayed at the hotel st marie in early april	test	0	0	1	1	0	0	0	1
test5009	we were there with reunion of marines from baker co who fought in the korean war	test	0	0	0	0	0	0	0	0
test5010	the hotel surpassed our expectations very clean and convenient to everything in the french quarter	test	0	0	1	0	0	0	0	0
test5011	the entire staff from timothy lawrence general manager to the bell men were more than pleasant and helpful	test	0	0	0	0	0	0	0	1
test5012	would definitely choose to stay there again	test	0	0	1	0	0	0	0	0
test5013	still my favourite but this is definately my favourite hotel in paris considering my budget great location friendly staff surprising design features nice rooms clever lay out but we were lucky	test	0	0	1	1	0	0	1	1
test5014	friends travelling with us stayed in the same hotel at the same rate but didn really get what we got	test	0	0	0	0	0	0	0	0
test5015	they walked into really tiny and little run down room and the bathroom was very tiny and didn feel clean	test	0	0	0	0	0	0	0	0
test5016	so picking this hotel is like playing the lottery	test	0	0	1	0	0	0	0	0
test5017	you can get lucky like we did or you can be less lucky like our friends	test	0	0	0	0	0	0	0	0
test5018	lived up to expectations	test	0	0	0	0	0	0	0	0
test5019	there is no point repeating the comments on other reviews	test	0	0	0	0	0	0	0	0
test5020	the hotel is clean comfortable and the staff are excellent	test	0	0	1	0	0	0	0	1
test5021	ask for room away from the front of the hotel as the street is noisy early in the morning	test	0	0	0	0	0	0	1	0
test5022	it seems local properties receive deliveries from approxiamately am	test	0	0	0	0	0	0	0	0
test5023	the outside bar courtyard area and additional garden at the back of the hotel are very quiet and relaxing	test	1	0	0	0	0	0	0	0
test5024	would stay there again and again have been to amsterdam half dozen times in the last few years and seven bridges is where will stay the next time and the time after that	test	0	0	1	0	0	0	0	0
test5025	the location is nearly unbeatable	test	0	0	0	1	0	0	0	0
test5026	the view from canal side rooms is unbeatable	test	0	0	0	0	0	0	1	0
test5027	the rooms are charming spotless and spacious	test	0	0	0	0	0	0	1	0
test5028	the price was right	test	0	0	1	0	0	0	0	0
test5029	have paid lot more for standard amsterdam charmless fare but won again	test	0	0	0	0	0	0	0	0
test5030	lovely place to stay lovely place to stay	test	0	0	1	0	0	0	0	0
test5031	after reading the reviews on tripadvisor my girl friend and decided to go for this hotel	test	0	0	1	0	0	0	0	0
test5032	the staff were very helpful with everything our hearts desired calling cab giving us directions carrying our bags up to the room and down again when we left the breakfast was treat the rooms were very romantic and clean and the location was superb	test	0	1	0	1	0	0	1	1
test5033	all in all charming hotel with little flair of luxury	test	0	0	1	0	0	0	0	0
test5034	great for young couples on romantic visit to paris	test	0	0	1	0	0	0	0	0
test5035	very special place had done lot of research into hotels in venice and with the help of the reviews on tripadvisor	test	0	0	1	0	0	0	0	0
test5036	booked my girlfriend and into the hotel al ponte	test	0	0	1	0	0	0	0	0
test5037	we stayed at the hotel for nights and can honestly say that it was one of the best hotel we have ever stayed in	test	0	0	1	0	0	0	0	0
test5038	the rooms were extremely clean and very comfortable	test	0	0	0	0	0	0	1	0
test5039	the hosts we helpful and attentive at all times without being pushy the location of this hotel is brilliant close to everything yet far enough away to enjoy walk through the streets of venice to the main sights	test	0	0	0	1	0	0	0	1
test5040	would recommend the hotel to anyone and its value for money is an added bonusthank you to walter sandro and their staff	test	0	0	1	0	0	0	0	0
test5041	mfortable accommodations great location	test	0	0	1	1	0	0	0	0
test5042	the hotel staff was courteous and friendly	test	0	0	0	0	0	0	0	1
test5043	accommodated our every wish	test	0	0	0	0	0	0	0	0
test5044	the location is great close to shopping and dining	test	0	0	0	1	0	0	0	0
test5045	great value for the money	test	0	0	1	0	0	0	0	0
test5046	get more than you pay for	test	0	0	1	0	0	0	0	0
test5047	this is very nice hotel in the middle of everything	test	0	0	1	1	0	0	0	0
test5048	the service was great	test	0	0	0	0	0	0	0	1
test5049	the room was great	test	0	0	0	0	0	0	1	0
test5050	the price was great	test	0	0	1	0	0	0	0	0
test5051	wonderful staff but little tired looking	test	0	0	0	0	0	0	0	1
test5052	we have just returned from night stopover at the regent en route from australia	test	0	0	1	0	0	0	0	0
test5053	the staff and service at the regent cannot be faulted but we were disappointed to hear upon our arrival that the pool was closed for renovations	test	1	0	0	0	0	0	0	1
test5054	not the best news for our daughters who were eager to swim after the flight	test	0	0	0	0	0	0	0	0
test5055	the hotel has arranged for guests to use the pool at the hotel next door but whilst better than nothing this was not terribly convenient	test	1	0	0	0	0	0	0	0
test5056	the hotel offers quiet refuge just off busy orchard rd but is showing its age and looks like it needs rehaul	test	0	0	1	0	0	0	0	0
test5057	be wary	test	0	0	1	0	0	0	0	0
test5058	stayed for four nights on business trip and was impressed with the size of the room etc	test	0	0	1	0	0	0	1	0
test5059	however found there was some rather foul stains females staying along do not make marks like that on the duvet cover which obviously had not been washed told the hotel staff and it was rectified	test	0	0	0	0	0	1	1	1
test5060	but received no apology etc	test	0	0	0	0	0	0	0	1
test5061	really not acceptable in hotel aiming to be top tier and fairly disgusting	test	0	0	1	0	0	0	0	0
test5062	so check your bedsheets before climbing into bed there	test	0	0	0	0	0	0	0	0
test5063	an enjoyable hotel stayed here recently while attending activites at ucla	test	0	0	1	0	0	0	0	0
test5064	the hotel was well managed and charming with clean soft modern feel	test	0	0	1	0	0	0	0	0
test5065	regarding location it would be difficult to do much better as everything is quite close including the getty	test	0	0	0	1	0	0	0	0
test5066	this hotel of course would not be good pick for someone seeking high energy or party atmosphere	test	0	0	1	0	0	0	0	0
test5067	it was relaxing and enjoyable place to spend time in los angeles	test	0	0	1	0	0	0	0	0
test5068	an wait until we can afford to visit again	test	0	0	1	0	0	0	0	0
test5069	we stayed in the king bed with jacuzzi suite	test	0	0	1	0	0	0	0	0
test5070	wonderful room	test	0	0	0	0	0	0	1	0
test5071	the jacuzzi is huge	test	0	0	0	0	0	1	0	0
test5072	just remember to bring your bubble bath mixture with you	test	0	0	0	0	0	0	0	0
test5073	the service was excellent and we were made to feel very welcome	test	0	0	0	0	0	0	0	1
test5074	fantastic stay	test	0	0	1	0	0	0	0	0
test5075	this is the only place to stay in seattle	test	0	0	1	0	0	0	0	0
test5077	very clean and excellent service	test	0	0	1	0	0	0	0	1
test5078	clean room great location excellent price	test	0	0	1	1	0	0	1	0
test5079	was entirely satisfied with my stay at the prince conti	test	0	0	1	0	0	0	0	0
test5080	was shocked to find safe and clean room at price as low as the prince conti midweek rates	test	0	0	1	0	0	0	1	0
test5081	while the hotel may lack some of the amenities of the star new orleans hotels it is still an ideal place to catch your breath before heading back out to the quarter or the faubourg marigny	test	0	0	0	0	0	0	0	0
test5082	it is clean comfortable and affordable	test	0	0	1	0	0	0	0	0
test5084	we stayed at this hotel for three nights in total	test	0	0	1	0	0	0	0	0
test5085	the first on our arrival in phoenix prior to our driving tour round and were so impressed we reserved room for the nights prior to flying back out of phoenix to holland	test	0	0	0	0	0	0	0	0
test5086	everything was clean the staff were unbelievably friendly and helpful from giving us milk at am to help us sleep as we were jet lagged to arranging the shuttle bus to take us to mills avenue so we could go for night on the town having toured round for two weeks	test	0	0	1	0	0	0	0	1
test5087	the amenities and service here were not beaten along our travels high speed internet breakfast pool spa vending machines fridge microwave	test	1	1	0	0	0	1	0	1
test5090	the hotel was centrally located	test	0	0	0	1	0	0	0	0
test5091	rooms were clean and good size	test	0	0	0	0	0	0	1	0
test5092	would recommend it as good bargain for the money	test	0	0	1	0	0	0	0	0
test5093	great location and friendly hotel	test	0	0	1	1	0	0	0	0
test5094	chose this hotel mainly due to location as was taking my mum who can walk so far but it was great choice alround	test	0	0	0	1	0	0	0	0
test5095	we were upgraded to one of the new apartments which was great and the staff were all friendly and helpful	test	0	0	0	0	0	0	0	1
test5096	breakfast is very good and the light snacks in the roof bar are excellent plus the open terrace is great location to sit and have glass of wine and admire the view	test	1	1	0	0	0	0	0	0
test5097	very good location and close to some very good restaurants	test	0	0	0	1	0	0	0	0
test5098	would recommend if you want to be in the heart of the city	test	0	0	1	0	0	0	0	0
test5099	excellent booked this hotel couple of months in advance due to travelling to diferrent places in america	test	0	0	1	0	0	0	0	0
test5100	on entering the hotel was already lost due to had to go to the th floor to check in	test	0	0	1	0	0	0	0	0
test5101	checking in was very easy and the people in the hotel very helpful on where to go what to see and what lines to take on the trains etcon entering the room was gobsmacked very spacious clean and the view was incredible rd floor overall cannot rate this hotel highly enough due to	test	0	0	1	0	0	0	1	1
test5102	you are bang in the centre of times	test	0	0	0	0	0	0	0	0
test5103	would centainly stay there again and recommend to any	test	0	0	1	0	0	0	0	0
test5104	vacationing at the melia	test	0	0	0	0	0	0	0	0
test5105	think again	test	0	0	0	0	0	0	0	0
test5106	the melia caribe being star hotel has very poor service and over rated food	test	0	1	1	0	0	0	0	1
test5107	there not much to do during the day and no night entertainment that is worth watching	test	0	0	0	0	0	0	0	0
test5108	clubs are practically dead and the resort is extremely large which makes it bit inconvenient	test	1	0	1	0	0	0	0	0
test5109	there are better places in nola good conference rooms for large group	test	1	0	1	0	0	0	0	0
test5110	but the hotel can not handle it when it comes to house keeping	test	0	0	1	0	0	0	0	0
test5111	the bar was really bad	test	1	0	0	0	0	0	0	0
test5112	we had to find some place else to go because the service was so poor	test	0	0	0	0	1	0	0	0
test5113	when to comes to nola service this place was not what you would expect	test	0	0	0	0	0	0	0	1
test5114	loved the hotel alessandra	test	0	0	1	0	0	0	0	0
test5115	great hotel very friendly staff great location in florence	test	0	0	1	1	0	0	0	1
test5116	andrea at the front desk was very helpful and knowledgeable	test	0	0	0	0	0	0	0	1
test5117	she helped us book last minute wine tour of tuscany that turned out to be fabulous	test	0	0	0	0	0	0	0	0
test5118	breakfast was great and the service was wonderful	test	0	1	0	0	0	0	0	1
test5119	would return to this hotel	test	0	0	1	0	0	0	0	0
test5120	hotel hosts make the stay excellent	test	0	0	1	0	0	0	0	0
test5121	the hosts at the hotel barbara and emmanuelle made our visit like staying with family	test	0	0	0	0	0	0	0	1
test5122	they were extremely helpful with restaraunt suggestions	test	0	0	0	0	0	0	0	1
test5123	they also have nice breakfast	test	0	1	0	0	0	0	0	0
test5124	it was pleasure having an after dinner drink and talking with them each evening	test	0	1	0	0	0	0	0	0
test5125	fantastic hotel fantastic city planned four week vacation to australia and found trip advisor to be totally helpful to me felt like should share my experience	test	0	0	1	0	0	0	0	0
test5126	hotel is great great location really comfortable beds especially after flight from the uk	test	0	0	1	1	0	1	0	0
test5127	darling harbour is great for restaurants and bars and hotel is within mins walk	test	0	0	0	1	0	0	0	0
test5128	go to the blue mountains in sydney and use oz trails for the trip superb	test	0	0	0	0	0	0	0	0
test5129	have great trip	test	0	0	0	0	0	0	0	0
test5130	beautiful views stayed here for days on recent visit to sydney	test	0	0	1	0	0	0	0	0
test5131	the location is excellent definitely the best part of sydney for tourists	test	0	0	0	1	0	0	0	0
test5132	loads of really good restaurants and bars spoilt for choice	test	0	0	0	1	0	0	0	0
test5133	the hotel was absolutely fine good sized room comfortable and clean	test	0	0	1	0	0	0	1	0
test5134	worth getting room with view of the harbour it does add to the holiday atmosphere	test	0	0	0	0	0	0	1	0
test5135	great transit hotel	test	0	0	1	0	0	0	0	0
test5136	this hotel is short trip from the airport and free shuttle was available	test	1	0	0	1	0	0	0	0
test5137	the rooms are spacious clean and modern	test	0	0	0	0	0	0	1	0
test5138	the staff are attentive and efficient	test	0	0	0	0	0	0	0	1
test5139	great place for no fuss transit stop through hong kong	test	0	0	0	1	0	0	0	0
test5140	fantastic entertainment team	test	0	0	0	0	0	0	0	0
test5141	we have vacation in magestic colonial punta cana for week in july it was fantastic	test	0	0	1	0	0	0	0	0
test5142	this hotel is beautiful clean and the peoples are very friendly specially animation team sandy was very friendly and make us feel like family	test	0	0	1	0	0	0	0	1
test5143	all the team was fantastic ivellise melvin leo maciel nina pablo bolivar teresa walter jesus francisco they are all lovely persons and make the hotel unique	test	0	0	0	0	0	0	0	1
test5144	the food is great you can choose from different restaurant	test	0	1	0	0	0	0	0	0
test5145	the shows at night are very entertaiment	test	0	0	1	0	0	0	0	0
test5146	star stayed at the american hotel at the start of april will never go back	test	0	0	1	0	0	0	0	0
test5147	this hotel is advertised as five star	test	0	0	1	0	0	0	0	0
test5148	would give it one star	test	0	0	1	0	0	0	0	0
test5149	do not get room on the first floor room smelt of damp rubbish bed crap decor badly in need of complete overhaul from ceiling to floor	test	0	0	0	0	0	1	1	0
test5150	after complaining got moved to two star room we are going back to amsterdam but not to this hotel	test	0	0	1	0	0	0	0	0
test5151	good deal typical downtown hotel	test	0	0	1	0	0	0	0	0
test5152	close to shopping and dining but also close to busy firebrigade	test	0	0	0	1	0	0	0	0
test5153	our room was quite small but clean and neat	test	0	0	0	0	0	0	1	0
test5154	staff was helpfull	test	0	0	0	0	0	0	0	1
test5155	good budget deal	test	0	0	1	0	0	0	0	0
test5156	loved the hotel de varenne	test	0	0	1	0	0	0	0	0
test5157	this was wonderful and cute hotel with great staff	test	0	0	1	0	0	0	0	1
test5158	the rooms were immaculate the breakfast was great and the little courtyard so nice	test	1	1	0	0	0	0	1	0
test5159	location was quiet close to embassys federal buildings but also museum rodin and hotel de invalides were around the corner from the hotel as well as the metro	test	0	0	0	1	0	0	0	0
test5160	would recommend this hotel anyday	test	0	0	1	0	0	0	0	0
test5161	wonderful restoration restored hotel in the pioneer square section of seattle this little gem was delightful	test	0	0	1	0	0	0	0	0
test5162	rooms are small but clean and tasteful	test	0	0	0	0	0	0	1	0
test5163	the only thing better was the hotel staff	test	0	0	0	0	0	0	0	1
test5164	they were extremely helpful professional and knowledgeable about the area	test	0	0	0	0	0	0	0	1
test5165	all their recommendations were on the mark would definitely return	test	0	0	1	0	0	0	0	0
test5166	lovely hotel in convenient location this hotel is conveniently located to the train station and all the key sites	test	0	0	1	1	0	0	0	0
test5167	we walked every where	test	0	0	0	0	0	0	0	0
test5168	the hotel and breakfast room were lovely	test	1	0	1	0	0	0	0	0
test5169	if noise is problem definitely ask for room away from the street	test	0	0	0	0	0	0	1	0
test5170	the hotel staff are friendly and helpful the rooms are lovely as are the baths and the amenities	test	0	0	0	0	0	1	1	1
test5172	one annoying problem	test	0	0	0	0	0	0	0	0
test5173	staff	test	0	0	0	0	0	0	0	0
test5174	ve stayed at hotels with decent staff these staff were the best	test	0	0	0	0	0	0	0	1
test5175	halls very hot	test	0	0	0	0	0	0	1	0
test5176	but there was air condition in room	test	0	0	0	0	1	0	0	0
test5177	must visit	test	0	0	0	0	0	0	0	0
test5179	the rooms are pretty old but clean	test	0	0	0	0	0	0	1	0
test5180	the location is excellent just few blocks from union square and market street	test	0	0	0	1	0	0	0	0
test5181	it pretty bare bones	test	0	0	0	0	0	0	0	0
test5182	but was very happy with what got for the money	test	0	0	1	0	0	0	0	0
test5183	the family that runs the place is very friendly and they gave me very helpful tips for shopping car rental etc so make sure to ask them if you plan to go out and buy anything	test	0	0	0	0	0	0	0	1
test5185	this is very clean and comfortable hotel right in the center of madrid	test	0	0	1	1	0	0	0	0
test5186	the bathroom was very nice for european standards	test	0	0	0	0	0	0	1	0
test5187	most spanish hotels ve stayed in do not offer double beds this is no exception	test	0	0	0	0	0	0	1	0
test5188	the breakfast is nice but not bargain	test	0	1	0	0	0	0	0	0
test5190	stay here	test	0	0	0	0	0	0	0	0
test5191	this was terrific hotel in all respects great location fabulous service and well appointed rooms we got upgraded to suite which was lovely very quiet and spacious	test	0	0	1	1	0	0	1	1
test5192	everything from our arrival to departure went smoothly	test	0	0	0	0	0	0	0	0
test5193	was surprised to see that the aaa rating on this hotel along with many others in new orleans was only stars	test	0	0	1	0	0	0	0	0
test5194	would have rated it higher and very picky about hotel accomodations	test	0	0	1	0	0	0	0	0
test5195	will definitely recommend this hotel to friends and stay again when return to new orleans	test	0	0	1	0	0	0	0	0
test5196	great location have now stayed here twice	test	0	0	1	1	0	0	0	0
test5197	the hotel represents good value for nyc and has an excellent health centre and pool	test	1	0	1	0	0	0	0	0
test5198	other public areas are also impressive	test	1	0	0	0	0	0	0	0
test5199	its location is spot on for sightseeing and accessing the subway	test	0	0	0	1	0	0	0	0
test5200	rooms are average in size yet well appointed and are spotlessly clean	test	0	0	0	0	0	0	1	0
test5201	solid choice	test	0	0	1	0	0	0	0	0
test5202	sleep on cloud	test	0	0	0	0	0	0	0	0
test5203	this is my second stay at the angeleno hotel in brentwood	test	0	0	1	0	0	0	0	0
test5204	while the rooms are ok for stylish hotel it is the bed and bedding that makes staying here pleasure	test	0	0	0	0	0	1	1	0
test5205	the linen is soft and the mattress and duvet cover are heavenly	test	0	0	0	0	0	1	0	0
test5206	the hotel staff is courteous and helpful and room service is prompt	test	0	0	0	0	0	0	0	1
test5207	ral plaza not really	test	0	0	0	0	0	0	0	0
test5208	don be mislead by the addrerss it is not central	test	0	0	0	1	0	0	0	0
test5209	to anywhere and mins at least to get anywhere in town	test	0	0	0	0	0	0	0	0
test5210	hotel itself very nice modern good food very nice staff	test	0	1	1	0	0	0	0	1
test5211	heating and lighting could be better	test	0	0	1	0	0	0	0	0
test5212	took tours by grayline excellent	test	0	0	0	0	0	0	0	0
test5213	we had our things stolen in our room	test	0	0	0	0	0	0	1	0
test5214	the hotel was aweful the room door joke	test	0	0	1	0	0	0	1	0
test5215	we had merely arrived and left the hotel room for only one hour to have diner	test	0	0	0	0	0	0	0	0
test5216	when we got back somebody had broken into our room and had stolen our camera phone mp player among other things	test	0	0	0	0	0	0	1	0
test5217	avoid this hotel even if it is the last available room in the whole of barcelona	test	0	0	1	0	0	0	0	0
test5218	loved the location just came back from spending new years in nyc	test	0	0	0	1	0	0	0	0
test5219	the marquis was the best hotel to be at for new year eve	test	0	0	1	0	0	0	0	0
test5220	we were allowed exclusive access to times square for the ball drop at midnight	test	0	0	1	0	0	0	0	0
test5221	our room key was our key to times square that evening	test	0	0	0	0	0	0	1	0
test5222	we couldn cross broadway without it	test	0	0	0	0	0	0	0	0
test5223	loved the marriott marquis was bit unsure about this location due to the possibility of noise	test	0	0	1	1	0	0	0	0
test5224	we had room on the th floor	test	0	0	0	0	0	0	1	0
test5225	it was very quiet and we have no complaints	test	0	0	0	0	0	0	1	0
test5226	everything exceeded our expectations	test	0	0	1	0	0	0	0	0
test5227	the only negative would be that it took more time that it should have at check in	test	0	0	1	0	0	0	0	0
test5228	hotel in los angeles	test	0	0	0	0	0	0	0	0
test5229	upon reading the glowing reviews for the magic castle hotel decided to book nights	test	0	0	1	0	0	0	0	0
test5230	upon check in the clerk informed me that we had been upgraded to suite and that it was one of the newly refurnished rooms	test	0	0	0	0	0	0	1	0
test5231	well if room is newly refurnished room would have hated to see what the others looked like	test	0	0	0	0	0	0	1	0
test5232	the carpeting was stained there were holes and cracks all over the bathroom wall and there was large black mark in the tub	test	0	0	0	0	0	1	1	0
test5233	granted the location is good however if knew that the rooms looked like this would have gone to the roosevelt	test	0	0	0	1	0	0	0	0
test5235	excellent service friendly staff good food	test	0	1	0	0	0	0	0	1
test5236	great atmosphere in the room	test	0	0	0	0	0	0	1	0
test5237	treated like royalty and they were extremely kind to my yr old boy	test	0	0	0	0	0	0	0	1
test5238	will not be staying anywhere else in seattle	test	0	0	0	0	0	0	0	0
test5239	smiley restaurant	test	0	0	0	0	0	0	0	0
test5240	we didn stay at the hotel but ate at the attached restaurant	test	0	0	0	0	0	0	0	0
test5241	it was by far the best meal we had in rincon	test	0	1	0	0	0	0	0	0
test5242	the atmosphere is very romantic and the service was great	test	1	0	0	0	0	0	0	1
test5243	our meal took little longer because of big party and the waiter bought our drinks	test	0	0	0	0	0	0	0	0
test5244	would recommend this to anyone looking for more romantic night out	test	0	0	1	0	0	0	0	0
test5245	be careful hotel was ok had problem with room lack of water hot cold also had small ant infestation	test	0	0	1	0	0	0	1	0
test5246	hotel opened up resources to outsiders on weekends so you spent your time waiting to be served or dodging children in pools	test	0	0	0	0	0	0	0	1
test5247	also observed staff taking cutlery from one dining table which just finished and placing it on another not too hygenic made sure to wash utensils before using	test	0	1	0	0	0	0	0	0
test5248	hotel and staff very pleasant	test	0	0	1	0	0	0	0	1
test5249	hotel was rated when went as star to me it is star at best	test	0	0	1	0	0	0	0	0
test5250	awesome time just returned from my vacation and had fantastic time	test	0	0	1	0	0	0	0	0
test5251	the weather was really nice and the grounds where immaculate	test	0	0	0	0	0	0	0	0
test5252	the dominicains are some of the friendliest people you could ever meet	test	0	0	0	0	0	0	0	0
test5253	if someone has already planned their trip to the palladium and going there shortly and would like some tips or advice on where to go and which restaurants are the best send me an email and would be happy to help	test	0	0	0	0	0	0	0	0
test5254	you can reach me at hermosoazulojos yahoo ca	test	0	0	0	0	0	0	0	0
test5255	hope to hear from you	test	0	0	0	0	0	0	0	0
test5256	perfect for family reunion and th absolutely loved this hotel	test	0	0	1	0	0	0	0	0
test5257	the staff were friendly the rooms were superb location was fantastic and the free wine is nice touch	test	0	1	0	1	0	0	1	1
test5258	went there with my husband and my parents to meet up with my sister and her husband who had been travelling for months	test	0	0	0	0	0	0	0	0
test5259	plus it was my sister th	test	0	0	0	0	0	0	0	0
test5260	it cater to all of our differing needs and tastes and we were sorry to leave highly recommended	test	0	0	1	0	0	0	0	0
test5261	great location stayed in this hotel in jan for three nights you could not wish for better location everything is within reasonable walking distance and for those who don like to walk there is tram stop directly outside the hotel	test	0	0	1	1	0	0	0	0
test5262	my room was small but clean with tv and tea coffee making facilities and safe big enough for laptop	test	0	0	0	0	0	1	1	0
test5263	the bathroom was fine with good shower	test	0	0	0	0	0	1	1	0
test5264	did not eat in the restaurant as their is plenty of choice in amsterdam the bar is expensive but pleasant enough place to meet up or finnish the night	test	1	0	0	0	0	0	0	0
test5265	the staff were friendly and helpfull would stay here again	test	0	0	0	0	0	0	0	1
test5266	great little inn	test	0	0	0	0	0	0	0	0
test5267	this great little inn proved to be in perfect location	test	0	0	0	1	0	0	0	0
test5268	not only was it two blocks from the beach it was convenient to santa monica and la	test	0	0	0	1	0	0	0	0
test5269	the courtyard was quaint the rooms kept spotless and the staff very accomodating	test	0	0	1	0	0	0	1	1
test5270	would recommend the inn at venice to anyone staying in the area	test	0	0	1	0	0	0	0	0
test5271	good location passive agressive service	test	0	0	0	1	0	0	0	1
test5272	the location is terrific block from cable car blocks from union square	test	0	0	0	1	0	0	0	0
test5273	the room is well decorated though noisy and on small side	test	0	0	0	0	0	0	1	0
test5274	upstairs concierge do not say hello used the speaker phone to talk to the returns department at macy spare me	test	0	0	0	0	0	0	0	1
test5275	my request for missing newspaper was answered with it ll get here	test	1	0	0	0	0	0	0	0
test5276	the breakfast area was tastefully decorated with smelly garbage bags the day after christmas	test	1	0	0	0	0	0	0	0
test5278	this hotel had all the conveniences of home	test	0	0	1	0	0	0	0	0
test5279	including free dinner and beer wine reception in the evening	test	0	1	0	0	0	0	0	0
test5280	well worth the money spent	test	0	0	1	0	0	0	0	0
test5281	will definitely be back	test	0	0	1	0	0	0	0	0
test5282	john and nessie on our honeymoon	test	0	0	0	0	0	0	0	0
test5283	we arrived tuesday afternoon on our honeymoon to be greeted by very friendly staff we had lovely fresh fruit brought to the room on arrival we asked to change the room for one where we could see and hear the sea no problem very helpfull	test	0	0	0	0	0	0	0	1
test5284	the beach is supurb like the bounty advert lovely warm sea very safe to wonder around plenty of sun loungers and parasoles for shade the food is very good plenty of choice breezes is very clean and kept clean hotel the staff are very pleasent and very helpful we would recommend taking box of pg tips and couple of bars of cadburys and any other required pleasures that can be bought out there you will be ripped off buying things in the hotel	test	0	1	1	0	0	0	0	1
test5285	the country side is very plush and green breath taking scenery and well worth taking an excursion out and experiencing the local culture	test	0	0	1	0	0	0	0	0
test5286	to sum up we had the most wonderful time and highly recommend visit	test	0	0	1	0	0	0	0	0
test5287	love ness john	test	0	0	0	0	0	0	0	0
test5288	quirky but tiny rooms	test	0	0	0	0	0	0	1	0
test5289	overall liked the mosser	test	0	0	1	0	0	0	0	0
test5290	nice quirky modern furniture and comfortable beds	test	0	0	0	0	0	1	0	0
test5291	the rooms were tiny though	test	0	0	0	0	0	0	1	0
test5292	it was almost impossible to wash my face in the sink without getting my feet wet	test	0	0	0	0	0	1	0	0
test5293	still good value for money also considering the very central location	test	0	0	1	1	0	0	0	0
test5295	we stayed there during christmas	test	0	0	1	0	0	0	0	0
test5296	smallish room but very comfortable and well designed	test	0	0	0	0	0	0	1	0
test5297	exceptionally helpful staff	test	0	0	0	0	0	0	0	1
test5300	wonderful hotel very romantic this hotel is one of the best hotels have ever stayed in	test	0	0	1	0	0	0	0	0
test5301	it is absolutely charming	test	0	0	1	0	0	0	0	0
test5302	the best part is the live music each night on the veranda	test	1	0	0	0	0	0	0	0
test5303	service was impeccable and the rooms are very lovely	test	0	0	0	0	0	0	1	1
test5304	definitely recommend staying in the historic banyan inn because of its charm	test	0	0	1	0	0	0	0	0
test5306	we stayed at the ritz millenia for days in sep	test	0	0	1	0	0	0	0	0
test5307	their staff were super friendly and made all the arrangements we asked for	test	0	0	0	0	0	0	0	1
test5308	the location is perfect for evening walks by the river with all the restaurants nearby	test	0	0	0	1	0	0	0	0
test5309	the bathroom was the highlight of the accomodations we had the river view which was spectacular	test	0	0	0	0	0	0	1	0
test5310	will definitely recommend this place to anyone one downside the room service breakfast options are limited you are better off walking to cafe nearby	test	0	0	1	0	0	0	0	1
test5311	we booked four night airfare hotel package with expedia choosing the qc because of the mostly positive reviewson tripadvisor com which turned out to be accurate	test	0	0	1	0	0	0	0	0
test5312	theq	test	0	0	0	0	0	0	0	0
test5313	will not knock your socks off but it covers the basicbases handily with pleasant clean room and few pleasing extras like bath and body works toiletries second magnifying mirror in the bathroom etc	test	0	0	0	0	0	0	1	0
test5314	nice bathroom with great water pressure	test	0	0	0	0	0	1	1	0
test5315	one drawback we were put in the second building next door on camp street and the room had permanently sealed windows of frosted pebbled glass gave kind of claustrophobic effect	test	0	0	0	0	0	0	1	0
test5316	great hotel loved this hotel	test	0	0	1	0	0	0	0	0
test5317	centrally located great price nice size room quiet great shutters that shut out all the light so you can siesta during the day	test	0	0	1	1	0	1	1	0
test5318	only minor complaint is that the temperature of the water varies when you shower	test	0	0	0	0	0	1	0	0
test5319	think if someone on the floor above you flushes the toilet or something the water temp in the shower first gets really hot then cold before it returns to the temp had set	test	0	0	0	0	0	1	0	0
test5320	really minor complaint though	test	0	0	0	0	0	0	0	0
test5321	this hotel was great	test	0	0	1	0	0	0	0	0
test5323	the location of this hotel really couldn be better minutes from the prudential centre and metro stop	test	0	0	0	1	0	0	0	0
test5324	we stayed here for nights and found the room comfortable and good size	test	0	0	0	0	0	0	1	0
test5325	the room was little dated but clean	test	0	0	0	0	0	0	1	0
test5326	my only complaint would be that the air conditioning is very noisy you can hear the corridor one all the time	test	0	0	0	0	0	1	0	0
test5327	saying this it certainly didn keep me awake at night	test	0	0	0	0	0	0	0	0
test5328	fantastic words can detail the quality and the friendliness found in this bb	test	0	0	1	0	0	0	0	0
test5329	rooms were quaint and lovely	test	0	0	0	0	0	0	1	0
test5330	specially prepared breakfast was even more amazing	test	0	1	0	0	0	0	0	0
test5331	everything was great	test	0	0	0	0	1	0	0	0
test5333	very helpfull friendly and professionel employees	test	0	0	0	0	0	0	0	1
test5334	location is perfect for first impression of the city	test	0	0	0	1	0	0	0	0
test5335	clean and spacious room	test	0	0	0	0	0	0	1	0
test5336	good price value for city like this	test	0	0	1	0	0	0	0	0
test5337	lot of possibilities for breakfast lunch and diner at walking distance	test	0	0	0	0	0	0	0	0
test5338	sanctuary amongst inferior hotels after horrific experience at the lafayette hotel down the street my coworker and went back to the familiar comfort of the marriott	test	0	0	1	0	0	0	0	0
test5339	we were greeted by very friendly doormen and someone came and took our luggage that we had to carry up the street in the rain	test	0	0	0	0	0	0	0	1
test5340	in fact they were so nice that when tripped over drain cover that was in the parking lot the doorman immediately went and got screwdriver and fastened the cover to the ground	test	0	0	0	0	0	0	0	1
test5341	the desk workers were equally friendly and put us in great room	test	0	0	0	0	0	0	1	1
test5342	it may not seem like much but it the small things that make stay incredible and this one definitely was worthy of the marriott name	test	0	0	1	0	0	0	0	0
test5343	less than average	test	0	0	1	0	0	0	0	0
test5344	have to say that very dissapointed went to the hotel because of the reviews and found out that the shower was dirty and stink informed the stuff	test	0	0	1	0	0	1	0	0
test5345	they told me they are going to take care of it but it took them too long it true that the hotel is very quiet though	test	0	0	1	0	0	0	0	1
test5346	overall the hotel is average location is good	test	0	0	1	1	0	0	0	0
test5347	as for me ll go elsewhere next time	test	0	0	0	0	0	0	0	0
test5349	this hotel was very warm friendly from the time we got to the front door	test	0	0	1	0	0	0	0	0
test5350	the customer service was great	test	0	0	0	0	0	0	0	1
test5351	we enjoyed the coffee tea in the morning and the evening wine reception with piano and massage was such treat after long day of business	test	1	1	0	0	0	0	0	0
test5352	the rooms were very nice and the beds very comfortable	test	0	0	0	0	0	1	1	0
test5353	can wait to retur	test	0	0	0	0	0	0	0	0
test5354	this place is the best	test	0	0	1	0	0	0	0	0
test5355	my husband and stayed here for memorial weekend	test	0	0	1	0	0	0	0	0
test5356	we absolutely loved this hotel	test	0	0	1	0	0	0	0	0
test5357	we looked the whole look of the hotel and loved the evening wine and cheese tarot card reader	test	0	1	1	0	0	0	0	0
test5358	we highly recommend this hotel	test	0	0	1	0	0	0	0	0
test5359	great for our family of great hotel for family	test	0	0	1	0	0	0	0	0
test5360	we spent four nights at the ilikai with our sons ages and	test	0	0	1	0	0	0	0	0
test5361	it was away from the hustle and bustle of the main part of waikiki beach but right next door the the hilton hawaiian village	test	0	0	0	1	0	0	0	0
test5362	we had an ocean view room with dbls sofabed and kitchette	test	0	0	0	0	0	0	1	0
test5363	wonderful views and close to big beach	test	0	0	1	0	0	0	0	0
test5364	great hotel good value for money this hotel is close to the main train station of florence approx mins walk and about mins to main city centre	test	0	0	1	1	0	0	0	0
test5365	we were pleasantly surprised by our room the high ceiling had lovely wooden beams and the room was spacious	test	0	0	0	0	0	0	1	0
test5366	bathroom was clean	test	0	0	0	0	0	0	1	0
test5367	breakfast was ok we didn bother getting up for it after the first morning there are several good restaurants within walking distance and all the main tourist attractions are close by	test	0	1	0	1	0	0	0	0
test5368	an extra benefit of the hotel is that they have free internet access which is great for that lastminute research or online check	test	1	0	0	0	0	0	0	0
test5369	inif you re looking for hotel that is great value for money then definitely go for this one	test	0	0	1	0	0	0	0	0
test5370	ral quality first class stayed in dec	test	0	0	1	0	0	0	0	0
test5371	excellent position shops cathedral marina all short walk	test	0	0	0	1	0	0	0	0
test5372	carva on arrival nice touch	test	1	0	0	0	0	0	0	0
test5373	breakfast brilliant rooms clean tidy sufficient space in	test	0	1	0	0	0	0	1	0
test5374	will stay again next xmas	test	0	0	1	0	0	0	0	0
test5375	love place armes my wife	test	0	0	1	0	0	0	0	0
test5376	and stayed at the place armes june for the th	test	0	0	0	0	0	0	0	0
test5377	time and we wish to compliment the management on having first class opera tion	test	0	0	0	0	0	0	0	1
test5378	the employees were very friendly and helpful especially the ladysupervising breakfast the morning of the th the inner courtyard isabsolutely beautiful and the room was spaceous and quite comfortable	test	0	0	1	0	0	0	1	1
test5379	we will be back and also recommend it to our friends	test	0	0	1	0	0	0	0	0
test5380	xcellent hotel have just return from long weekend stay at the eden rembrandt square hotel and	test	0	0	1	0	0	0	0	0
test5381	it was perfect the staff were lovely the room was gorgeous and the bathroom was really modern	test	0	0	1	0	0	0	1	1
test5382	it was in very good location close to all bars coffee shops and resturants but still quiet	test	0	0	1	1	0	0	0	0
test5383	would definately recommend people to stay here and would definately return again	test	0	0	1	0	0	0	0	0
test5384	this hotel is ideal for weekend away to relax	test	0	0	1	0	0	0	0	0
test5386	we stayed for four nights in room number and loved it	test	0	0	0	0	0	0	1	0
test5387	the room held up to our expectations from the photos on the hotel website it was beautifully furnished with antiques expensive carpets and curtains	test	0	0	0	0	0	1	1	0
test5388	the room was very cosy and had wonderful atmosphere so that we enjoyed every minute we spent in it	test	0	0	1	0	0	0	1	0
test5389	the staff was very friendly helpful and professional and the location of the hotel was superb	test	0	0	0	1	0	0	0	1
test5390	great place june it麓s the th time that me my wife and daughter come to the dominican rep in punta cana is the th time this	test	0	0	1	0	0	0	0	0
test5391	resort is small very organized clean eficient very good food efficient staff specialy in the reception good remarc to the superviser mr roberto and mr franklin	test	0	1	1	0	0	0	0	1
test5392	thal alow us to stay more half day in the room	test	0	0	1	0	0	0	0	0
test5393	very good system of the tematics restorants	test	1	0	0	0	0	0	0	0
test5394	well is defenatly one of the best resorts in puntacana	test	0	0	1	0	0	0	0	0
test5395	recomended	test	0	0	1	0	0	0	0	0
test5396	moldy hyatt	test	0	0	0	0	0	0	0	0
test5397	stayed here before right after renavations	test	0	0	1	0	0	0	0	0
test5398	it was wonderful then don look like they have cleaned the bath tub sink or tolet since	test	0	0	0	0	0	0	1	0
test5399	will never stay here again	test	0	0	1	0	0	0	0	0
test5400	loved raco del pi and barcelona just returned from three night stay at the raco del pi with my family	test	0	0	1	0	0	0	0	0
test5401	rooms although not very large were spotless	test	0	0	0	0	0	0	1	0
test5402	the staff couldn have been more freindly and the buffett breakfast excellannt	test	0	1	0	0	0	0	0	1
test5403	the position is ideal for exploring barcelona and very close to pretty squares shops resturants as well as the pick up point for the bus touristic	test	0	0	0	1	0	0	0	0
test5404	with what consider to be very reasonable rates wouldn hesitate to recomend this hotel amd will deffinatley use it again as can wait to return to barcellona	test	0	0	1	0	0	0	0	0
test5405	will definitely return had wonderful stay at this hotel	test	0	0	1	0	0	0	0	0
test5406	location is convenient close to shopping dining and transport	test	0	0	0	1	0	0	0	0
test5407	staff was courteous friendly definitely commendable	test	0	0	0	0	0	0	0	1
test5408	bed comfy bath clean and luxurious	test	0	0	0	0	0	1	1	0
test5409	enjoyed our stay here	test	0	0	1	0	0	0	0	0
test5410	we loved this hotel stayed at estherea with my husband and my daughter who was mths old at that time in december	test	0	0	1	0	0	0	0	0
test5411	write this review only now because want to recommend this beautiful hotel which we loved very much	test	0	0	1	0	0	0	0	0
test5412	we had lovely canal view room at the last floor very romantic	test	0	0	0	0	0	0	1	0
test5413	really tremendous view wonderful location in the very centre of amsterdam	test	0	0	1	1	0	0	0	0
test5414	staff not particularly friendly	test	0	0	0	0	0	0	0	1
test5415	very nice hotel anyway	test	0	0	1	0	0	0	0	0
test5416	very good stayed here for business in brooklyn the location was great just block from where was working	test	0	0	1	1	0	0	0	0
test5417	overall great hotel well maintained and very clean especially when compared to previous experiences in upscale manhattan hotels food was very good and restaurant bar staff friendly	test	0	1	1	0	0	0	0	1
test5418	my only issue was with the noise from the adjacent room that came through the connecting door	test	0	0	0	0	0	0	1	0
test5419	this seems to be common problem with marriotts in my experience maybe with all hotels as well but stay almost exclusively at marriotts	test	0	0	1	0	0	0	0	0
test5420	fussy toddler kept me awake until am ugh	test	0	0	0	0	0	0	0	0
test5421	beautiful views from the concierge lounge and presumably from bridge view rooms	test	0	0	0	0	0	0	1	0
test5422	artus is great for romance	test	0	0	1	0	0	0	0	0
test5423	we stayed at the artus for just one night and booked the junior suite	test	0	0	1	0	0	0	0	0
test5424	it was fabulous newly refurbished with great bathroom and balcony overlooking the rooftops of paris	test	0	0	1	0	0	0	1	0
test5425	the hotel is in an good location and sanjay gave us an excellent recomendation for dinner and was very helpful throughout	test	0	0	1	1	0	0	0	0
test5427	excellent location we stayed at this hotel for three nights and although we did have some minor troubles check in delayed by half an hour water pressure	test	0	0	1	1	0	0	0	0
test5428	the staff of the hotel and the manager in particular demonstrated great understanding and excellent customer service	test	0	0	0	0	0	0	0	1
test5429	interiors are very well designed minimal being the key word	test	0	0	1	0	0	0	0	0
test5430	go back there as the location is perfect we walked everywhere and didn need to take the tube at all	test	0	0	0	1	0	0	0	0
test5431	one highlight the breakfast	test	0	0	0	0	0	0	0	0
test5432	eating out in barcelona can be pretty pricey so the huge buffet with savory and sweet choices cooked brekfast with tortillas eggs bacon etc is definitely worth it	test	0	1	0	0	0	0	0	0
test5433	very good hotel at very good price	test	0	0	1	0	0	0	0	0
test5434	this was very good surprise in madrid the rate was extremely good euros night booked about months in advance included internet minibar complimentary was exceptionally clean recently renovated quiet well located short cab ride or walk to prado in one direction mayor square in the other very friendly	test	1	0	1	1	0	0	0	0
test5435	was extremely happy with this hotel and would recommend it if you re looking for smaller hotel that is quiet and well located	test	0	0	1	1	0	0	0	0
test5436	note it did not have exercise facilities and the on site restaurant was pricey however eating options were readily available at number of restaurants within to minute walk	test	1	0	0	0	0	0	0	0
test5437	perfect madrid accommodation	test	0	0	1	0	0	0	0	0
test5438	my friend and stayed at cruz sol in july after having made an internet booking months in advance	test	0	0	1	0	0	0	0	0
test5439	when our flight was delayed and we arrived at the hostal at am we were welcomed in and shown to our room which was exactly as stated on their website	test	0	0	0	0	0	0	1	0
test5440	the rooms were clean and secure with extra conveniences such as hair dryer safe patio and decent sized bathroom	test	0	0	0	0	0	1	1	0
test5441	very central location with fabulous bars and restaurants nearby	test	0	0	0	1	0	0	0	0
test5442	very affordable accommodation would recommend it to anyone	test	0	0	1	0	0	0	0	0
test5443	total incompetence	test	0	0	1	0	0	0	0	0
test5444	the staff at this hotel all of the way up the manager are totally totally incompetent definitely stay away	test	0	0	0	0	0	0	0	1
test5445	my initial reservation was totally botched by someone who sounded like teenager answering the phones	test	0	0	0	0	0	0	0	1
test5446	then when called to cancel my reservation discovered that the mistake had never been fixed	test	0	0	1	0	0	0	0	0
test5447	even worse yet despite cancelling my credit card was still billed and after calls and several mails to the hotel including leah the manager was never responded to	test	0	0	1	0	0	0	0	0
test5448	have never never had an experience like this at any hotel in my life	test	0	0	1	0	0	0	0	0
test5450	great location about to minutes walk to fisherman wharf wonderful bay view helpful stuff very clean rooms just little bit cold at night	test	0	0	0	1	0	0	1	0
test5451	heating system didn work very well various breakfast small	test	0	0	0	0	1	1	0	0
test5452	bathroom very	test	0	0	0	0	0	0	1	0
test5453	small parking places it exciting trying it with bigger car for	test	1	0	0	0	0	0	0	0
test5454	that little money can really recommend it	test	0	0	1	0	0	0	0	0
test5455	sufficient wouldn necessarily go back to the hostal capitol as found it bit old and crumbly for my taste but it has couple of redeeming qualities first it is located right on the ramblas and there hardly more perfect location for those who enjoy bustling activity in their immediate environs	test	0	0	1	1	0	0	0	0
test5456	second was extremely grateful that was able to book the room shortly before on friday night arrive about an hour later and check out around the following morning	test	0	0	0	0	0	0	0	0
test5457	the helpful gentleman at the front desk on duty all night long was undaunted by the unusual but in my case necessary hours	test	0	0	0	0	0	0	0	1
test5458	in short this would not be my first choice for barcelona accomodations but if you need an inexpensive room in pinch hostal capitol suffices	test	0	0	1	0	0	0	0	0
test5459	great value right next to the french quarter needed an alternate hotel near the sheraton on canal where was attending conference	test	0	0	1	0	0	0	0	0
test5460	found the country inn suites on magazine street to be reasonably priced clean and convenient in location to my conference and to the french quarter	test	0	0	1	1	0	0	0	0
test5461	the rooms are small but the building is architecturally interesting as combination of three older buildings that were remodeled into hotel	test	0	0	1	0	0	0	1	0
test5462	the free breakfast buffet has good selection as well	test	0	1	0	0	0	0	0	0
test5463	overall good buy	test	0	0	1	0	0	0	0	0
test5464	expensive run down dirty	test	0	0	1	0	0	0	0	0
test5465	this hotel does not match the pictures shown on the hotel website	test	0	0	1	0	0	0	0	0
test5466	the rooms are not clean and need to be renovated	test	0	0	0	0	0	0	1	0
test5467	the bathrooms are filthy so if you stay here bring disinfectant with you	test	0	0	0	0	0	0	1	0
test5468	the furnishings are old and run down	test	0	0	0	0	0	1	0	0
test5469	this is basically scam with the hotel representing that they are luxury hotel when nothing could be further from the truth	test	0	0	1	0	0	0	0	0
test5471	my husband and have just spent three nights in this hotel	test	0	0	1	0	0	0	0	0
test5472	it is ideally situated to see all the main sights as it is right across the street from the train station and under ground which must say we found to be brilliant as they all seem to arrive on time	test	0	0	0	1	0	0	0	0
test5473	the hotel and the rooms are very clean	test	0	0	1	0	0	0	1	0
test5474	the staff are friendly and the concierge are excellent for information about the best way to get to sights	test	0	0	0	0	0	0	0	1
test5475	all in all an excellent trip and would have no hesitation on recommending this hotel	test	0	0	1	0	0	0	0	0
test5476	neither here nor there clean efficient but rather soulless hotel	test	0	0	1	0	0	0	0	0
test5477	no views to speak of other than the port fascinating though it is on one side	test	0	0	0	0	0	0	0	0
test5478	service is fine gym is compact but adequate	test	1	0	0	0	0	0	0	1
test5479	good location in cbd but not the place come on leisure	test	0	0	0	1	0	0	0	0
test5480	little too isolated down back loved the resort the buffets as good as the al cartes	test	0	1	0	1	0	0	0	0
test5481	little too isolated to get off the resort	test	0	0	0	1	0	0	0	0
test5482	the bus rides too long too fast and too much of hassle	test	0	0	0	0	0	0	0	0
test5483	recommend the excursions	test	0	0	0	0	0	0	0	0
test5484	people great	test	0	0	0	0	0	0	0	1
test5485	majestic	test	0	0	0	0	0	0	0	0
test5486	stayed here for nights last dec	test	0	0	1	0	0	0	0	0
test5487	we were given room at the nd floor of the imperial tower with the view of ginza	test	0	0	0	0	0	0	1	0
test5488	the service is impeccable and the location is the best for us who want to be close to ginza and train station which are few minutes walk from the hotel	test	0	0	0	1	0	0	0	1
test5489	will always return	test	0	0	0	0	0	0	0	0
test5490	have stayed here number of times for weeks at time and have had not only superior service but excellent accomodations	test	0	0	1	0	0	0	0	1
test5491	the beds are very comfortable and the rooms are large	test	0	0	0	0	0	1	1	0
test5492	it is across the street from eaton center and the path downtown	test	0	0	0	1	0	0	0	0
test5493	you can walk to almost anywhere	test	0	0	0	1	0	0	0	0
test5494	the exercise facilities are fantastic as well	test	1	0	0	0	0	0	0	0
test5495	great location great service thanks to trip advisor for recommending this place	test	0	0	0	1	0	0	0	1
test5496	it was really close to all amenities that san francisco has to offer	test	0	0	0	1	0	0	0	0
test5497	the apartment worked out really well having the space of an apartment but the feel of hotel	test	0	0	1	0	0	0	0	0
test5498	would definately recommend anyone to stay here staff were great too	test	0	0	1	0	0	0	0	1
test5499	views from the th floor were fantastic	test	0	0	1	0	0	0	0	0
test5500	thanks once more	test	0	0	0	0	0	0	0	0
test5501	quiet and comfortable we chose to stay at the bassano because of the reviews on tripadvisor and we were not disappointed	test	0	0	1	0	0	0	0	0
test5502	our room was really good size and very comfortable	test	0	0	0	0	0	0	1	0
test5503	being situated on small street near the champs elysee it was lovely and quiet perfect for some lazy mornings especially as breakfast is served until very civilised am	test	0	1	1	1	0	0	0	0
test5504	breakfast was included in our rate and was very comprehensive with great cold buffet selection as well as hot eggs bacon toast etc	test	0	1	0	0	0	0	0	0
test5505	we found everyone very friendly and helpful both by email before our trip and in person during our stay we will definitely stay again	test	0	0	1	0	0	0	0	1
test5506	the sofitel is perfect	test	0	0	1	0	0	0	0	0
test5507	we stayed at the sofitel april th and th	test	0	0	1	0	0	0	0	0
test5508	everything was perfect and exceded our expectations	test	0	0	1	0	0	0	0	0
test5509	definitely looking forward to staying there again	test	0	0	1	0	0	0	0	0
test5510	great central location good room very good bed nice bathroom great breakfast	test	0	1	0	1	0	1	1	0
test5511	location is top right within main shopping area within walking distance to forbidden city tianmen square etc	test	0	0	0	1	0	0	0	0
test5512	friendly helpful and competent concierge team	test	0	0	0	0	0	0	0	1
test5513	we were very happy with our choice	test	0	0	1	0	0	0	0	0
test5514	this is classical crown plaza that you cannot compare to some of the newer design hotels that might exist now in china as well	test	0	0	1	0	0	0	0	0
test5515	relaxing visited copamarina with my family in april	test	0	0	1	0	0	0	0	0
test5516	needed sometime to just relax tan and be with my family	test	0	0	0	0	0	0	0	0
test5517	definitely had the experience was aiming for	test	0	0	1	0	0	0	0	0
test5518	love the employees and the food	test	0	0	0	0	0	0	0	1
test5519	thanks to omar figueroa and congrats to william mancia	test	0	0	0	0	0	0	0	0
test5520	will definitely come back	test	0	0	1	0	0	0	0	0
test5521	wonderful visit at the adler cavalieri wonderful overnight experience	test	0	0	1	0	0	0	0	0
test5522	the room was spotless	test	0	0	0	0	0	0	1	0
test5523	the staff was so helpful providing excellent directions and even an umbrella highly recommend the hotel is close to the train station as well as within walking distance of many of the interesting sights	test	0	0	1	1	0	0	0	1
test5524	wish we had more time to spend in florence two days was not enough	test	0	0	1	0	0	0	0	0
test5525	we ll stay at the adler cavalieri again	test	0	0	1	0	0	0	0	0
test5526	excellent ab viladomat having just spent four nights at the hotel ab viladomat can highly recomend it as clean good value and very pleasant place to spend few days	test	0	0	1	0	0	0	0	0
test5527	the staff were all very friendly and helpful	test	0	0	0	0	0	0	0	1
test5528	would have great difficulty in faulting the hotel at all it is little way away from the city centre but the public transport is so simple to use that it is not problem	test	0	0	0	1	0	0	0	0
test5529	the main tourist spots are within twenty minute walk	test	0	0	0	1	0	0	0	0
test5530	would certainly use the ab viladomat if were to travel to barcelona again	test	0	0	1	0	0	0	0	0
test5531	over rated for the price you pay make sure you get one of the better rooms	test	0	0	0	0	0	0	1	0
test5532	when we first arrived they tried to put us in lower level room that looked out directly to parkade basically all the cars going up can see you	test	0	0	0	0	0	0	0	1
test5533	made bit of stink about it and two rooms later got the one wanted with bit of view for the same price	test	0	0	1	0	0	0	0	0
test5534	there nothing extraordinary about this hotel the gym is quaint the rooms are small the bathroom is actually really big it was about the size of the bedroom	test	1	0	0	0	0	0	1	0
test5535	the restaurant is pretty cool	test	1	0	0	0	0	0	0	0
test5536	good for marathoners stayed here for the marathon weekend like they said it not great neighbourhood	test	0	0	1	1	0	0	0	0
test5537	but you can beat the price parking is free and the complimentary breakfast is what you need	test	1	1	1	0	0	0	0	0
test5538	the free shuttle bus worked well most of the time we used it to get to the subway	test	1	0	0	0	0	0	0	0
test5539	they even made sure it was good to go for us marathon morning	test	0	0	1	0	0	0	0	0
test5540	get the feeling they don overpay the staff	test	0	0	0	0	0	0	0	1
test5541	lose to perfection stayed in the royal park for weeks on lengthy business trip	test	0	0	1	0	0	0	0	0
test5542	in short this is probably the finest business hotel have ever stayed in	test	0	0	1	0	0	0	0	0
test5543	few of the things loved nicely decorated spacious room pc with free internet access in the room metro station directly under the hotel nice selection of glasses in the room tall tumbler wine etc great food from the many hotel restaurants wide range of toiletries fantastic shower free use of dvd playeror bose music system on request types of pillow to choose from	test	0	1	0	1	0	1	1	0
test5544	and finally impeccable service from all the staff	test	0	0	0	0	0	0	0	1
test5545	if you are planning trip to tokyo for business or pleasure bypass all the obvious chain hotels and give this little gem try	test	0	0	1	0	0	0	0	0
test5546	star hotel with historic charm stayed for one night and was really impressed	test	0	0	1	0	0	0	0	0
test5547	we stayed in historic room which was lovely bathroom on the left as you entered and	test	0	0	0	0	0	0	1	0
test5548	then small staircase leading into the spacious main room	test	0	0	0	0	0	0	1	0
test5549	thought the ultra high beds were cool	test	0	0	0	0	0	1	0	0
test5550	the historic building is charmingly converted	test	0	0	0	0	0	0	0	0
test5551	overall would highly recommend it	test	0	0	1	0	0	0	0	0
test5552	great hotel great hotel for families with main bedroom and seperate sitting room for kids with foldout bed	test	0	0	1	0	0	0	1	0
test5553	kitchenette useful	test	0	0	0	0	0	0	1	0
test5554	close to all amenities including child friendly park the kids can walk to	test	0	0	0	0	0	1	0	0
test5555	great parisienne decor and wonderfully attentive staff	test	0	0	1	0	0	0	0	1
test5556	our second stay at henry iv and we ll be back	test	0	0	1	0	0	0	0	0
test5557	exactly what we pictured florence would be	test	0	0	1	0	0	0	0	0
test5558	what beautifully appointed hotel really classic	test	0	0	1	0	0	0	0	0
test5559	we had an adjoining suite which was absolutely phenomenal overlooking the arno	test	0	0	0	0	0	0	1	0
test5560	the staff was perfect the service topnotch and the rooms were unbelievable	test	0	0	0	0	0	0	1	1
test5561	the one thing we regret not getting picture of all of us on the staircase if you go make sure to bring camera	test	0	0	0	0	0	0	0	0
test5562	just perfect	test	0	0	1	0	0	0	0	0
test5563	this hotel was more than expected	test	0	0	1	0	0	0	0	0
test5564	in the center close to the bigest shops and to la rambla with very helpful staff we booked the romatic package through their website and we had the breakfast included very good and bottle of cava for free if	test	0	1	0	1	0	0	0	1
test5565	you like the modern decoration you will love it	test	0	0	1	0	0	0	0	0
test5566	the standard room is not so big but if you store your clothes in the closet and put your suitcases under the bed you really feel like home	test	0	0	0	0	0	0	1	0
test5567	well above average but not excellent excellent location	test	0	0	1	1	0	0	0	0
test5568	clean modern rooms	test	0	0	0	0	0	0	1	0
test5569	excellent breakfasts	test	0	1	0	0	0	0	0	0
test5570	very helpful staff	test	0	0	0	0	0	0	0	1
test5571	one consistently unsmiling unhelpful person on reception prevented an excellent review	test	0	0	0	0	0	0	0	1
test5572	terrible elevator	test	1	0	0	0	0	0	0	0
test5573	the room was fine as well as the location of the hotel not too far from city centre	test	0	0	0	1	0	0	1	0
test5574	however there were big problems disappointing me noise on the outside and constant beeping from the elevator door throughout the night whenever the door opened	test	1	0	0	0	0	0	0	0
test5575	overall didn get much sleep because of this	test	0	0	0	0	0	0	1	0
test5576	so disappointed with the hotel	test	0	0	1	0	0	0	0	0
test5577	loved the valentine special offerings normally do not stay in dutch hotels as my job puts me up in enough hotels abroad	test	0	0	1	0	0	0	0	0
test5578	however my boyfriend treated me to valentine weekend in amsterdam	test	0	0	0	0	0	0	0	0
test5579	was impressed lovely room looking over the prinsengracht	test	0	0	1	0	0	0	1	0
test5580	special touches even rose petals sprinkled over the bed after our dinner	test	0	0	0	0	0	1	0	0
test5581	lavish dinner and good breakfast the following morning	test	0	1	0	0	0	0	0	0
test5582	simply superb stay in lovely hotel in city had forgotten had so much to offer	test	0	0	1	0	0	0	0	0
test5583	good hotel good location great staff charming hotel very clean close to everything	test	0	0	1	1	0	0	1	1
test5584	very friendly and helpful staff who were happy to assist with everything including our last minute request to stay additional two nights and to send an international fax for us	test	0	0	0	0	0	0	0	1
test5585	they did it free of charge hotel is easy to walk to from the train station no point getting taxi	test	0	0	0	1	0	0	0	0
test5586	good internet cheap	test	1	0	0	0	0	0	0	0
test5587	very good breakfasts	test	0	1	0	0	0	0	0	0
test5588	lots of small extra rooms reading room etc	test	0	0	0	0	0	0	1	0
test5589	pb we had fabulous time	test	0	0	1	0	0	0	0	0
test5590	we brought our small children with us and the hotel staff was very accomadating	test	0	0	0	0	0	0	0	1
test5591	the rooms were gorgeous with all the amenities	test	0	0	0	0	0	1	1	0
test5592	but the best part was the peanut butter and jelly sandwiches hot choclate and cold milk every night	test	0	1	0	0	0	0	0	0
test5593	this was complimentary and wonderful	test	0	1	0	0	0	0	0	0
test5594	guess everything tastes better when it is free	test	0	1	0	0	0	0	0	0
test5595	loved it would definatly stay again	test	0	0	1	0	0	0	0	0
test5596	we really liked this hotel	test	0	0	1	0	0	0	0	0
test5597	good room great restaurants nearby and good cocktails in the bar not far from old street station	test	1	0	0	1	0	0	1	0
test5598	we have had roadside rooms in other london hotels which have been very noisy	test	0	0	0	0	0	0	0	0
test5599	because of the good double glazing this is not problem at the hoxton	test	0	0	0	0	0	0	1	0
test5600	the place is clean stylish and if you get room deal great value for money	test	0	0	0	0	1	0	1	0
test5601	excellence lovely little hotel with great interior design first class service and wonderful location	test	0	0	1	1	0	0	0	1
test5602	would recommend to family and friends	test	0	0	1	0	0	0	0	0
test5603	we stayed for only one night but the hotel was exceptionally friendly	test	0	0	1	0	0	0	0	0
test5604	breakfast not bad too	test	0	1	0	0	0	0	0	0
test5605	would recommend for romantic weekend away	test	0	0	1	0	0	0	0	0
test5606	lovely little hotel	test	0	0	1	0	0	0	0	0
test5607	we wanted to stay in typical parisian hotel and found exactly that	test	0	0	1	0	0	0	0	0
test5608	the rooms are charmingly decorated and one of our rooms had lovely view over the panteon with quaint little balcony	test	0	0	0	0	0	0	1	0
test5609	definitely would stay here again	test	0	0	1	0	0	0	0	0
test5610	westin went above and beyond friend	test	0	0	1	0	0	0	0	0
test5611	and just got back from night stay in the westin palace in madrid	test	0	0	1	0	0	0	0	0
test5612	unfortunately the last days came down with an intestinal infection	test	0	0	0	0	0	0	0	0
test5613	the concierge brought an english speaking doctor to our room after we had checked out already and even got us taxi while we went to the pharmacy	test	0	0	0	0	0	0	0	1
test5614	their service was wonderful and was very impressed	test	0	0	0	0	0	0	0	1
test5615	memorable stay	test	0	0	1	0	0	0	0	0
test5616	our recent stay in boston was made even better by the millenium bostonian	test	0	0	1	0	0	0	0	0
test5617	we found the staff warm friendly and very efficient	test	0	0	0	0	0	0	0	1
test5618	one night we opened the door to our tiny but delightful balcony and fell asleep to the sounds of the city	test	0	0	0	0	0	0	1	0
test5619	our view of faneuil hall was plus	test	0	0	0	0	0	0	1	0
test5620	after six days am ready to make the mb my hotel of choice in boston	test	0	0	1	0	0	0	0	0
test5621	beautiful and friendly	test	0	0	1	0	0	0	0	0
test5622	this is the place to stay	test	0	0	1	0	0	0	0	0
test5623	the guest house is gorgeous in the spanish style white walled with red tile roofing and with little courtyards and private spaces	test	1	0	1	0	0	0	0	0
test5624	one short block from the beach too	test	0	0	0	1	0	0	0	0
test5625	the staff was super friendly especially the younger employees they took personal interest in our stay and answered all our questions about the culture places to go etc	test	0	0	0	0	0	0	0	1
test5626	hip	test	0	0	0	0	0	0	0	0
test5627	must reccommend gorgeous intimate hotel where the staff are sublime in chararcter and always prepared to help with smile	test	0	0	1	0	0	0	0	1
test5628	my husband and stayed for three nights and on each night we asked to upgrade however the hotel is apparantly always full so be prepared and the book the room type you want early	test	0	0	1	0	0	0	0	0
test5629	the hotel rates are very reasonable which is why we booked	test	0	0	1	0	0	0	0	0
test5630	and assume why the hotel would be in such high demand	test	0	0	1	0	0	0	0	0
test5631	look no further wonderfull place to stay	test	0	0	1	0	0	0	0	0
test5632	especially for romnantic weekends	test	0	0	0	0	0	0	0	0
test5633	all the other reviews are right super atmosphere high ceilings delicious breakfast and small scale charm	test	0	1	1	0	0	0	0	0
test5634	very nice safe part of the town	test	0	0	0	1	0	0	0	0
test5635	good connection to by metro	test	0	0	0	1	0	0	0	0
test5636	minutes walk over the ku damm	test	0	0	0	1	0	0	0	0
test5637	great hotel have just returned from weekend away march th	test	0	0	1	0	0	0	0	0
test5638	our room was on the th floor and we had great views of the empire state building and the river	test	0	0	0	0	0	0	1	0
test5639	the room was good size and the bed was very comfortable	test	0	0	0	0	0	1	1	0
test5640	location is excellent and only few minutes from the heart of time square	test	0	0	0	1	0	0	0	0
test5641	would recommend this hotel to anyone and would not hesitate to stay there again	test	0	0	1	0	0	0	0	0
test5642	kimberley ok we stayed at the kimberley hotel at the last week of april	test	0	0	1	0	0	0	0	0
test5643	the room was clean the bed linens crisp and the bathroom spotless	test	0	0	0	0	0	1	1	0
test5644	for the price we paid this was great deal it location was near to and shopping galore along nathan rd cameron and granville st	test	0	0	1	1	0	0	0	0
test5645	just near the hotel is money exchange dealer who gave us good deal for our dollars	test	0	0	0	1	0	0	0	0
test5646	the mtr stations were just block away all in all would recomment this place to all the room is rather small but for its price and strategic location can overlook that aspect	test	0	0	0	1	0	0	1	0
test5647	great hotel at the right price	test	0	0	1	0	0	0	0	0
test5648	we spent days at the benjamin in july this was our fourth or fifth stay there over the past few years	test	0	0	1	0	0	0	0	0
test5649	an excellent hotel with very attentive and professional staff	test	0	0	1	0	0	0	0	1
test5650	great location in midtown on the east side close to restaurants shopping and an easy walk cab or subway ride to museums	test	0	0	0	1	0	0	0	0
test5651	highly recommended especially if you can find good deal online either through the hotel itself or an online travel agency	test	0	0	1	0	0	0	0	0
test5652	my only complaint is the high prices for room service and still per day charge for high speed internet	test	1	0	0	0	0	0	0	1
test5653	average at best	test	0	0	1	0	0	0	0	0
test5654	this hotel has good location but not lot else it took the staff three goes to get us to the right room including giving us the key to an occupied room and keys that did not work	test	0	0	0	1	0	0	0	1
test5655	we were then allegedly upgraded from what cannot imagine the room was tiny and not air conditioned	test	0	0	0	0	0	1	1	0
test5656	the continental breakfast was complete farce few stale bread rolls in converted bedroom which had then to be carried back to the bedroom where there was no where to eat but on the bed	test	0	1	0	0	0	0	1	0
test5657	the staff apart from the initial difficulties were pleasant and helpfull and the hotel seemed clean	test	0	0	1	0	0	0	0	1
test5658	nice hotel uninteresting location	test	0	0	1	1	0	0	0	0
test5659	this hotel itself and the staff are very adequate but being located in downtown miami is hinderance	test	0	0	0	1	0	0	0	1
test5660	it is far from the beaches and its pool and health facilities are very small considering it is in florida	test	1	0	0	1	0	0	0	0
test5661	the surrounding area is undergoing great deal of building and renovation so currently it is noisy am sure it will improve in the next few years	test	0	0	1	0	0	0	0	0
test5662	overall good hotel for business meetings but not for vacationers	test	0	0	1	0	0	0	0	0
test5663	ne m茅rit茅	test	0	0	0	0	0	0	0	0
test5664	absolument	test	0	0	0	0	0	0	0	0
test5665	pas 茅toiles	test	0	0	0	0	0	0	0	0
test5668	satyed four nights at the hotel for conference and found it to be fine establishment	test	0	0	1	0	0	0	0	0
test5669	was in distant section that made access to the lobby and conference section quite hike but was near to the spa and pool which proved to be an advantage	test	1	0	0	0	0	0	0	0
test5670	the pool is immense and as swimmer was most welcome	test	1	0	0	0	0	0	0	0
test5671	the food was tasty and well presented and the location was very convenient for access to lots of transportation and local activities	test	0	1	0	1	0	0	0	0
test5673	the bp is not as high profile as some other nyc hotels	test	0	0	1	0	0	0	0	0
test5674	however it is peaceful beautiful and lovely place to stay	test	0	0	1	0	0	0	0	0
test5675	the rooms are spacious and the service is great	test	0	0	0	0	0	0	1	1
test5676	the location is great for business travelers but bit out of the way for exploring the city	test	0	0	0	1	0	0	0	0
test5677	however the hotel is great value especially next to comparable hotels in midtown	test	0	0	1	0	0	0	0	0
test5679	my girlfriend and stayed here over new year for nights and it is one of the best hotels we have stopped in	test	0	0	1	0	0	0	0	0
test5680	the service and attention to detail is amazing	test	0	0	0	0	0	0	0	1
test5681	if you get the chance book an executive room as this gives you access to the exec lounge where there is complimentary breakfast afternoon tea and cocktails and canapes in the evening	test	0	0	1	0	0	0	0	0
test5682	it was worth every penny	test	0	0	1	0	0	0	0	0
test5683	absolutely terrible	test	0	0	1	0	0	0	0	0
test5684	we stayed here in august and this is one of the worst hotels we have ever stayed at	test	0	0	1	0	0	0	0	0
test5685	the rooms furniture and appliances were so old that we thought we were in motel off of small highway	test	0	0	0	0	0	1	0	0
test5686	the food was so so but the restaurant service was absolutely terrible	test	0	1	0	0	0	0	0	1
test5687	we were absolutely unimpressed	test	0	0	1	0	0	0	0	0
test5688	great for our short break nice place at really decent price for proper hong kong hotel we booked through thai website great deal	test	0	0	1	0	0	0	0	0
test5689	it is not in centre of town but is seconds from tube line or you can do what we did every day for fun and get the trams that run all the way into the city	test	0	0	0	1	0	0	0	0
test5690	pool on top is small but lovely for relaxing after hot days sightseeing	test	1	0	0	0	0	0	0	0
test5691	so easy to get anywhere from here	test	0	0	0	1	0	0	0	0
test5693	walked from this place to wherever wanted to go	test	0	0	0	1	0	0	0	0
test5694	the rooms are little small but clean and affordable	test	0	0	1	0	0	0	1	0
test5695	great service too	test	0	0	0	0	0	0	0	1
test5696	one of the finest hotels in the world	test	0	0	1	0	0	0	0	0
test5697	this may be the best hotel we have ever stayed in	test	0	0	1	0	0	0	0	0
test5698	we stayed in the executive house zen which is very pricey but well worth it if you like unbelievable service	test	0	0	1	0	0	0	1	1
test5699	the rooms are modern and roomy by japanese standards	test	0	0	0	0	0	0	1	0
test5700	this is standout for business travelers or vacationers for whom the money is not the cheif concern	test	0	0	1	0	0	0	0	0
test5701	best value in nyc	test	0	0	1	0	0	0	0	0
test5702	you gotta love this place	test	0	0	1	0	0	0	0	0
test5703	where else in nyc can you get free breakfast and cocktail hour with piano player for under	test	0	0	0	0	0	0	0	0
test5704	as an avid trip advisor reader relied heavily on the reviews read about the giraffe	test	0	0	0	0	0	0	0	0
test5705	thanks for not letting me down	test	0	0	0	0	0	0	0	0
test5707	stayed at the international house	test	0	0	1	0	0	0	0	0
test5708	the staff were helpful and friendly	test	0	0	0	0	0	0	0	1
test5709	this was my first stay in new orleans and had to rely on the recommendations of the staff which were fair and accurate	test	0	0	0	0	0	0	0	1
test5710	the room was large and clean every day	test	0	0	0	0	0	0	1	0
test5711	small small small	test	0	0	1	0	0	0	0	0
test5712	this is hotel where you can stay if you never have been to the city before and plan on getting up and going from morning till night	test	0	0	0	1	0	0	0	0
test5713	if not don attempt it	test	0	0	0	0	0	0	0	0
test5714	dont get me wrong	test	0	0	0	0	0	0	0	0
test5715	the decor was nice and the hotel was clean but you have to walk sideways between the walls and the bed	test	0	0	1	0	0	0	1	0
test5716	we ended up leaving and going to the crown plaza where know the rooms are nice sized	test	0	0	1	0	0	0	1	0
test5717	awesome place to stay	test	0	0	1	0	0	0	0	0
test5718	this place was great	test	0	0	1	0	0	0	0	0
test5719	friendly staff clean spacious rooms perfect location and def	test	0	0	0	1	0	0	1	1
test5720	affordable for venice	test	0	0	1	0	0	0	0	0
test5721	would absolutely stay here again	test	0	0	1	0	0	0	0	0
test5723	the price and location are great	test	0	0	1	1	0	0	0	0
test5724	had no problem with my reservation but others was with had room mix ups	test	0	0	0	0	0	0	0	0
test5725	double check your reservation	test	0	0	0	0	0	0	0	0
test5726	recommend balcony room	test	0	0	0	0	0	0	1	0
test5727	clean but small rooms were clean bed was comfortable but very tiny and dated interiors	test	0	0	0	0	0	1	1	0
test5728	elevators are small and slow	test	1	0	0	0	0	0	0	0
test5729	location is ideal for shopping in union square area	test	0	0	0	1	0	0	0	0
test5730	would stay again but would try to get better price	test	0	0	1	0	0	0	0	0
test5731	parking is very expensive and tax is added to parking fee	test	1	0	0	0	0	0	0	0
test5732	overall average rating is about all this deserved	test	0	0	1	0	0	0	0	0
test5734	booked this hotel after reading the reviews and knowing it score hotel in toronto	test	0	0	1	0	0	0	0	0
test5735	and must say it deserve the high ratings large rooms with kitchen free sauna and gym on the top and great location just min walk to union station and cn tower	test	1	0	0	1	0	0	1	0
test5736	don expect to view the skyline as the hotel is not very tall	test	0	0	1	0	0	0	0	0
test5737	and it surrounded by offices	test	0	0	0	0	0	0	0	0
test5738	decent balance of cost location quality	test	0	0	1	1	0	0	0	0
test5739	the location is great	test	0	0	0	1	0	0	0	0
test5740	the rooms are motel like but sport great views of the city especially at sunset and dawn	test	0	0	0	0	0	0	1	0
test5741	don expect great service though it is not the worst	test	0	0	0	0	0	0	0	1
test5742	comfortable respectable good value in la	test	0	0	1	0	0	0	0	0
test5743	very nice hotel very nice hotel	test	0	0	1	0	0	0	0	0
test5744	very modern and clean	test	0	0	1	0	0	0	0	0
test5745	atrium with pool and whirlpool was wonderful with views of the city skyline	test	1	0	0	0	0	0	0	0
test5746	nice decor and the staff was very very friendly and helpful	test	0	0	1	0	0	0	0	1
test5747	convenient to everything in san francisco	test	0	0	0	1	0	0	0	0
test5748	we stayed one week	test	0	0	1	0	0	0	0	0
test5749	great place to my grandson daughter sister and myself spent five nights at the hotel we were on the second floor inside room and loved the quiet of the room we can not said enough good things about this hotel	test	0	0	1	0	0	0	1	0
test5750	all the staff were friendly and helpful	test	0	0	0	0	0	0	0	1
test5751	we ate in the restuarnt and enjoyed the food	test	0	1	0	0	0	0	0	0
test5752	it was within distance of the sites we were interested in and begining close to the wharf	test	0	0	0	1	0	0	0	0
test5754	any return trips we will stay at the argonaut	test	0	0	1	0	0	0	0	0
test5755	literie m茅diocre	test	0	0	0	0	0	0	0	0
test5756	probl猫me	test	0	0	0	0	0	0	0	0
test5757	de	test	0	0	0	0	0	0	0	0
test5759	the staff make this hotel truly awesome	test	0	0	0	0	0	0	0	1
test5760	we decided to visit the wonderful island of bali for our honeymoon in october and after scouring the internet for the best all inclusive resorts there chose to stay at the melia benoa hotel	test	0	0	1	0	0	0	0	0
test5761	the staff at the hotel were simply superb mendrin pardi and augustini were the highlights providing service with smile	test	0	0	0	0	0	0	0	1
test5762	great location for the hotel right on the beach front with superb facilities including never crowded pool complete with pool bar and choice of fully functional restaurants	test	1	0	0	1	0	0	0	0
test5763	well worth the option to upgrade to the gold package all inclusive option getting the full array of la carte menu options imported spirits late check out and free laundry service also had good tour of the island with wayan recommended although don forget to take extra cash to buy souvenirs and to get into the tourist attractions	test	0	0	1	0	0	0	0	1
test5764	agree with do not stay here this hotel claims to be four star establishment when in reality wouldn give it two	test	0	0	1	0	0	0	0	0
test5765	hint to future guests if you have problem it is your problem the staff including antonia and the manager gianni burchietti will treat you as an enemy if you dare complain about the service or your accomodations	test	0	0	0	0	0	0	0	1
test5766	they will lie to you and tell you the reason for no air conditioning is law that does not exist forbidding it	test	0	0	0	0	0	1	0	0
test5767	they will not apologize or offer any remedy for you concerns	test	0	0	0	0	0	0	0	1
test5768	save yourself the pain and get yourself real four star hotel and stay at the best western down the street	test	0	0	1	0	0	0	0	0
test5769	great small hotel	test	0	0	1	0	0	0	0	0
test5770	this is great small hotel	test	0	0	1	0	0	0	0	0
test5771	the beds are very comfortable and it located with park on one side of the hotel and the beach few steps from the other side	test	0	0	0	1	0	1	0	0
test5772	would recommend this if you done want to stay one of the big hotels and if you want great customer service	test	0	0	1	0	0	0	0	1
test5773	found it to be very relaxing hotel	test	0	0	1	0	0	0	0	0
test5774	lovely boutique hotel the hotel ares eiffel was renovated few months ago and has been done very tastefully	test	0	0	1	0	0	0	0	0
test5775	some of the previous reviewer photos are bit old and not at all representative of the current state	test	0	0	0	0	0	0	0	0
test5776	the room we stayed in executive was very nice	test	0	0	0	0	0	0	1	0
test5777	it reasonably expensive but bearing in mind the location and that this is paris probably about right	test	0	0	1	1	0	0	0	0
test5779	all in all very nice boutique hotel	test	0	0	1	0	0	0	0	0
test5781	the new remodeled rooms are very beautiful and comfortable	test	0	0	0	0	0	0	1	0
test5782	new ammenities like bigger closet and sofa to watch tv where totally unexpected for me	test	0	0	0	0	0	1	0	0
test5783	also enjoyed the food and service staff really outdid themselves in catering all my family needs	test	0	1	0	0	0	0	0	1
test5784	definitely recommended for your next trip	test	0	0	1	0	0	0	0	0
test5785	one more great experience spent three nights here in early may	test	0	0	1	0	0	0	0	0
test5786	just read the last few reviews and see no point in repeating what others have eloquently said already	test	0	0	0	0	0	0	0	0
test5787	just wanted to add my cents worth and say that this is wonderful hotel that reflects its city	test	0	0	1	0	0	0	0	0
test5788	well worth the expense	test	0	0	1	0	0	0	0	0
test5789	superb hotel we went to berlin for the xmas markets and decided to stay at this hotel because of the very good feedback reviews on tripadvisor	test	0	0	1	0	0	0	0	0
test5790	for the money it is one of the best european hotels that we have stayed in we were surprised at how large the rooms were	test	0	0	1	0	0	0	1	0
test5791	it is also ideally situated and in very quiet street	test	0	0	0	1	0	0	0	0
test5792	the only downside was that breakfast in the hotel was not included in the price but we found small cafe just around the corner where we could purchase rolls sandwiches croissants etc at fraction of the price that the breakfast in the hotel would have cost	test	0	1	0	0	0	0	0	0
test5793	thoroughly recommended you won be disappointed	test	0	0	1	0	0	0	0	0
test5794	stylish and great staff stayed at the hotel globus in may as single female traveller	test	0	0	1	0	0	0	0	1
test5795	the room was small but very stylish and spotless	test	0	0	0	0	0	0	1	0
test5796	the staff were all fantastic and very friendly	test	0	0	0	0	0	0	0	1
test5797	good breakfast and excellent location for the railway station and easy reach of all florence attractions	test	0	1	0	1	0	0	0	0
test5798	going back to florence in december and will be staying there again	test	0	0	1	0	0	0	0	0
test5799	wir kommen	test	0	0	0	0	0	0	0	0
test5800	jederzeit gerne wieder und empfehlen das	test	0	0	0	0	0	0	0	0
test5801	hotel auf alle f盲lle weiter	test	0	0	0	0	0	0	0	0
test5803	recent upgrade	test	0	0	0	0	0	0	0	0
test5804	stay at this hotel regularly for business and pleasure	test	0	0	1	0	0	0	0	0
test5805	it is in great location right next to chinatown across the road from the sydney entertainment centre and short walk from darling harbour	test	0	0	0	1	0	0	0	0
test5806	they have recently renovated their bar bistro and have also started to upgrade rooms	test	1	0	0	0	0	0	0	0
test5807	while it is not in the most glamorous part of the city it is well worth visit	test	0	0	1	0	0	0	0	0
test5808	nice location cute decor stayed here for business covention	test	0	0	1	1	0	0	0	0
test5809	the property is unique cute and trendy	test	0	0	1	0	0	0	0	0
test5810	the rooms are little dark but other than that it was nice stay	test	0	0	0	0	0	0	1	0
test5811	it was centrally located so we could walk to everywhere we needed to get to	test	0	0	0	1	0	0	0	0
test5812	would definitely stay here again on return trip	test	0	0	1	0	0	0	0	0
test5813	try le phare bar down the street nice spot for drinks	test	0	0	0	0	0	0	0	0
test5814	as expected efficient and friendly check in simple swipe of the credit card as expected	test	0	0	1	0	0	0	0	0
test5815	the room was lovely recently refurbished very comfy beds	test	0	0	0	0	0	1	1	0
test5816	bathroom was large clean although it was bit dark even with all the lights on so bit hard to put make up	test	0	0	0	0	0	0	1	0
test5817	on didn get to try the breakfast so can comment there	test	0	1	0	0	0	0	0	0
test5818	in summary and excellently located grand if unremarkable stay	test	0	0	0	1	0	0	0	0
test5819	sheraton laguna	test	0	0	0	0	0	0	0	0
test5820	nusa dora spend your money elsewhere	test	0	0	1	0	0	0	0	0
test5821	my wife and stayed at the sheraton laguna nusa dora this week departed	test	0	0	1	0	0	0	0	0
test5822	the first thing we noticed was that none of the guests were smiling	test	0	0	1	0	0	0	0	0
test5823	we realised that the breakfast charges of for breakfast for two was way over the top and started visiting outside the resort	test	0	1	0	0	0	0	0	0
test5824	everything works it鈥檚 all nice but it feels like nobody鈥檚 there and its not fun	test	0	0	1	0	0	0	0	0
test5825	loved the oceanarium	test	0	0	1	0	0	0	0	0
test5826	picked this hotel because had heard about the story high oceanarium aquarium inside of it on my last trip to hawaii	test	1	0	0	0	0	0	0	0
test5827	it was definitely impressive though the lunch menu at the downstairs restaurant that shares space with it was pretty spare	test	1	0	0	0	0	0	0	0
test5828	still it was worth the trip to the restaurant just to take photos	test	1	0	0	0	0	0	0	0
test5829	my hotel room had what call partial ocean view you can see the ocean between several other hotels that block out most of your view	test	0	0	0	0	0	0	1	0
test5830	was suprised at how noisy the street below me was even on the th floor heard even car horn every screaming baby every yelling partier on the street all night long	test	0	0	1	0	0	0	0	0
test5831	good fq option	test	0	0	1	0	0	0	0	0
test5832	we had very nice night at the monteleone	test	0	0	1	0	0	0	0	0
test5833	the location is excellent and the room was clean and quiet	test	0	0	0	1	0	0	1	0
test5834	we did not have view but we slept like rocks	test	0	0	0	0	0	0	1	0
test5835	prefer quiet room over one with window on the french quarter street noise	test	0	0	0	0	0	0	1	0
test5836	if you call thirty mintues before needing your car it should be there for you	test	0	0	0	0	0	0	0	1
test5837	fantastic bang	test	0	0	1	0	0	0	0	0
test5838	for the buck found the holiday inn darling harbour to be bargain compared to other hotels in sydney	test	0	0	1	0	0	0	0	0
test5839	the room was spacious clean and comfortable	test	0	0	0	0	0	0	1	0
test5840	factor in the friendly staff and good location with very reasonable price	test	0	0	1	1	0	0	0	1
test5841	and you have smart selection for the budget traveller but not too budget lots of tourist sites plethora of restaurants and shopping areas within walking distance from this hotel	test	0	0	0	1	0	0	0	0
test5842	this is solid choice for those who don鈥檛 need four star accommodation but still want well kept comfortable and centrally located hotel	test	0	0	1	1	0	0	0	0
test5843	excellent family run hotel one block from the ponte vecchio	test	0	0	1	0	0	0	0	0
test5844	room was large and had two windows overlooking the arno	test	0	0	0	0	0	0	1	0
test5845	everything was clean and tidy and the breakfast was good	test	0	1	1	0	0	0	0	0
test5846	not very expensive either	test	0	0	1	0	0	0	0	0
test5847	good value and very central about minutes to santa croche	test	0	0	1	1	0	0	0	0
test5848	stayed at the kimberly june had confirmed reservation made two months before arriving for bedr bath suite upon arrival was told was being upgraded to bedr suite how nice	test	0	0	1	0	0	0	0	0
test5849	only problem was bedr had no living room and no full kitchen	test	0	0	0	0	0	0	1	0
test5850	and we needed those rooms for our group of	test	0	0	0	0	0	0	1	0
test5851	they moved us to one bedr suites across the hall from each other beds	test	0	0	0	0	0	0	0	1
test5852	were comfortable pull out sofa not comfortable	test	0	0	0	0	0	1	1	0
test5853	you could feel the springs good location nice doormen and would ask for terrace with view our first bedr upgrade had beat up looking terrace and looked into another bulding depressing other than the reservation being not what wanted we all said we stay again	test	0	0	0	1	0	0	1	0
test5854	disappointing husband	test	0	0	0	0	0	0	0	0
test5855	and had one night stopover in singapore en route to london from australia	test	0	0	0	0	0	0	0	0
test5856	expedia recommended this hotel as good deal	test	0	0	0	0	0	0	0	0
test5857	it was certainly well located in the heart of the shopping district but the hotel was run down and the room frankly shabby with threadbare carpets and beaten up furnature	test	0	0	0	1	0	1	1	0
test5858	no tea or coffee making facilities in the room the staff barely understood english	test	0	0	0	0	0	1	0	1
test5859	not recommended unless you really do get it at bargain price which we did not	test	0	0	1	0	0	0	0	0
test5860	recommended by fussy pair	test	0	0	1	0	0	0	0	0
test5861	my friend and stayed in room and found it to be clean and comfortable	test	0	0	0	0	0	0	1	0
test5862	sheets and towels changed daily room was sufficient size with tea making facilities replenished each day breakfast was simple but very edible and the staff although we didn require much were helpful	test	0	1	0	0	0	1	1	1
test5863	internet access available storage for baggage definately would stay here again and worth the money	test	1	0	1	0	0	0	0	0
test5864	located on quiet street beside vondelpark pc hoovestraat with great shopping and trams	test	0	0	0	1	0	0	0	0
test5865	all pictures as per website	test	0	0	1	0	0	0	0	0
test5866	ok if you like one place our family son stayed at the dominicana for weeks from th july just to say ive been to dr now and won return the hotel facilities are execellent the grounds well maintained the rooms fine with clean bedding towels etc whenever needed	test	1	0	0	0	0	1	1	0
test5867	the food is ok but repetitive especially if you are staying for days like we were	test	0	1	0	0	0	0	0	0
test5868	entertainement was poor nothing really jumped out to us and as an english family our son was bored to death as her had nothing to do and most of the other guests were none english lot of spanish french usa the beach and pool areas are fantastic no complaints there like lot of other people we had upset stomachs and my son was ill in bed on arriving home for days dont know were the problem lies as we were always careful with what we ate and drank would be fine for week but weeks confined in one place is not for	test	1	0	0	0	0	0	0	0
test5869	excellent service stayed at the radisson as one of group of that travelled to boston for the st patricks day parade	test	0	0	1	0	0	0	0	1
test5870	found the staff extremely helpful and pleasant	test	0	0	0	0	0	0	0	1
test5871	the hotel facillities are really good including on site swimming pool rooms are above average size excellent beds spotlessly clean restaurant is well above average and hotel	test	1	0	0	0	0	1	1	0
test5872	is very centrally located and convienient to airport mins by cab	test	0	0	0	1	0	0	0	0
test5873	the reservations dept were extremely helpful throughout and were not in the least fazed by the inevitable changes to bookings that is inherrent in large group	test	0	0	0	0	0	0	0	1
test5874	in short highly recommended and would definately stay there again when in boston	test	0	0	1	0	0	0	0	0
test5876	my husband and two of our friends stayed at this hotel from the th till the th of feb	test	0	0	0	0	0	0	0	0
test5877	loved everything about it ideal location and the staff was lovely and friendly	test	0	0	1	1	0	0	0	1
test5878	the hotel was clean and everything that we needed and wanted	test	0	0	1	0	0	0	0	0
test5879	myself and my husband are going back in the summer to the same hotel	test	0	0	1	0	0	0	0	0
test5880	worthwhile	test	0	0	1	0	0	0	0	0
test5881	was surprised at how nice this hotel was given the horrible experience had at another hotel in amsterdam that had the same star rating	test	0	0	1	0	0	0	0	0
test5882	it was really nice	test	0	0	1	0	0	0	0	0
test5883	rooms were large by european standards and the bathrooms had heated floors	test	0	0	0	0	0	0	1	0
test5884	service was great the hotel was clean definitely stay there again	test	0	0	1	0	0	0	0	1
test5886	we stayed for days during christmas vacation	test	0	0	1	0	0	0	0	0
test5887	there were of us seniors adults and children and we all thoroughly enjoyed our stay there	test	0	0	1	0	0	0	0	0
test5888	while the building is older worn and was never fancy to begin with the rooms are big comfortable and in perfect location	test	0	0	1	1	0	0	1	0
test5889	the service we received from the entire staff was very friendly and the best customer service any of us had ever experienced	test	0	0	0	0	0	0	0	1
test5890	told the staff that would post positive review here and on cruise critic as way of saying thank you	test	0	0	0	0	0	0	0	0
test5891	good location but unorganised stayed at the hotel carlton for week in october	test	0	0	1	1	0	0	0	0
test5892	the price was reasonable however we stayed in rooms in that week	test	0	0	1	0	0	0	1	0
test5893	we wanted singles but for nights they were unavailable so we were moved around rooms with double beds	test	0	0	0	0	0	0	1	0
test5894	on one occasion there was couple at reception complaining that they had single beds when they wanted double but we were unable to swap with them	test	0	0	0	0	0	0	0	1
test5895	apart from the trouble with the rooms the location was fantastic only quick walk to union square and the staff were polite and helpful	test	0	0	0	1	0	0	1	1
test5896	they charge for everything	test	0	0	1	0	0	0	0	0
test5897	the hotel	test	0	0	0	0	0	0	0	0
test5899	self is bautiful very elegant and in an amazing location plus if you get ramblas view your stay will be very memorable however they charge fortune for everything	test	0	0	1	1	0	0	0	0
test5900	we had coffee in our room but no kttle so you ask for hot water which they brought up but also asked for milk in my coffee no uht in the room euro euro for milk in my coffee	test	0	1	0	0	0	1	0	0
test5901	fabulous top class hotel	test	0	0	1	0	0	0	0	0
test5902	we stayed for nights here in between visiting kuala lumpur then pengang without shadow of doubt	test	0	0	1	0	0	0	0	0
test5903	this was the best part of the trip	test	0	0	1	0	0	0	0	0
test5904	we could not fault the hotel the location was great the staff superb and the rooms absolutely wonderful very spacious and the most wonderful bathrooms	test	0	0	0	1	0	0	1	1
test5905	was suprised about other reviews commenting on the pool we were delighted with the pool and the wonderful towels provided especially as this is city hotel	test	1	0	0	0	0	1	0	0
test5906	we will stay here again when we next visit this vibrant beautiful city	test	0	0	1	0	0	0	0	0
test5907	first class hotel	test	0	0	1	0	0	0	0	0
test5908	we stayed for long weekend just before christmas and found the hotel to be perfect	test	0	0	1	0	0	0	0	0
test5909	fabulous decor wonderful service and first rate location	test	0	0	1	1	0	0	0	1
test5910	its pity we can keep it for ourselves	test	0	0	0	0	0	0	0	0
test5911	we ll be back to barcelona and will not consider staying elsewhere	test	0	0	1	0	0	0	0	0
test5912	well worth it	test	0	0	1	0	0	0	0	0
test5913	this was the first time we ve stayed at any embassy suites hotel and it won be the last	test	0	0	1	0	0	0	0	0
test5914	terrific service comfortable rooms very large bedroom kiosk where you can check in to your flight if you re flying out the next day as we were good food breakfast especially so express checkout and close to all rental car drop off locations	test	0	1	0	1	0	0	1	1
test5915	and the kids loved the room service	test	0	0	0	0	0	0	0	1
test5916	surprisingly affordable too	test	0	0	1	0	0	0	0	0
test5917	great location nice rooms located couple blocks from union sq and right next to great shopping	test	0	0	0	1	0	0	1	0
test5918	the parc was perfect for us	test	0	0	1	0	0	0	0	0
test5919	after finding great offer on travelzoo my wife headed into the city for the evening	test	0	0	1	0	0	0	0	0
test5920	friendly service and nice sized room made this great find	test	0	0	1	0	0	0	1	1
test5921	would definately go back	test	0	0	1	0	0	0	0	0
test5922	great location great value great location right behind the cathedral	test	0	0	1	1	0	0	0	0
test5924	large rooms and the restaurant serves awesome chocolate	test	1	1	0	0	0	0	1	0
test5925	flan couple drawbacks are that there is no and the beds are very firm but then guess if you like firm beds that wont be problem	test	0	0	0	0	0	1	0	0
test5926	ve made this my preferred hotel for trips to mxc	test	0	0	1	0	0	0	0	0
test5927	alcatraz we stayed at this hotel for four nights and the service we received from all staff was excellent	test	0	0	1	0	0	0	0	1
test5928	aidi in the gift shop at the hotel is very helpful with arranging tours around sf	test	0	0	0	0	0	0	0	1
test5929	and she is very friendly she is credit to this hotel	test	0	0	0	0	0	0	0	1
test5930	the location of the hotel in near to everything ie shopping trams etc	test	0	0	0	1	0	0	0	0
test5931	enjoyed montparnasse most fantastic hotel to stay in paris city	test	0	0	1	0	0	0	0	0
test5932	all attractions are very easily accessed by the metro system	test	0	0	0	1	0	0	0	0
test5933	relaxing pleasent stay for young couples or older couples	test	0	0	1	0	0	0	0	0
test5934	our fours day stay was very satisfactory and most affordable	test	0	0	1	0	0	0	0	0
test5935	the district around is very beautiful indeed	test	0	0	1	0	0	0	0	0
test5936	michael sullivan ireland	test	0	0	0	0	0	0	0	0
test5938	went to new orleans with my new fiance and we stayed at the doubletree on canal street and had great time	test	0	0	1	0	0	0	0	0
test5939	the location was awesome and the hotel was very nice and clean	test	0	0	1	1	0	0	0	0
test5940	when we checked in there was large convention in town and we got upgraded to the junior suite which was just incredible the staff was friendly and professional	test	0	0	1	0	0	0	0	1
test5941	really enjoyed my stay	test	0	0	1	0	0	0	0	0
test5942	overbooking problem	test	0	0	1	0	0	0	0	0
test5943	did not stay at this hotel had just booked room with booking site	test	0	0	1	0	0	0	1	0
test5944	when arrived to the hotel hours later they told me that they had no free rooms since the day before	test	0	0	0	0	0	0	1	1
test5945	they helped me to find another hotel for the night many hotels were full that night but idon think will book again this hotel for my next stays in barcellona	test	0	0	1	0	0	0	0	1
test5946	nice affordable hotel in the perfect location grupotel gravina may not be the poshest hotel in barcelona but it provides wonderful home base for seeing the city at good price	test	0	0	1	1	0	0	0	0
test5947	just blocks away from the top of la rambla and ten minute walk from the block of discord you can stay in more central location for seeing barcelona top sights	test	0	0	0	1	0	0	0	0
test5948	our room was nice size and had balcony that overlooked quiet street	test	0	0	0	0	0	0	1	0
test5949	our only minor complaint was that we could hear the noise in the hallway when our neighbors came in and out of their room and when the housekeeper vacuumed relatively early ish in the morning	test	0	0	0	0	0	0	1	0
test5950	otherwise this hotel was definitely great choice for those who are more concerned about saving few euros than staying in the most upscale hotel in the city	test	0	0	1	0	0	0	0	0
test5951	lean	test	0	0	0	0	0	0	0	0
test5952	nicely remodeled and clean	test	0	0	1	0	0	0	0	0
test5953	free wireless internet bonus	test	1	0	0	0	0	0	0	0
test5954	great location to all of the marina restaurants and stores	test	0	0	0	1	0	0	0	0
test5955	stayed for several days an excellent value	test	0	0	1	0	0	0	0	0
test5956	above average international blah hotel	test	0	0	1	0	0	0	0	0
test5957	this is big beige international hotel	test	0	0	1	0	0	0	0	0
test5958	that said it quite good at it	test	0	0	1	0	0	0	0	0
test5959	it in really terrific location right on the river and very short walk to heaps of dining entertainment and the metro	test	0	0	0	1	0	0	0	0
test5960	the rooms are like rooms are but pristine and with most facilities	test	0	0	0	0	0	1	1	0
test5961	it got great pool and gym didn try and breakfast is included in the tariff believe	test	1	1	0	0	0	0	0	0
test5962	nice hotel nice location little dated stayed here for two nights in february	test	0	0	1	1	0	0	0	0
test5963	was nice hotel with great views but the rooms felt small and older	test	0	0	1	0	0	0	1	0
test5964	suggest requesting the newer tower there are two towers to the hotel	test	0	0	0	0	0	0	0	0
test5965	when booking	test	0	0	0	0	0	0	0	0
test5966	overall nice property but not worth more than ish per night in my opinion	test	0	0	1	0	0	0	0	0
test5967	look around and see what else is out there if the rate is exceeding ish	test	0	0	1	0	0	0	0	0
test5968	disappointing and watch the final bill ve stayed at quite few of the morgan group hotels and whilst most of them are starting to look bit dated given the price	test	0	0	1	0	0	0	0	0
test5969	ve returned as generally the atmosphere makes up for it	test	0	0	0	0	0	0	0	0
test5970	wouldn return to the clift the redwood bar is fun and the concierge front door staff are all good but that about it	test	1	0	0	0	0	0	0	1
test5971	the bathroom was the smallest have ever seen and had loft suite and for the price other hotels offer more no flat screen tv ineffective air con	test	0	0	1	0	0	1	1	0
test5972	what really irritated me was when checked my credit card they had charged me an additional us for late checkout without any notification had used their express checkout service and left the room by am	test	0	0	0	0	0	0	0	1
test5973	mailed the hotel twice no response and finally had to phone to obtain refund which they made immediately but with no apology or explanation	test	0	0	0	0	0	0	0	1
test5974	more than adequate for its class we stayed in the monna lisa for nights in early december and had positive experience	test	0	0	1	0	0	0	0	0
test5975	this is not luxury hotel but given the price we had no complaints	test	0	0	1	0	0	0	0	0
test5976	the street is quiet one and the location near the duomo and on the same street as la giostra restaurant is very convenient	test	0	0	0	1	0	0	0	0
test5977	hotel staff were very helpful and pleasant to deal with graciously providing information and making reservations for us for dinners and tours	test	0	0	0	0	0	0	0	1
test5978	the breakfast was very good and the dining room cheerful	test	1	1	0	0	0	0	0	0
test5980	we stayed at the un plaza during tour of the us and thoroughly enjoyed our stay	test	0	0	1	0	0	0	0	0
test5981	we were given corner room after small mix up with our reservation which was sorted out fairly quickly on the th floor with brilliant view of the river	test	0	0	0	0	0	0	1	0
test5982	the bed was enormous the room was extremely clean and well equipped and the ac was welcome break for the extreme heat during our stay in nyc	test	0	0	0	0	0	1	1	0
test5984	it was very enjoyable stay	test	0	0	1	0	0	0	0	0
test5985	pretty decent airport hotel spent nights in march	test	0	0	1	0	0	0	0	0
test5986	nice beds modern decor with lots of black	test	0	0	0	0	0	1	1	0
test5987	loved the starbucks in the lobby	test	1	0	0	0	0	0	0	0
test5988	the bar	test	0	0	0	0	0	0	0	0
test5989	oh well	test	0	0	0	0	0	0	0	0
test5990	but staff always very friendly and attentive	test	0	0	0	0	0	0	0	1
test5991	super hotel	test	0	0	1	0	0	0	0	0
test5992	it is real small nice hotel with super comfortable rooms	test	0	0	1	0	0	0	1	0
test5993	location is super	test	0	0	0	1	0	0	0	0
test5994	the only problem is that the prices went up so dramaticlly that it become too expensive	test	0	0	1	0	0	0	0	0
test5995	excellent hotel and location	test	0	0	1	1	0	0	0	0
test5996	this hotel is in excellent location close to sf bay and trolley cars with the bart station adjacent to the hotel	test	0	0	0	1	0	0	0	0
test5997	stayed at this hotel after terrible stay as the westin in market street sf and the differences are huge	test	0	0	1	0	0	0	0	0
test5998	this is modern construction which does not shake rattle and roll when its windy in sf the hotel restaurants are great and breakfast is excellent with wonderful staff especially reception and dining room	test	1	1	1	0	0	0	0	1
test5999	its location allows wonderful walk to most attractions or catch the bart	test	0	0	0	1	0	0	0	0
test6000	tip catch the bart to sf airport from the hotel	test	0	0	0	0	0	0	0	0
test6001	excellent choice for business traveler tourists very nice hotel	test	0	0	1	0	0	0	0	0
test6002	good amenities ice tea and snacks in the afternoon free breakfast in the morning coffemaker microwave fridge in room	test	0	1	0	0	0	1	0	0
test6003	if you are jogger this is an excellent location run down st charles for few miles in the former trolley tracks or drive few blocks to audubon park and run the loop there	test	0	0	0	1	0	0	0	0
test6004	close to nice restaurants and large whole foods on magazine street	test	0	0	0	1	0	0	0	0
test6005	great value too	test	0	0	1	0	0	0	0	0
test6007	wonderful experience love bali very much together with my husband and other couples we always stayed in five star hotel	test	0	0	0	0	0	0	0	0
test6008	this time we want to spend in private villas instead	test	0	0	0	0	0	0	0	0
test6009	and we find aston bhavana perfecly located in prime area in seminyak	test	0	0	1	1	0	0	0	0
test6010	we are very happy with this decision	test	0	0	1	0	0	0	0	0
test6011	the design is so cozy and the villas is so spacious the ambience is so fresh we could relax in our private pool and having chef cooked in our villas the service is absolutely high end we feel so special	test	1	0	1	0	0	0	0	1
test6012	this experience could never been forgotten	test	0	0	0	0	0	0	0	0
test6013	great nyc bargain	test	0	0	0	0	0	0	0	0
test6014	great hotel reasonable price good location and very clean room	test	0	0	1	1	0	0	1	0
test6015	travel lot for business and would definitely recommend this hotel for both business and leisure travelers	test	0	0	1	0	0	0	0	0
test6016	bed was very comfortable room was quiet and had all the necessary conveniences including free high speed internet access	test	1	0	0	0	0	1	1	0
test6017	great bar across the street and short walk to times square	test	0	0	0	1	0	0	0	0
test6018	check in and check out were quick and efficient	test	0	0	0	0	0	0	0	1
test6019	fantastic stayed over weekend in feburary	test	0	0	1	0	0	0	0	0
test6020	every facet of the experience was excellent and also expensive	test	0	0	1	0	0	0	0	0
test6021	the service was courteous professional the rooms were large by european standards and very well appointed	test	0	0	0	0	0	0	1	1
test6022	the grounds of the hotel were elegant yet unpretentious	test	1	0	0	0	0	0	0	0
test6023	next time go will splurge on the extravagant champagne opera brunch euro person in the dining room which is featured on the cover of time out madrid	test	1	0	0	0	0	0	0	0
test6024	location stayed couple of days in nyc on my way home from the west coast	test	0	0	1	0	0	0	0	0
test6025	picked the sofitel based on the tripadvisor reviews and the internet rates they were offering	test	0	0	1	0	0	0	0	0
test6026	really enjoyed the location the hotel is great nice lobby stylish rooms good concierge service etc	test	1	0	1	1	0	0	1	1
test6027	the only thing didn like while staying at the th floor is the view there was none only back street	test	0	0	1	0	0	0	0	0
test6028	if you can find good rate can only recommend this hotel	test	0	0	1	0	0	0	0	0
test6029	not your average hotel room ve stayed at this hotel twice the first time with group of girls for our friend bachelorette party	test	0	0	0	0	0	0	1	0
test6030	the location was great the staff was fine though admittedly we were not that demanding of them and the suite was huge	test	0	0	0	1	0	0	1	1
test6031	also we like the era feel and the fact that we weren in another cookie cutter chain	test	0	0	1	0	0	0	0	0
test6032	the location is also wonderful	test	0	0	0	1	0	0	0	0
test6033	look forward to my next trip back to the magic castle	test	0	0	1	0	0	0	0	0
test6034	very bad service	test	0	0	0	0	0	0	0	1
test6035	this hotel has the worst service	test	0	0	0	0	0	0	0	1
test6036	even though it is in near downtown	test	0	0	0	1	0	0	0	0
test6037	would strongly suggest you stay somewhere else where they treat you with respectful service	test	0	0	0	0	0	0	0	1
test6038	the price is cheap and thats the service you will get	test	0	0	1	0	0	0	0	0
test6039	best service at any four seasons having stayed in many four seasons hotels married in one	test	0	0	0	0	0	0	0	1
test6040	this location is tops in service	test	0	0	0	1	0	0	0	1
test6041	location is just few flat blocks to union square cable cars museums and moscone convention center	test	0	0	0	1	0	0	0	0
test6042	have stayed there many times and never had single bad experience	test	0	0	1	0	0	0	0	0
test6043	if you are looking for sf property you cannot go wrong with this hotel	test	0	0	1	0	0	0	0	0
test6044	the best hotel and location in barcelona amazing place to stay no need to look elsewhere	test	0	0	1	1	0	0	0	0
test6045	if you re young and you like to be in cool neighbourhood with lots to do this is your playground	test	0	0	0	0	0	0	0	0
test6046	ask for the rooms overlooking the ramblas	test	0	0	0	0	0	0	1	0
test6047	just book it	test	0	0	0	0	0	0	0	0
test6049	the hotel is very charming and takes on the modern architectural feel of barcelona	test	0	0	1	0	0	0	0	0
test6050	the room itself is small and leave good deal to be desired	test	0	0	0	0	0	0	1	0
test6051	however the enormous balcony we had and the modern bathroom did balance that out	test	1	0	0	0	0	0	1	0
test6052	the restaurant was very good	test	1	0	0	0	0	0	0	0
test6053	the location is in very central and safe neighborhood and allowed us to easily walk to most attractions	test	0	0	0	1	0	0	0	0
test6055	the hotel was very clean comfortable and in superb location right in the centre of amsterdam dam	test	0	0	1	1	0	0	0	0
test6056	sq red light	test	0	0	0	0	0	0	0	0
test6057	we had triple room which worked out night between us which is great value	test	0	0	0	0	0	0	1	0
test6058	would definitely recommend this hotel for young couples and groups	test	0	0	1	0	0	0	0	0
test6059	ideal location excellent location not knowing the city we found the hotel to be ideally located to the tourist area pier the deals alcatraz	test	0	0	0	1	0	0	0	0
test6060	the hotel was very plush inside staff efficient polite and nver without smile	test	0	0	1	0	0	0	0	1
test6061	our room was fantatic modern clean and decorated to very high standard	test	0	0	0	0	0	0	1	0
test6062	the one down side for myself was that we used it as base and didn get to appreciate the facilities	test	1	0	0	0	0	0	0	0
test6063	would suggest this hotel used if time to be spent relaxing within the hotel if hotel needed to use as base for sightseeing then maybe this one is little too expensive	test	0	0	1	0	0	0	0	0
test6064	stars with stars service	test	0	0	0	0	0	0	0	1
test6065	what more can say about this place that has not been said already	test	0	0	0	0	0	0	0	0
test6066	it felt like home away from home not just hotel	test	0	0	1	0	0	0	0	0
test6067	the owners make you feel really welcomed and give you feeling that you have known them for years	test	0	0	0	0	0	0	0	1
test6068	the best part of all was the friendlyness of staff which is so hard to find in some hotels	test	0	0	0	0	0	0	0	1
test6069	europa is must for all travellers	test	0	0	1	0	0	0	0	0
test6070	great value in der mitte just returned from two night stay at the mercure very unpromising facade but don let that put you off	test	0	0	1	0	0	0	0	0
test6071	we payed around euro night and was pleasently surprised	test	0	0	1	0	0	0	0	0
test6072	we had an enormous room big comfy kingsize bed and great shower	test	0	0	0	0	0	1	1	0
test6073	couldn ask for anymore really about minute stroll to mitte and hackescher markt	test	0	0	0	1	0	0	0	0
test6074	good value base in berlin	test	0	0	1	0	0	0	0	0
test6075	best kept secret in seattle	test	0	0	1	0	0	0	0	0
test6076	this is the best kept secret in seattle	test	0	0	1	0	0	0	0	0
test6077	we were expecting the typical best western hotel	test	0	0	1	0	0	0	0	0
test6078	this is by far the best hotel we have stayed in for many years	test	0	0	1	0	0	0	0	0
test6079	the staff is marvelous	test	0	0	0	0	0	0	0	1
test6081	went to this hotel for valentines weekend as soon as we arrived we were very impressed as they upgraded us for free	test	0	0	1	0	0	0	0	0
test6082	the hotel is fantastic and very clean	test	0	0	1	0	0	0	0	0
test6083	the staff at the hotel were always very helpful and friendly	test	0	0	0	0	0	0	0	1
test6084	this hotel is in perfect location and what better way to enjoy it than to go back for swim and sauna at the end of busy day	test	0	0	0	1	0	0	0	0
test6085	while you are in paris would definately recommend going for meal along the river seine and also meal in the pavillion elysee restaurant along the champse elysee when visit paris again will stay here again	test	0	0	1	0	0	0	0	0
test6086	fit for purpose	test	0	0	0	0	0	0	0	0
test6087	we stayed here for night as we were flying out the next morning at am and everything about the hotel was fine	test	0	0	1	0	0	0	0	0
test6088	the room was clean bathroom was decent size and there was free wifi internet which is always bonus	test	1	0	0	0	0	0	1	0
test6089	shuttle the next morning was also good	test	1	0	0	0	0	0	0	0
test6090	think the hi is getting bad rap stayed here for two nights at the beginning of april	test	0	0	1	0	0	0	0	0
test6091	my room was spotless despite what some reviewers have written and while the bathroom was small the shower itself was roomy the hotel bath linens of very good quality and working iron and ironing board in the closet	test	0	0	0	0	0	1	1	0
test6092	the staff was very friendly very helpful and willing to work with little spanglish if communication broke down	test	0	0	0	0	0	0	0	1
test6093	for one like not being in property facing ashford it was much quieter and still less than block from everything on ashford	test	0	0	0	0	0	0	0	0
test6094	breakfast every am in room facing the pool which only gets sun in the am btw was good with pastries juice and coffee	test	0	1	0	0	0	0	0	0
test6095	all in all more than expected from holiday inn at reasonable prepurchase rate	test	0	0	1	0	0	0	0	0
test6096	encapsulates the heart of florence	test	0	0	0	1	0	0	0	0
test6097	we spent few days here at the end of october to celebrate our anniversary and we couldn have picked nicer spot	test	0	0	1	0	0	0	0	0
test6098	we fell in love with florence and also with this hotel which for us encapsulated the heart of this beautiful city with its relaxed elegance and warm spirit	test	0	0	1	0	0	0	0	0
test6099	we had very florentine room with view and great bed the best of friendly attention from our hosts good breakfast and super location	test	0	1	0	1	0	1	1	1
test6100	in the grim early winter days which are fast enveloping the north of ireland we think about our time out in this little florentine idyll all the time and hope some day to return	test	0	0	1	0	0	0	0	0
test6101	thanks for everything	test	0	0	0	0	0	0	0	0
test6102	great find family hotel in the heart of new york city found this hotel quite by accident and what find	test	0	0	1	1	0	0	0	0
test6103	location is just off times square right in the middle of the action	test	0	0	0	1	0	0	0	0
test6104	hotel is themed on north african theme and it completely works the friendly attentitive staff actually seem to care about your well being and you don feel as though you are corporate number	test	0	0	1	0	0	0	0	1
test6105	in particular the free cheese and wine every evening helps to make you night out complete they do this because they don didn have liquor licence breakfast is continental style but again included in the price	test	0	1	0	0	0	0	0	0
test6106	the rooms are big for new york and welcome change from the chain hotels with fans as well as the usual ac	test	0	0	0	0	0	1	1	0
test6107	the only downside was leaving great place	test	0	0	0	0	0	0	0	0
test6108	nice but noisy location is the problem here	test	0	0	1	1	0	0	0	0
test6109	didn feel safe to walk outside but the front desk got cabs with ease	test	0	0	1	0	0	0	0	1
test6110	very noisy outside double glazing would help	test	0	0	1	0	0	0	0	0
test6111	room excellent staff excellent facilities excellent restaurant bar excellent reasonably priced shuttle to airport excellent	test	1	0	0	0	0	0	1	1
test6112	if it were somewhere else it would get	test	0	0	0	0	0	0	0	0
test6113	fantastic hotel hotel johann is really great hotel the breakfast is fantastic the rooms are clean and modern and great size with fab bathrooms	test	0	1	1	0	0	0	1	0
test6114	it is in more residential area but close to the subway which you will need to use if visiting berlin its very cheap efficient and easy to navigate	test	0	0	0	1	0	0	0	0
test6115	but the area was no problem guess it worth mentioning if you want to be right in the centre where the museums and galleries are	test	0	0	0	0	0	0	0	0
test6116	will definitely stay here again and heartily recommend it on price venue and facilities breakfast spa small bar minibar bikes available and outside seating	test	1	1	1	0	0	0	0	0
test6119	we spent one night at this hotel after reading several reviews that were not so good	test	0	0	1	0	0	0	0	0
test6120	worried about the hotel and the neighborhood after car break in comment am happy to say that our stay was wonderful the surrounding area around the hotel was nice and the whole stay was great	test	0	0	1	0	0	0	0	0
test6121	we have nothing bad to say about this hotel	test	0	0	1	0	0	0	0	0
test6122	we frequently stay at holiday inns and this was nice one	test	0	0	1	0	0	0	0	0
test6123	peace in great location	test	0	0	0	1	0	0	0	0
test6124	we spent two nights here last weekend and it lived up to all of this site positive reviews	test	0	0	1	0	0	0	0	0
test6125	the bed and room were small but wonderful and so quiet	test	0	0	0	0	0	0	1	0
test6126	the service was personal and excellent	test	0	0	0	0	0	0	0	1
test6127	and you step outside the door and can easily walk to great restaurants theater bars and shopping	test	0	0	0	1	0	0	0	0
test6128	this is wonderful find	test	0	0	1	0	0	0	0	0
test6129	expect the worst change of plans had us cancel our stay at the ace hotel	test	0	0	1	0	0	0	0	0
test6130	when we called to cancel week before our cancelled trip we got cancellation number	test	0	0	0	0	0	0	0	0
test6131	month later canadian had been charged on our credit card but we have since trashed the cancellation record	test	0	0	0	0	0	0	0	0
test6132	given we should have kept the number but the manager had been unhelpful unsympathetic and snobby	test	0	0	0	0	0	0	0	1
test6133	shame on them for being in the service industry	test	0	0	0	0	0	0	0	1
test6134	for they have lost not only my business but also of my colleagues and friends	test	0	0	1	0	0	0	0	0
test6135	really liked it	test	0	0	1	0	0	0	0	0
test6136	we stayed in december just for night but liked the location the room great bed and the staff	test	0	0	0	1	0	1	0	1
test6138	it is joined by the skyway to rather pricey malls but is was good not to have to go outside to shop	test	1	0	0	0	0	0	0	0
test6139	legal seafood is in the mall yummy	test	0	1	0	0	0	0	0	0
test6140	would stay again in the summer as it is not far from fenway and lots to see walking around	test	0	0	1	0	0	0	0	0
test6141	lovely excellent value for star hotel	test	0	0	1	0	0	0	0	0
test6142	spacious clean room comfortable beds	test	0	0	0	0	0	1	1	0
test6143	staff were really helpful and friendly	test	0	0	0	0	0	0	0	1
test6144	nice big breakfast room with plenty of choice	test	1	1	0	0	0	0	0	0
test6146	love it	test	0	0	1	0	0	0	0	0
test6148	was surprised by this apartment	test	0	0	1	0	0	0	0	0
test6149	booked three night special rate bedroom and the apartment is better than my expectation	test	0	0	1	0	0	0	1	0
test6150	just care about the convenience of the location and furnitures in the unit and this apartment has all my needs	test	0	0	0	1	0	1	0	0
test6151	definitely will come back if will travel in sydney again and have told my friends about this good accommodation for long term stay haha	test	0	0	1	0	0	0	0	0
test6152	staff is wonderful	test	0	0	0	0	0	0	0	1
test6153	my wife and stayed at this hotel back in december for nights	test	0	0	1	0	0	0	0	0
test6154	great location if you re there to see the city at christmas time	test	0	0	0	1	0	0	0	0
test6155	the room was very good size for new york hotel room and defintely classier than what you typically see at residence inn	test	0	0	0	0	0	0	1	0
test6156	the staff was unbelievably polite and helpful	test	0	0	0	0	0	0	0	1
test6158	highly recommend had great time staying here the staff were super friendly from the minute we arrived	test	0	0	1	0	0	0	0	1
test6159	very clean hotel and rooms located extremely close to union square and even had starbuck attached to the building	test	0	0	1	0	0	0	1	0
test6160	also close to car hire firms and main shopping area	test	0	0	0	1	0	0	0	0
test6161	concierge also had greeat locval knowledge or resturants and shops	test	0	0	0	0	0	0	0	1
test6164	we had great time there	test	0	0	1	0	0	0	0	0
test6165	we were at the hotel for the big star trek tribute and farewell for james doohan and the rest of the original star trek cast	test	0	0	0	0	0	0	0	0
test6166	great hotel great surroundings	test	0	0	1	0	0	0	0	0
test6169	we arrived at the hotel louvre sainte anne with high expectations which could have really set us up for disappointment	test	0	0	1	0	0	0	0	0
test6170	fortunately we were even more impressed than we thought we would be	test	0	0	0	0	0	0	0	0
test6171	the staff was very helpful always smiling and the room was wonderfully clean with distant view of the sacre coeur from the balcony on the fourth floor	test	0	0	0	0	0	0	1	1
test6172	it is close to the pyramides metro station so it easy to navigate the city from its location	test	0	0	0	1	0	0	0	0
test6173	not sure that will choose pricier hotel in paris because this hotel has so much to offer all the more reason to splurge on some fantastic french food	test	0	1	1	0	0	0	0	0
test6174	back again	test	0	0	0	0	0	0	0	0
test6175	on our trip through mexico we stayed three nights at the nh hotel mexico city	test	0	0	1	0	0	0	0	0
test6176	everything was excellent very clean and calm room on the ninth floor with all comfort you can imagine till toothbrushes toothpaste wax for shoes the breakfast buffet was tremendous and the staff was friendly and competent spoke even french	test	0	1	1	0	0	1	1	1
test6177	we felt that in this hotel all is made so that the customer feelshimself well	test	0	0	1	0	0	0	0	0
test6178	be sure that if once we come again to mexico we will stay at the nh	test	0	0	1	0	0	0	0	0
test6179	review hotel des grands hommes staff nice and welcoming	test	0	0	1	0	0	0	0	1
test6180	we got the room at the top floor with wonderful view of the pantheon	test	0	0	0	0	0	0	1	0
test6181	would not recommend breakfast though	test	0	1	0	0	0	0	0	0
test6182	also shower could be definitely improved	test	0	0	0	0	0	1	0	0
test6183	overall good stay there	test	0	0	1	0	0	0	0	0
test6184	just ok stayed before and really liked this hotel	test	0	0	1	0	0	0	0	0
test6185	but this time had room that needed lots of work	test	0	0	0	0	0	0	1	0
test6186	the carpet was really bad	test	0	0	0	0	0	1	0	0
test6187	service is good as well as the location	test	0	0	0	1	0	0	0	1
test6188	almost luxury in the middle of the french quarter	test	0	0	1	0	0	0	0	0
test6189	the omni is very nice hotel refreshing change from the norm in the middle of the french quarter	test	0	0	1	0	0	0	0	0
test6190	the rooms are comfortable and if you want lots of space request king corner room could ve swim laps in the bathtub	test	0	0	0	0	0	1	1	0
test6191	if you hang out in the hotel bar you are sure to run into celebrity during the week on break from filming	test	1	0	0	0	0	0	0	0
test6192	will go back any time we spent last weekend in amsterdam	test	0	0	0	0	0	0	0	0
test6193	we wanted good downtown location so opted for the pulitzer	test	0	0	0	1	0	0	0	0
test6194	the room we were given was overlooking the inner garden which was perfectly nice and quiet	test	0	0	0	0	0	0	1	0
test6195	whilst we have seen bigger rooms in luxury hotels in the us and far east for european standards it was of good size and very ell apointed and functional something you don see everywhere	test	0	0	1	0	0	0	1	0
test6196	since the weather was so good lunch and dinner were served in the garden as well which we didnt join since we had other plans staff especially porters and concierge were extremely helpful in assisting with our plans which were disrupted due to rail strike on the first day of our stay	test	0	1	0	0	0	0	0	1
test6197	all in all the location can be beaten and with the uniqueness of the architecture and the helpful staff pulitzer gets thumb up	test	0	0	1	1	0	0	0	1
test6198	beautiful and quiet	test	0	0	1	0	0	0	0	0
test6199	the library is beautiful clean lovely hotel in great location	test	1	0	0	1	0	0	0	0
test6200	the staff from arrival until we left days later were attentive knowledgable and helpful	test	0	0	0	0	0	0	0	1
test6201	the rooms are numbered with the dewey decimal system and each room has little theme ours was the ancient language room and they are tastefully decorated to create calm inviting setting	test	0	0	0	0	0	0	1	0
test6202	they have complementary breakfast drinks and snacks through out the day complimentary wine and cheese daily rooftop bar streetlevel resturaunt oncall doctor free movie rentals and are within walking distance to th avenue shopping grand central station and st patrick cathedral	test	1	1	0	1	0	0	0	0
test6203	we are thankful to have found this place	test	0	0	0	0	0	0	0	0
test6204	like spacious apartment our room at the lenox was enormous	test	0	0	1	0	0	0	1	0
test6205	it was perfect oasis to return to each night with huge bathroom and separate closet room	test	0	0	1	0	0	0	1	0
test6206	staff were excellent and friendly and the location was perfect being close to newberry street and boylston street shops and restaurants	test	0	0	0	1	0	0	0	1
test6207	the king size bed did slope into the middle little but we still found it comfortable	test	0	0	0	0	0	1	0	0
test6208	strongly recommended	test	0	0	1	0	0	0	0	0
test6209	pleasantly surprised	test	0	0	1	0	0	0	0	0
test6210	stayed here over weekend and paid ridicously low rate so wasn expecting much	test	0	0	1	0	0	0	0	0
test6211	the concierge was very helpful and the beautiful hotel bar is wonderful place to relax with glass of wine and listen to piano or later in the night the jazz quartet	test	1	0	0	0	0	0	0	1
test6212	my room was very large my only complaint is the plumbing is still very old it took long time for the hot water	test	0	0	0	0	0	1	1	0
test6213	otherwise this place is gem and nice change of pace from the cookie cutter chains	test	0	0	1	0	0	0	0	0
test6215	we staid at the renaissance for nights during our familly trip to the usa last year and it has been great experience	test	0	0	1	0	0	0	0	0
test6216	very nice room nice view over the city great location nice restaurant helpful employees everything positive except maybe the swimming pool that was bit sad looking compared to the general impression given by the hotel	test	1	0	0	1	0	0	1	1
test6217	worth the stay there	test	0	0	1	0	0	0	0	0
test6218	good hotel is at good location to shops and foods	test	0	0	1	1	0	0	0	0
test6219	the hotel staff were fantastic friendly informative and helpful all the time	test	0	0	0	0	0	0	0	1
test6220	the room is very cosy but	test	0	0	0	0	0	0	1	0
test6221	not very big anyway that is the normal size of hotel in hong kong	test	0	0	1	0	0	0	0	0
test6222	the only weak point is the room lights are not bright enough to read at night	test	0	0	0	0	0	1	0	0
test6223	ideal for large groups	test	0	0	1	0	0	0	0	0
test6224	stayed here for stag weekend with other lads in our and	test	0	0	1	0	0	0	0	0
test6225	found it to be good quality well run clean hotel	test	0	0	1	0	0	0	0	0
test6226	staff were all very curteous and welcoming even when returning from nights out at am and rooms were clean and adequate	test	0	0	0	0	0	0	1	1
test6227	didn sample the food plenty of cafes restaurants and bars within yards	test	1	0	0	0	0	0	0	0
test6228	steps to excellent metro system are outside the front door and this takes you anywhere in the city including the airport get day card about euros or ticket that allows journeys would definately recommend this professionally run place especially for large groups only down side was the cost of the breakfast euro day is bit stiff	test	1	1	0	0	0	0	0	0
test6229	zy this hotel may appear old and run down from the outside	test	0	0	1	0	0	0	0	0
test6230	but found it quant clean and roomy on the inside	test	0	0	1	0	0	0	0	0
test6231	rented room that had bathroom	test	0	0	0	0	0	0	1	0
test6232	the room had room and even though the building was older it was clean	test	0	0	1	0	0	0	0	0
test6233	the was location was great blocks from pikes place stayed for nights	test	0	0	0	1	0	0	0	0
test6234	my only complaints were thin walls you could hear chatter next door even when others were using speaking voices and one night were the neighbors liked to party late	test	0	0	0	0	0	0	1	0
test6235	not good for parking	test	1	0	0	0	0	0	0	0
test6236	the hotel itself is older but clean	test	0	0	1	0	0	0	0	0
test6237	our room was very large and even had seperate bedroom from the living area	test	0	0	0	0	0	0	1	0
test6238	the parking is extremely limited and extremely tight	test	1	0	0	0	0	0	0	0
test6239	don try parking here unless your in an economy size vehicle	test	1	0	0	0	0	0	0	0
test6240	camera piccola che	test	0	0	0	0	0	0	0	0
test6241	necessita	test	0	0	0	0	0	0	0	0
test6242	di	test	0	0	0	0	0	0	0	0
test6244	really comfortable beds	test	0	0	0	0	0	0	1	0
test6245	excellent service really clean room with wonderful mattress	test	0	0	0	0	0	1	1	1
test6246	the staff were attentive and pleasant	test	0	0	0	0	0	0	0	1
test6247	the shuttle service was really great	test	1	0	0	0	0	0	0	0
test6248	only complaint is the breakfast needs more protein offerings	test	0	1	0	0	0	0	0	0
test6249	sweet and over the top and worth it	test	0	0	1	0	0	0	0	0
test6250	this is small place close to what you will want to see even for old hats of paris	test	0	0	0	1	0	0	0	0
test6251	the staff will speak english if you do and will speak french if you do even if you speak poorly	test	0	0	0	0	0	0	0	1
test6252	the amex bill will floor you on return but there is no better place to stay in paris	test	0	0	1	0	0	0	0	0
test6253	and don forget to toss crumb or two to the birds at breakfast	test	0	0	0	0	0	0	0	0
test6254	great to relax we stayed just for the weekend the hotel is in great location just minuets walk away from dam square	test	0	0	1	1	0	0	0	0
test6255	the staff were very very friendly and helped in every way they could	test	0	0	0	0	0	0	0	1
test6256	the room we stayed in was little on the small side	test	0	0	0	0	0	0	1	0
test6257	but it had everything it said it had and great little balcony overlooking the canal	test	0	0	0	0	0	0	1	0
test6258	were already talking about going back at easter and will hopefully be staying at hotel nadia	test	0	0	1	0	0	0	0	0
test6260	this hotel offers great value for money the rooms are large for japan standards have great views over akasaka	test	0	0	1	0	0	0	1	0
test6261	the metro stop is only couple of minutes walk	test	0	0	0	1	0	0	0	0
test6262	there lot of dining opportunities in the hotel few minutes walk away in akasaka	test	0	0	0	1	0	0	0	0
test6263	would certainly stay here again	test	0	0	1	0	0	0	0	0
test6264	great hotel for city break we stayed at the residence inn from june for nights	test	0	0	1	0	0	0	0	0
test6265	we had bed suite on the th floor which had everything you need even had large dishwasher and huge fridge freezer which came in handy for ice cream as there was an heatwave on whilst we were there	test	0	0	0	0	0	1	1	0
test6266	could not fault it at all	test	0	0	0	0	0	0	0	0
test6267	hotel is in great location plenty of resturants nearby not too far to the train station	test	0	0	0	1	0	0	0	0
test6268	think this is probably the best hotel we have stayed in when doing city break	test	0	0	1	0	0	0	0	0
test6271	march was my nd stay at the hotel alessandra	test	0	0	1	0	0	0	0	0
test6272	it is beautiful hotel within block of the ponte vecchio	test	0	0	1	0	0	0	0	0
test6273	plus we had room with view of the arno	test	0	0	0	0	0	0	1	0
test6274	recommend this hotel would stay there again in heartbeat	test	0	0	1	0	0	0	0	0
test6276	very cozy great hotel with nice relaxed atmosphere	test	0	0	1	0	0	0	0	0
test6277	after long cold day in the city	test	0	0	0	0	0	0	0	0
test6278	it was so nice to sit by the big fireplace order drink and watch the boats go by	test	1	0	0	0	0	0	0	0
test6279	rooms aren huge but very cozy	test	0	0	0	0	0	0	1	0
test6280	very pleasant stay stayed here from th april for nights and had very enjoyable stay	test	0	0	1	0	0	0	0	0
test6281	staff were very friendly and helpful	test	0	0	0	0	0	0	0	1
test6282	the ooms were nice if tad smaller than we are used to and the absence of bath was disappointment having said that the were nicely decorated with modern furnishings and flat screen	test	0	0	0	0	0	0	1	0
test6283	tv the hotel is in quiet location about minutes walk to the placa catalunya or minutes to the rocaforte metro stop and then minutes on the line to the pl	test	0	0	0	1	0	0	0	0
test6284	catalunya we did find the breakfast room bit of crush but the food was adequate and frequently replenished	test	0	1	0	0	0	0	0	0
test6285	poor guest services operator stayed at hotel for post operation recovery	test	0	0	0	0	0	0	0	0
test6286	telephone did not work in the room	test	0	0	0	0	0	0	0	0
test6287	operator wrongly misdirected friends family as well as doctor that did not want to receive any phone calls	test	0	0	0	0	0	0	0	0
test6288	front desk operator further aggravated the situation by pre screening calls by asking callers for the identification and relation to the guest	test	0	0	0	0	0	0	0	0
test6289	would not recommend other patients of the nearby hospital to stay at this hotel not friendly service towards guest callers	test	0	0	0	0	0	0	0	0
test6290	great stay at the sumner good location to all the main sights newly renovated clean comfortable efficient	test	0	0	1	1	0	0	0	0
test6291	great wireless internet breakfast was ok staff was very good friendly helpful overall excellent value for the money in london	test	1	1	1	0	0	0	0	1
test6292	we chose the sumner mostly based on tripadvisor feedback	test	0	0	1	0	0	0	0	0
test6293	the feedback was bang on	test	0	0	0	0	0	0	0	0
test6294	we had really good experience at the sumner and will definitely return may even consider staying here on business for my next trip to lond	test	0	0	1	0	0	0	0	0
test6296	we stayed for nights at the argonaut our second stay here	test	0	0	1	0	0	0	0	0
test6297	the hotel location at the end of fisherman wharf and almost next to ghirardelli square is just about perfect for vacationing travelers very convenient yet quiet	test	0	0	0	1	0	0	0	0
test6298	service is excellent beds are extremely comfortable and rooms are well decorated and clean	test	0	0	0	0	0	1	1	1
test6299	the hotel restaurant blue mermaid is very good although we liked capurro across the street better for breakfast	test	1	0	0	0	0	0	0	0
test6300	the bowls of fruit in the lobby and the wine hour in the afternoon are great added touches that make you feel good that you decided to stay there	test	1	1	0	0	0	0	0	0
test6301	location location location superb location near shops resturants very good area as far as barcelona goes	test	0	0	0	1	0	0	0	0
test6302	we walked to many of the main sights in barcelona from the hotel	test	0	0	0	1	0	0	0	0
test6303	pool not worth factoring into your hotel choice as is tiny but nice roof terrace	test	1	0	0	0	0	0	0	0
test6304	found staff very helpful	test	0	0	0	0	0	0	0	1
test6305	room was in modern half of hotel good size showing wear some noise from other rooms and drainage system	test	0	0	0	0	0	0	1	0
test6307	this hotel was everything we thought it would be and more	test	0	0	1	0	0	0	0	0
test6308	chantal the manager was delightful and the staff was so attentive	test	0	0	0	0	0	0	0	1
test6309	they saved us enormous time in acquiring show tickets and other information about london	test	0	0	0	0	0	0	0	1
test6310	would schedule another trip tomorrow if possible	test	0	0	0	0	0	0	0	0
test6311	mfort and convenience at the right price this hotel is primarily business hotel	test	0	0	1	0	0	0	0	0
test6312	it was clean comfortable and the staff was friendly	test	0	0	1	0	0	0	0	1
test6313	there is no hot tub thought there was	test	0	0	0	0	0	1	0	0
test6314	but when asked about it was told it had been filled in with concrete	test	0	0	0	0	0	0	0	0
test6315	there is also no gift shop	test	1	0	0	0	0	0	0	0
test6316	the rooms were nice and felt like this hotel was good value	test	0	0	1	0	0	0	1	0
test6317	hated the ariele in florence tuscany two of three concierges in this hotel were incredibly rudeand surly	test	0	0	1	0	0	0	0	1
test6318	my son had the room in his name but eventhough	test	0	0	0	0	0	0	0	0
test6319	his two traveling companions had their passports they could not get into their room until he arrived in the evening	test	0	0	0	0	0	0	0	1
test6320	the room had already been paid for through travel agent	test	0	0	0	0	0	0	0	0
test6321	the hotel shower curtains were moldy and it was outof the way which made taking taxi to and from the hotelnecessary	test	0	0	0	0	0	1	0	0
test6322	would never recommend this hotel to anyone	test	0	0	1	0	0	0	0	0
test6323	wonderful boutique hotel	test	0	0	1	0	0	0	0	0
test6324	we truly enjoyed the extra touches of this boutique hotel and the historical feel of the sorrento	test	0	0	1	0	0	0	0	0
test6325	the staff was outstanding and the town car wonderful perk	test	1	0	0	0	0	0	0	1
test6326	the bed was extremely comfortable	test	0	0	0	0	0	1	0	0
test6327	the biggest negative is the very very small bathroom	test	0	0	0	0	0	0	1	0
test6328	we had lovely stay at the sorrento	test	0	0	1	0	0	0	0	0
test6330	the staff of this hotel was so helpful and nice it really set our stay out on the right foot	test	1	0	0	0	0	0	0	1
test6331	our room was large and bright with plenty of toiletries and towels and robes for my husband child and me	test	0	0	0	0	0	1	1	0
test6333	location was terrific very easy to get to and from the airport and near much of what we wanted to do and see in barcelona	test	0	0	0	1	0	0	0	0
test6334	an oasis from the hustle and bustle of the ramblas we were there for long weekend and the location and standard of the hotel made the weekend for us	test	0	0	1	1	0	0	0	0
test6335	it was great to be able to walk off the ramblas straight into the hotel where peace and tranquillity was the order	test	0	0	0	1	0	0	0	0
test6336	the staff were both courteous and efficient and the bar service was excellent	test	0	0	0	0	0	0	0	1
test6337	some may consider the rooms on the small side but they are furnished and decorated to very high standard and to be fair you will not spend lot of time in them if you want to take in all the sights and experiences barcelona has to offer	test	0	0	0	0	0	0	1	0
test6338	have recommended the hotel to both family and friends and will definately stay here again on our next visit	test	0	0	1	0	0	0	0	0
test6339	delightful and romantic	test	0	0	1	0	0	0	0	0
test6340	we stayed at this hotel with friends	test	0	0	1	0	0	0	0	0
test6341	we decided to spend about more per night but our room was spectacular while theirs was average or below	test	0	0	1	0	0	0	1	0
test6342	still even they were satisfied with the stay because they saved money and the location was ideal for our tastes	test	0	0	0	1	0	0	0	0
test6343	really wonderful hotel but don spare the expense	test	0	0	1	0	0	0	0	0
test6344	it worth every penny	test	0	0	1	0	0	0	0	0
test6345	fantastic hotel and unbeatable location	test	0	0	1	1	0	0	0	0
test6346	just experienced the newly renovated rooms at this beautiful hotel and was totally blown away	test	0	0	1	0	0	0	1	0
test6347	the most comfortable bed ever skept in huge flatscreen tv and beautiful bathroom with rainshower and extra tv	test	0	0	0	0	0	1	1	0
test6348	the location right in the ramblas is unbeatable and the service was attentive and caring	test	0	0	0	1	0	0	0	1
test6349	loved every second of my stay	test	0	0	1	0	0	0	0	0
test6350	nice and simple this hotel had everything we needed	test	0	0	1	0	0	0	0	0
test6351	we only stayed one night but the price was right and the staff was helpful	test	0	0	1	0	0	0	0	1
test6352	it is an older property	test	0	0	1	0	0	0	0	0
test6353	so there was lot of ambient noise but that was to be expected	test	0	0	1	0	0	0	0	0
test6354	be aware that it will cost to park your car even if you self park	test	1	0	0	0	0	0	0	0
test6355	brilliant hotel thanks for the great ideas got from your site we had brilliant holiday in the ve travelled extensively over the past years and lived in countries	test	0	0	0	0	0	0	0	0
test6356	the omni in frisco is my new favourite hotel	test	0	0	1	0	0	0	0	0
test6357	it was worth every penny they got the little things so right and were charming and helpful hosts the room was spotless and well appointed and the location is good	test	0	0	1	1	0	0	1	1
test6358	really was so impressed wouldn dream of staying anywhere else	test	0	0	1	0	0	0	0	0
test6359	and it not just for oldies	test	0	0	0	0	0	0	0	0
test6360	my teenage daughter was also impressed	test	0	0	0	0	0	0	0	0
test6361	stayed night	test	0	0	1	0	0	0	0	0
test6362	only one thing to say ask your rep for move to hotel	test	0	0	0	0	0	0	0	0
test6363	take no excuses get out	test	0	0	0	0	0	0	0	0
test6364	thats what did	test	0	0	0	0	0	0	0	0
test6365	and ended up in much better hotel in bavaro with view from my room overlooking the whole of bavaro bay view to die for	test	0	0	0	0	0	0	1	0
test6366	good location but small rooms good location right next to all the shops in the centre of san farn	test	0	0	0	1	0	0	1	0
test6367	the rooms were good but on the small side	test	0	0	0	0	0	0	1	0
test6368	would stay again but might search to see if there are more reasonably priced hotels with the same facilities	test	1	0	1	0	0	0	0	0
test6369	main bonus was the swimming pool	test	1	0	0	0	0	0	0	0
test6370	lovely break from hot city	test	0	0	1	0	0	0	0	0
test6371	not bad pllace to stay we needed fairly inexpensive place near the quarter and found the courtyard	test	0	0	1	0	0	0	0	0
test6372	we arrived not knowing what to expect	test	0	0	0	0	0	0	0	0
test6373	while it was not luxurious it was clean the pool courtyard area were fantastic and easy to get to and the staff was friendly and bent over backwards to help make our stay enjoyable	test	1	0	1	0	0	0	0	0
test6374	no matter where your room is you are close to street level and traffic could be noisy at night	test	0	0	0	0	0	0	1	0
test6375	the continental breakfast was small but it was available all morning long and the coffee was great	test	0	1	0	0	0	0	0	0
test6376	while it not the ritz it not bad place to stay	test	0	0	1	0	0	0	0	0
test6378	love the pool	test	1	0	0	0	0	0	0	0
test6379	went down for weekend for wedding	test	0	0	0	0	0	0	0	0
test6380	the hotel food is excellent	test	0	1	0	0	0	0	0	0
test6381	the area is close to downtown which is near by to everything	test	0	0	0	1	0	0	0	0
test6382	the hotel is bit pricy but worth it	test	0	0	1	0	0	0	0	0
test6383	terrific location we stayed at this hotel on our first nights in australia	test	0	0	1	1	0	0	0	0
test6384	the view of darling harbour from the room was amazing	test	0	0	0	0	0	0	1	0
test6385	the hotel room was excellent in everyway	test	0	0	0	0	0	0	1	0
test6386	the location to transport the harbour bars restaurants and ferries couldn have been better	test	0	0	0	1	0	0	0	0
test6387	lot of business people use this hotel but tourists are made very welcome by the friendly and courteous staff	test	0	0	0	0	0	0	0	1
test6388	would certainly stay here again on my next visit to sydney	test	0	0	1	0	0	0	0	0
test6390	was looking for clean and pleasant hotel in central location and this really fits the bill	test	0	0	1	1	0	0	0	0
test6391	the modernisation has ben done thoughtfully with old features retained but clean spacious modern rooms	test	0	0	1	0	0	0	1	0
test6392	the staff were helpful and the hotel was great as base to explore the city	test	0	0	1	0	0	0	0	1
test6393	did not eat in the hotel there were too many tempting local restaurants nearby but the bar was stylish and welcoming	test	1	0	0	0	0	0	0	0
test6394	the rate charged seemed to me to offer very good value indeed for the quality of the service provided	test	0	1	0	0	0	0	0	0
test6395	great location we stayed at hotel rembrandt centrum last march	test	0	0	1	1	0	0	0	0
test6397	near dam square and not far from the centraal station	test	0	0	0	1	0	0	0	0
test6398	our room was large clean and with view to canal	test	0	0	0	0	0	0	1	0
test6399	the people at reception were friendly and always ready to give infomations about the city	test	0	0	0	0	0	0	0	1
test6400	boutique great service location great very enjoyable stay	test	1	0	0	1	0	0	0	1
test6401	all at your service rooms beautiful crisp clean modern bathrobes slippers complimentary bottle water chocolate on stick at bedtime	test	0	0	1	0	0	0	1	0
test6402	breakfast buffet	test	0	1	0	0	0	0	0	0
test6403	light fresh fruits cheeses eggs	test	0	0	0	0	0	0	0	0
test6404	smaller hotel more of boutique off the main roads but location excellent	test	0	0	1	1	0	0	0	0
test6405	easy walking to the seine lourve champs elysees would stay here again in heartbeat	test	0	0	1	1	0	0	0	0
test6406	isy noisy there was construction going on just outside my window	test	0	0	1	0	0	0	0	0
test6407	and it was very noisy	test	0	0	1	0	0	0	0	0
test6408	when checked out the staff accused me of trying to skimp on minibar purchases	test	0	0	0	0	0	0	0	1
test6409	they claimed there was half drunk open bottle of beer in the room when there wasn	test	0	0	0	0	0	0	0	0
test6410	found them very rude and disrespectful	test	0	0	0	0	0	0	0	1
test6411	loved this hotel stayed at this hotel for four nights it was our silver wedding anniversary	test	0	0	1	0	0	0	0	0
test6412	the hotel is excellent and the staff are	test	0	0	1	0	0	0	0	1
test6413	so friendly there english is exceptional	test	0	0	0	0	0	0	0	1
test6414	it is ten minutes from the eiffel tower and the metro is	test	0	0	0	1	0	0	0	0
test6415	just outside there are number of bars and eating places near by which are not expensive	test	0	0	0	1	0	0	0	0
test6416	this was our first trip to paris and we loved	test	0	0	0	0	0	0	0	0
test6417	great hotel but not so great location	test	0	0	1	1	0	0	0	0
test6418	the hotel is very modern with an air of trendiness the furniture is new and very nice the bathroom is large well equiped and the entire place is clean and shiny	test	0	0	1	0	0	0	1	0
test6419	on the other hand some things are little kitchy like the linoleum on the hallway and in the room first thought it parquet the breakfast is really poor the parking little too expensive euros day and the glass door from the bathroom annoying	test	1	1	0	0	0	1	1	0
test6420	the hotel is near the train station but the trains were far less bothering than the people in the next room	test	0	0	1	0	0	0	0	0
test6421	unfortunately you can hear everything through the walls	test	0	0	0	0	0	0	1	0
test6422	it takes about minutes to the center	test	0	0	0	0	0	0	0	0
test6423	room inadaquate	test	0	0	0	0	0	0	1	0
test6424	was assigned room which was located directly next to the elevator shaft	test	0	0	0	0	0	0	1	0
test6425	it was impossible to get any sleep throughout the night due to the loud noise from two elevators moving up and down	test	0	0	0	0	0	0	1	0
test6426	this was room that cost over	test	0	0	0	0	0	0	1	0
test6427	great location terrible rooms	test	0	0	0	1	0	0	1	0
test6428	the only thing this hotel has going for it is the location	test	0	0	0	1	0	0	0	0
test6429	it is just around the corner from nathan street which is ideal for any shopaholics and there is an underground station minute鈥檚 walk away from the hotel	test	0	0	0	1	0	0	0	0
test6430	the kowloon hotel is very busy hotel which caters for business people and tourists alike	test	0	0	1	0	0	0	0	0
test6431	as say the location is excellent but the rooms are just tiny and not particularly pleasurable to be in either i鈥檓 afraid	test	0	0	0	1	0	0	1	0
test6432	however if you don鈥檛 plan to be in the room much and are looking for somewhere central to explore hong kong as we were and without forking out small fortune for more exclusive hotel then this hotel is worth considering	test	0	0	0	1	0	0	0	0
test6433	same as last time	test	0	0	0	0	0	0	0	0
test6435	location is perfect staff is pleasant and helpful rooms are large and clean	test	0	0	0	1	0	0	1	1
test6436	for the price you don get much better than this	test	0	0	1	0	0	0	0	0
test6437	great hotel consistent service not good location have stayed here few times for business and this hotel never disappoints	test	0	0	1	1	0	0	0	1
test6438	courtyard pool and spa are an oasis in this concrete jungle	test	1	0	0	0	0	0	0	0
test6439	rooms area clean and consistent and up to four seasons standards	test	0	0	0	0	0	0	1	0
test6440	hotel not located in the best area of the city and would not recommend walking outside even though there is park closeby	test	0	0	0	1	0	0	0	0
test6441	hotel is located in an area with alot of one way stalled traffic so real pain to get in and out of the hotel if you are trying to get to meetings or the airport to catch flight	test	0	0	0	1	0	0	0	0
test6442	nur	test	0	0	0	0	0	0	0	0
test6443	zur bahn	test	0	0	0	0	0	0	0	0
test6444	sehr gute	test	0	0	0	0	0	0	0	0
test6446	great deal	test	0	0	1	0	0	0	0	0
test6447	got great deal at the marinna inn	test	0	0	1	0	0	0	0	0
test6448	the location was nice the hotel clean friendly and problem free	test	0	0	1	1	0	0	0	0
test6449	we had room on the street and the noise didn bother us bit	test	0	0	0	0	0	0	1	0
test6450	but we are used to downtown living	test	0	0	0	0	0	0	0	0
test6451	would recommend for anyone on budget	test	0	0	1	0	0	0	0	0
test6452	disappointed just returned from hotel vacation and the hyatt features as the poorest in terms of quality but not the cheapest	test	0	0	1	0	0	0	0	0
test6453	room was ok but wardrobe door was loose and faulty	test	0	0	0	0	0	1	1	0
test6454	hair in sink and bath was off putting	test	0	0	0	0	0	0	1	0
test6455	best measure of lack of customer service was the filthy window which we reported immediately on check in hand marks and writing on internal window	test	0	0	0	0	0	0	0	1
test6456	we were told someone would clean then they would clean next day needless to say it remained uncleaned on check out two days later	test	0	0	0	0	0	0	1	0
test6457	location only good point	test	0	0	0	1	0	0	0	0
test6458	once is enough if this is star hotel monkey uncle	test	0	0	1	0	0	0	0	0
test6459	ll give it stars on good day	test	0	0	1	0	0	0	0	0
test6460	the rooms are dated although ours was good sized and with nice view over the dam	test	0	0	0	0	0	0	1	0
test6461	staff were not necessarily rude but useless and incompetent at best although think this was simply because the staff just did not care	test	0	0	0	0	0	0	0	1
test6462	got good deal on the internet but wish would ve paid more and gone somewhere else	test	0	0	1	0	0	0	0	0
test6463	friendly central and clean just spent nights at the magda etoile and have to say we were very impressed by number of points	test	0	0	1	1	0	0	0	1
test6464	the position is within minutes walk of the arch	test	0	0	0	1	0	0	0	0
test6465	the staff are absolutely helpful and friendly and the rooms are not as small as we thought they would be with quaint little balcony	test	0	0	0	0	0	0	1	1
test6466	interiors were very clean and the bathroom excellent	test	0	0	0	0	0	0	1	0
test6467	didnt have breakfast there so cant really comment	test	0	0	0	0	0	0	0	0
test6468	all in all would highly recommend	test	0	0	1	0	0	0	0	0
test6469	would rather sleep in my car fly and stay at hotels lot	test	0	0	0	0	0	0	0	0
test6470	this has got to be on my top worst	test	0	0	1	0	0	0	0	0
test6471	the staff was rude the elevator was broke the room was disgusting and the ambiance was well ghetto	test	1	0	0	0	0	0	1	1
test6472	there were drug deals going on in daylight and ladies soliciting beside them	test	0	0	1	0	0	0	0	0
test6473	the place is rundown and needs good cleaning	test	0	0	1	0	0	0	0	0
test6474	stay away and spend your dollar bit further away from the airport	test	0	0	1	0	0	0	0	0
test6475	newly fitted room expensive breakfast it鈥檚 big hotel in the middle of the city	test	0	0	1	1	1	0	1	0
test6476	quite old even if the room and bathroom are newly fitted	test	0	0	1	0	0	0	1	0
test6477	nice selection beauty products and it鈥檚 possible to choose the most comfortable pillow	test	0	0	0	0	0	1	0	0
test6478	it鈥檚 quite an anonymous therefore if you鈥檙e looking to something with traditional dutch atmosphere it鈥檚 not the hotel for you	test	0	0	0	0	0	0	0	0
test6479	breakfast is incredibly expensive and it鈥檚 better to go to one of the bakeries or cafes鈥 around	test	0	1	0	0	0	0	0	0
test6480	the restaurant in front of the hotel is amazing	test	0	0	0	1	0	0	0	0
test6481	an wait to return to uma stayed at the uma for nights in terrace room and emerged totally relaxed and recharged	test	0	0	1	0	0	0	1	0
test6482	was lucky to catch the hotel in low season place was utterly serene and prob only saw handful of other guests around the entire time	test	0	0	1	0	0	0	0	0
test6483	restaurant poolbar and front desk staff were friendly and helpful	test	0	0	0	0	0	0	0	1
test6484	what really appreciated mins walk from mozaic must be the best restaurant in bali pool	test	0	0	0	1	0	0	0	0
test6485	is good length	test	0	0	0	0	0	0	0	0
test6486	could be metresfree transfers to town from morning to nightresort is lush and green with lots of plants flowerscomo shambhala toiletriesno major issues with the hotel except that there were flies by the poolside which makes it inconvenient if you want to leave your food drink unguarded while you take dip	test	0	0	1	0	0	0	0	0
test6487	the staff hate americans	test	0	0	0	0	0	0	0	1
test6488	the staff were rude spiteful and went out of their way to make my stay unpleasant	test	0	0	0	0	0	0	0	1
test6489	the room was average the breakfast not so bad	test	0	1	0	0	0	0	1	0
test6490	if you in any way resemble an american look elsewhere	test	0	0	0	0	0	0	0	0
test6491	the only one staff person who spoke english worked in the morning	test	0	0	0	0	0	0	0	1
test6492	and she was absolutely unbelievably nasty	test	0	0	0	0	0	0	0	1
test6493	great rooms good location pricey very nice bedroom suite in great location near shopping and subway	test	0	0	0	1	0	0	1	0
test6494	staff very friendly	test	0	0	0	0	0	0	0	1
test6495	this was business junket so we didn have to pick up the tab	test	0	0	1	0	0	0	0	0
test6496	think it was around night	test	0	0	1	0	0	0	0	0
test6497	could never afford to stay here on my own but it was fun for just this one time	test	0	0	1	0	0	0	0	0
test6498	great vacation our two week vacation at this resort was more than excellent everything	test	0	0	1	0	0	0	0	0
test6499	was perfect the staff was great especially ricardo the concierge who was always very helpful julio who organized the beach activities was always fun and helpful and francisco our spanish professor who did great job trying to teach us spanish the	test	0	0	0	0	0	0	0	1
test6500	grounds are beautiful and well	test	1	0	0	0	0	0	0	0
test6501	kept and they are always improving and maintaining the place well the food was very good with choice of restaurants the	test	0	1	0	0	0	0	0	0
test6502	rooms are all large and clean and the chamber maid service was excellent this is great place to spend our vacation and we will return without any hesitation	test	0	0	1	0	0	0	1	1
test6503	renovated rooms are great	test	0	0	0	0	0	0	1	0
test6504	checked in at midnight on new year eve as part of layover and desk staff	test	0	0	0	0	0	0	0	1
test6506	after reading bad reviews here asked for renovated room which was very impressive	test	0	0	0	0	0	0	1	0
test6507	no problems and	test	0	0	1	0	0	0	0	0
test6508	would definitely stay here again for the convenience of walking out the elevator to my next flight	test	0	0	1	1	0	0	0	0
test6509	in the center of tokio	test	0	0	0	0	0	0	0	0
test6510	we stayed in this hotel with soccer team for the soccer cup for days	test	0	0	1	0	0	0	0	0
test6511	everything is star the rooms the food the service etc	test	0	1	0	0	0	0	1	1
test6512	the best thing of the hotel is his location in the center of the city easy to shoping visits dinnig and go out	test	0	0	0	1	0	0	0	0
test6513	we enjoyed very much our stayed here we felt very safe and in the midle of everything	test	0	0	1	0	0	0	0	0
test6514	very nice	test	0	0	1	0	0	0	0	0
test6515	we stayed at the silver cloud pre cruise	test	0	0	1	0	0	0	0	0
test6516	we were very impressed with the room service and personnel	test	0	0	0	0	0	0	1	1
test6517	the shuttle dropped us off right at the cruise terminal	test	0	0	0	0	0	0	0	1
test6518	fantastic value for money just come back from night stay in the hotel estheria in dam	test	0	0	1	0	0	0	0	0
test6519	star hotel located minutes walk from dam square overlooking beautiful canal and walking distance from the station	test	0	0	1	1	0	0	0	0
test6520	we paid per night without breakfast but got an excellent sized room which was clean attractive and had an great bathroom	test	0	0	0	0	0	0	1	0
test6521	the only negative points about the hotel were the staff looked down on us little not mid forties with beard and no tea coffee facilities in the room free tea coffee chocolate in lounge with large selection of fruit for free only minor points but will be staying there again in september	test	1	0	0	0	0	0	1	1
test6522	try the dutchflyer website stena lines when travelling from uk return from london to amsterdam station including ferry crossing	test	0	0	0	0	0	0	0	0
test6523	great value and good alternative to flying	test	0	0	0	0	0	0	0	0
test6524	wonderful time thank you for wonderful relaxing holiday	test	0	0	1	0	0	0	0	0
test6525	we were treated royally and our room was close to pool and the ocean	test	0	0	0	0	0	0	1	1
test6526	the food was excellent and presented so well	test	0	1	0	0	0	0	0	0
test6527	no complaints at all	test	0	0	0	0	0	0	0	0
test6528	marina star hotel	test	0	0	1	0	0	0	0	0
test6529	rooms are small clean snd basic except for excellent bathrooms	test	0	0	0	0	0	0	1	0
test6530	also good free computer access	test	0	0	0	0	0	1	0	0
test6531	the location is just ok not	test	0	0	0	1	0	0	0	0
test6532	an area to just walk around beds are very firm pillows cheap foam	test	0	0	0	0	0	1	0	0
test6533	an inexpensive business hotel that is mixture of no frills and nice	test	0	0	1	0	0	0	0	0
test6534	loved du cadran	test	0	0	1	0	0	0	0	0
test6535	we had great time at hotel du cadran	test	0	0	1	0	0	0	0	0
test6537	the rooms were extremely clean especially the bathrooms	test	0	0	0	0	0	0	1	0
test6538	the hotel is in an excellent location walking distance to the eifel tower as well as the metro and good restaurants	test	0	0	0	1	0	0	0	0
test6539	would definitely recommend stay there and would go there again on our next vacation	test	0	0	1	0	0	0	0	0
test6540	not star quality went on short break with my husband and we were very dissappointed with the service or lack of	test	0	0	1	0	0	0	0	1
test6541	firstly their advertised swimming pool and leisure centre are not in operation the safe in our room did not work and the staff were not familier with what services were on offer in their hotel which for star was bit bizzare	test	1	0	0	0	0	1	0	1
test6542	we made complaint but as there were no managers and it was not the receptionists fault	test	0	0	0	0	0	0	0	1
test6543	personally we didn get much satisfaction	test	0	0	1	0	0	0	0	0
test6544	believe if you pay high price for hotel you are entitled to the service	test	0	0	0	0	0	0	0	0
test6545	we will not be going back there	test	0	0	1	0	0	0	0	0
test6546	la cart charges for everything let me just start by saying that parking costs dollars day	test	1	0	0	0	0	0	0	0
test6547	may have been ok with this had known but did not see this anywhere when booked using the hotel website	test	0	0	1	0	0	0	0	0
test6548	the manager was quick to show me where the charge was buried in the website rather than to come to some agreement since this was suprise	test	0	0	1	0	0	0	0	0
test6549	be careful when staying here	test	0	0	1	0	0	0	0	0
test6550	there is charge for just about everything including to use the gym	test	1	0	0	0	0	0	0	0
test6551	ideal for	test	0	0	0	0	0	0	0	0
test6552	long weekend first impressions of the hotel were excellent	test	0	0	1	0	0	0	0	0
test6553	we were greeted by very friendly and helpful staff who were keen to ensure that our stay in the hotel and barcelona was as pleasant as possible	test	0	0	1	0	0	0	0	1
test6554	our room was large if basic with good standard of cleanliness	test	0	0	0	0	0	0	1	0
test6555	due to the tiled floors the noise from corridors did tend to echo in our room however this was not particular problem that would put us off returning to the hotel in the future	test	0	0	1	0	0	0	1	0
test6556	the location is ideal for the tourist with limited time very close to the centre but situated away from the noise of the main thoroughfare	test	0	0	0	1	0	0	0	0
test6557	charming	test	0	0	0	0	0	0	0	0
test6558	the staff was friendly and helpful almost to fault	test	0	0	0	0	0	0	0	1
test6559	great location if your going to seattle center or key arena	test	0	0	0	1	0	0	0	0
test6560	easy to get downtown from there als	test	0	0	0	0	0	0	0	0
test6561	the room homey with its creaks and squeeks and leaks had fridge and stove	test	0	0	0	0	0	1	1	0
test6562	will stay here while in seattle again	test	0	0	1	0	0	0	0	0
test6563	rporate travel agent point of view front desk staffs very unresponsive to corporate clients	test	0	0	0	0	0	0	0	1
test6564	request to charge room and tax only on rd party cc	test	0	0	0	0	0	0	0	0
test6565	this inspite of faxing authorization letters copy front and back of cc	test	0	0	0	0	0	0	0	0
test6566	while other high end hotels are quick to response such request this property is staffed with don care attitude	test	0	0	0	0	0	0	0	1
test6567	other hotels like langham hyatt and millenium cater to corporate clients	test	0	0	0	0	0	0	0	0
test6568	send your clients there	test	0	0	0	0	0	0	0	0
test6569	nice and classic hotel with good location	test	0	0	1	1	0	0	0	0
test6570	nice location near union square and chinatown	test	0	0	0	1	0	0	0	0
test6571	tram station just outside the door	test	0	0	0	1	0	0	0	0
test6572	somewhat small rooms but hey	test	0	0	0	0	0	0	1	0
test6573	you re not supposed to stay in your room	test	0	0	0	0	0	0	0	0
test6574	great hotel in any standards	test	0	0	1	0	0	0	0	0
test6575	the london is great hotel in any standards	test	0	0	1	0	0	0	0	0
test6576	the rooms are very very specious and well designed the bed is	test	0	0	0	0	0	1	1	0
test6577	soft and comfortablethe service is welcoming and breakfast is fresh and richand the location is perfect	test	0	1	0	1	0	1	0	1
test6578	just less than minutes walk from the central park th avenue鈥檚 great shops time square鈥 we stayed nights and looking forward to come back again	test	0	0	1	1	0	0	0	0
test6579	last but not least the concierge service was outstanding prior to our arrival all the restaurant reservations were made in fast and efficient manner	test	0	0	0	0	0	0	0	1
test6580	good location and value	test	0	0	1	1	0	0	0	0
test6581	the hotel is very close walking distance to the forbidden city	test	0	0	0	1	0	0	0	0
test6582	my room was spacious clean nicely furnished and had flat screen tv	test	0	0	0	0	0	1	1	0
test6583	hotel staff was good and price was great	test	0	0	1	0	0	0	0	1
test6584	good overall experience	test	0	0	1	0	0	0	0	0
test6585	wonderful bed only stayed here for an overnight layover but the rooms were wonderful	test	0	0	0	0	0	1	1	0
test6586	they had very comfortable beds perfect for layover	test	0	0	0	0	0	1	0	0
test6587	stay	test	0	0	0	0	0	0	0	0
test6588	the airport shuttle was also very convenient	test	1	0	0	0	0	0	0	0
test6589	very nice place to stay stayed at this hotel for nights	test	0	0	1	0	0	0	0	0
test6590	the staff was very pleasant and always eager to accomodate	test	0	0	0	0	0	0	0	1
test6591	the hotel was very well maintained	test	0	0	1	0	0	0	0	0
test6593	it was nicer than most places have stayed in new york and the people were whole lot friendlier	test	0	0	1	0	0	0	0	1
test6595	have been staying here for years	test	0	0	0	0	0	0	0	0
test6596	my brother and go to new orleans two or three time per year	test	0	0	0	0	0	0	0	0
test6597	we discovered the prince conti hotel eight years ago and we have been staying there ever since	test	0	0	0	0	0	0	0	0
test6598	the hotel is conveniently located one half block off of bourbon street yet it is very quiet	test	0	0	0	1	0	0	0	0
test6599	as always john aimee anne cindy eric and lisa take very good care of us	test	0	0	0	0	0	0	0	1
test6600	would recommend the prince conti hotel to anyone looking for clean reputable hotel in the french quarter	test	0	0	1	0	0	0	0	0
test6601	great location not so great staff	test	0	0	0	1	0	0	0	1
test6602	the hostal is very centrally located and the rooms are clean but can vary lot in size	test	0	0	0	0	0	0	1	0
test6603	reserved directly with the hostel by email in spanish two months in advance and confirmed my booking two weeks before going specifying that would like room with view of the square	test	0	0	0	0	0	0	0	0
test6604	however we were put in tiny room to the side of the hostal overlooking the road that was being dug up	test	0	0	0	0	0	0	1	0
test6605	although they said the next day we could move rooms they changed their minds after we had spent mins packing all our things away in the morning which was rather annoying	test	0	0	0	0	0	0	0	1
test6606	overall it was good value though and the location made it worthwhile	test	0	0	1	1	0	0	0	0
test6607	great affordable place to stay stayed for two nights last weekend and had perfectly enjoybale stay	test	0	0	1	0	0	0	0	0
test6608	knew not to expect the ritz did get clean comfy bed shower and sink with plenty of hot water and good water pressure and nice flat screen tv with cable	test	0	0	0	0	0	1	1	0
test6609	was on my own and was out most of the time exploring nyc but had very nice room to come home to	test	0	0	0	0	0	0	1	0
test6610	the room was quiet and the lock on the door was very sturdy	test	0	0	0	0	0	0	1	0
test6611	felt very safe and will stay here again when comeback to nyc especially if am traveling solo	test	0	0	1	0	0	0	0	0
test6612	overrated booked the hotel becasue of reviews on tripadvisor veslarge room with very comfortable queen beds although needed decorating great location near the empire state buildingkitchen only used fridge though vesshocking view of opposing building even though requested high floor with viewfitness hotel but no pool and tiny gymnasium拢 night and internet connection	test	1	0	0	1	0	1	0	0
test6613	is extra was more than sufficient for my stay and great location	test	0	0	0	1	0	0	0	0
test6614	however was expecting more for my money esp after reading reviews on this site	test	0	0	0	0	0	0	0	0
test6615	ok hotel but little value for money	test	0	0	1	0	0	0	0	0
test6616	may stay there again but would definately look at some alternatives first	test	0	0	1	0	0	0	0	0
test6617	the wost hotel have ever been in	test	0	0	1	0	0	0	0	0
test6618	without doubt this has been the worst hotel have ever been	test	0	0	1	0	0	0	0	0
test6619	filthy smelly room without windows squeaky beds and the morning breakfast	test	0	1	0	0	0	1	1	0
test6620	better will not comment about it	test	0	0	0	0	0	0	0	0
test6621	if had known better would have saved the us and sleep in my rental car or the beach or the cemetery that is right besides don walk out of that hotel run as fast as you can	test	0	0	1	0	0	0	0	0
test6623	the hotel royal is in brilliant location on la rambla right in the heart of barcelona	test	0	0	0	1	0	0	0	0
test6624	the staff was overly helpful and very attentive	test	0	0	0	0	0	0	0	1
test6625	we stayed on the royal floor and it was perfect all the amenities you could want including salon always open with cava champagne water tea and chocolates	test	1	0	1	0	0	0	0	0
test6626	would definitely stay at hotel royal again	test	0	0	0	0	0	0	0	0
test6627	good airport hotel my son husband	test	0	0	1	0	0	0	0	0
test6628	and recently stayed at this hotel and we would recommend it	test	0	0	0	0	0	0	0	0
test6629	it nice clean hotel	test	0	0	1	0	0	0	0	0
test6630	and it convienently located right next to the airport	test	0	0	0	1	0	0	0	0
test6631	although it is literally right next to the airport we couldn hear any airport noise from our room which was nice	test	0	0	0	0	0	0	1	0
test6632	if you re looking for reasonably priced good hotel would recommend this one	test	0	0	1	0	0	0	0	0
test6633	fantastic trip we stayed for four nights at the harbour plaza north point in june	test	0	0	1	0	0	0	0	0
test6634	we booked one bedroom suite and overall our experience was fantastic	test	0	0	1	0	0	0	0	0
test6635	the one bedroom suite is fabulous and great for the money	test	0	0	0	0	0	0	1	0
test6636	its only couple of minutes walk from mtr quarry bay station there is local supermarket directly opposite which is great	test	0	0	0	1	0	0	0	0
test6637	the staff were always helpful plus on the day we were leaving they let us have our room for half day extra at no charge	test	0	0	0	0	0	0	0	1
test6638	we enjoyed our stay at and will go there again for sure	test	0	0	1	0	0	0	0	0
test6639	wonderful experience stayed at the kimberly for only one night on business trip in april	test	0	0	1	0	0	0	0	0
test6641	the down comforter was amazing	test	0	0	0	0	0	1	0	0
test6642	they had great supply of all newspapers available in the lobby for free	test	1	0	0	0	0	0	0	0
test6643	was in small suite and loved it tons of space and soo comfortable	test	0	0	0	0	0	0	1	0
test6644	am planning another business trip and while curious about other hotels am seriously considering the kimberly again	test	0	0	0	0	0	0	0	0
test6645	yikes interesting old building	test	0	0	0	0	0	0	0	0
test6646	rooms are large but tired grubby and dirty	test	0	0	0	0	0	0	1	0
test6647	the most frightening feature is the neighbourhood vast number of homeless people on market street	test	0	0	0	0	0	0	0	0
test6648	really wasn comfortably going to or from the hotel	test	0	0	0	1	0	0	0	0
test6649	did not enjoy my stay in the hotel or the city as resul	test	0	0	1	0	0	0	0	0
test6650	mass toerism	test	0	0	0	0	0	0	0	0
test6651	after one week staying at meridien nirwana we moved for another week to melia	test	0	0	0	0	0	0	0	0
test6652	as we arrived we were surprised by all the loudly people laying at the pool and the beach	test	0	0	0	0	0	0	0	0
test6653	it seemed we arrvived in spain or turkey	test	0	0	0	0	0	0	0	0
test6654	really this hotel is not worth star rating	test	0	0	1	0	0	0	0	0
test6655	after one night staying we packed our bags and left the hotel	test	0	0	1	0	0	0	0	0
test6656	nice hotel not sure of the location the hotel was really very nice decor was little weird but the room was very comfortable	test	0	0	1	0	0	0	1	0
test6657	the beds are awesome	test	0	0	0	0	0	0	1	0
test6658	the only thing we did not like was the location	test	0	0	0	1	0	0	0	0
test6659	while there are ton of great restaurants near by the night life was not great	test	0	0	0	1	0	0	0	0
test6660	friendly and clean on our arrival at the hotel we were treated in very friendly manner given load of sight seeing maps and brochures and general rundown of where all the sights and shopping centres were which we found to be most helpful	test	0	0	1	0	0	0	0	1
test6661	the hotel itself although small was clean and served lovely breakfast buffet it also had on line facilities and library with daily newspapers	test	1	1	1	0	0	0	0	0
test6662	few minutes walk took us to rembrandt plein where large choice of restaurants were to be found also the shops on rokin and kalverstraat are nearby making the hotel very central but not noisey	test	0	0	0	1	0	0	0	0
test6663	we had great days in amsterdam made more enjoyable by the hotel staff who went out their way to make our stay as carefree and pleasant as possible	test	0	0	0	0	0	0	0	1
test6664	big thankyou to all at the hotel for giving us fine experience of holland and amsterdam	test	0	0	1	0	0	0	0	0
test6665	great hotel in the middle of nowhere stayed here for long weekend and was very impressed by the hotel modern fun and great rooms sizes although it does have bit of conference centre	test	1	0	1	0	0	0	1	0
test6666	feel to it	test	0	0	0	0	0	0	0	0
test6667	had room on one of the top floors which offered the most spectacular views	test	0	0	0	0	0	0	1	0
test6668	the restaurant on the roof is excellent and well worth visit	test	1	0	0	0	0	0	0	0
test6669	only set back is that it is mins cab drive from the centre and there is nothing to see in the immediate area	test	0	0	0	1	0	0	0	0
test6670	wow what great little hotel	test	0	0	1	0	0	0	0	0
test6671	my wife and loved the hotel the staff were very friendly and helpful the room was quiet exactly what we asked for the atmosphere was great and we both loved the old world charm of the histiric building	test	0	0	1	0	0	0	1	1
test6672	great shopping nearby and an easy walk to most of downtown san francisco	test	0	0	0	1	0	0	0	0
test6673	we would not hesitate to recommed the beresford arms hotel in san francisco to any traveller looking for great priced accomodation	test	0	0	1	0	0	0	0	0
test6674	this is the second time my wife stayed at the beresford and it was as result of her first stay years ago that we decided to stay there this time neither of us regretted that decision and we will certainly be staying there the next time we visit san franciso	test	0	0	1	0	0	0	0	0
test6675	super convenient arriving just before holiday in japan was difficult to find any reasonable hotel with vacant rooms so we decided to try this based on reviews from tripadvisor of course upon arriving at the airport narita we asked to go to shinagawa and were given ticket for train that went directly there right across the street from the hotel	test	0	0	1	1	0	0	0	0
test6676	shinagawa really is right outside tokyo but that minute train ride with trains leaving shinagawa every about the hotel	test	0	0	0	0	0	0	0	0
test6677	it is huge with many options for food and entertainment suspect people go there for vacation and never leave the premisses	test	1	0	1	0	0	0	0	0
test6678	depending on which tower you stay in main tower was great the rooms are new but bit small with everything needed in hotel including small fridge bring your snacks and water very	test	0	0	1	0	0	1	1	0
test6679	clean nothing to say about that except that some floors smelled like cigarretts	test	0	0	1	0	0	0	0	0
test6680	internet is paid about us and it is wired so bring your wireless router apple makes great pocket sized one there convenience store downstairs that over charges everything but when needed it there	test	1	0	0	0	0	0	0	0
test6681	top of the town long weekend in new york for me and the family this place was great	test	0	0	1	0	0	0	0	0
test6682	the views from the room of the east side where great the kids loved it	test	0	0	0	0	0	0	1	0
test6683	the bar was great for views of central park and the stars that come in for drink	test	1	0	0	0	0	0	0	0
test6684	its great hotel and great location	test	0	0	1	1	0	0	0	0
test6685	our worries melted away when we stepped through the door making reservations at hotel we had never seen gave my boyfriend and degree of pause	test	0	0	0	0	0	0	0	0
test6686	we were not sure what to expect	test	0	0	0	0	0	0	0	0
test6687	we could not have been more impressed with the atmosphere and service	test	0	0	1	0	0	0	0	1
test6688	the room was tidy and comfortable	test	0	0	0	0	0	0	1	0
test6689	if you go to new orleans and you want to experince the style of the quarter skip the chain places and stay here	test	0	0	0	0	0	0	0	0
test6690	say hi to leonard for us	test	0	0	0	0	0	0	0	0
test6691	little gem	test	0	0	0	0	0	0	0	0
test6692	myself and my partner stayed here for long weekend from dublin the staff wee very helpful and friendly hotel itself	test	0	0	0	0	0	0	0	1
test6693	is in lovely location and extremely quiet	test	0	0	1	1	0	0	0	0
test6694	would absolutely recommend for business or pleasure trip	test	0	0	0	0	0	0	0	0
test6695	the only one small drawback was no restaurant however lots of good cafes in the area	test	0	0	0	0	0	0	0	0
test6696	disapointed stayed here now lots of times this year and always loved the hotel and looked forward to staying in it	test	0	0	1	0	0	0	0	0
test6697	sadly this time was disapointment and although it good standard hotel	test	0	0	1	0	0	0	0	0
test6698	it no longer that great	test	0	0	1	0	0	0	0	0
test6699	such large range of hotels in londn in this price band that you need that extra something to want to stay in them and this hotel has sadly now lost that	test	0	0	1	0	0	0	0	0
test6700	now seems full of coch parties meetings over breakfast tables and slightly cuttig corners	test	0	0	1	0	0	0	0	0
test6701	real shame	test	0	0	1	0	0	0	0	0
test6702	not for me	test	0	0	0	0	0	0	0	0
test6703	didn really like this hotel due to the lack of en suite facilities however we knew this before checking in	test	0	0	1	0	0	0	0	0
test6704	the room we had was very basic had no safe was tiny and despite being at the rear of the hotel were subjected to noise during the night like there were dishes being constantly smashed	test	0	0	1	0	0	0	1	0
test6705	the hotel is well situated for market street and powell street and is fine if you re looking for an economy hotel and economy it certainly is	test	0	0	0	1	0	0	0	0
test6706	hotel casci hotel casci is small family run hotel in florence well located and convenient to the duomo and other sites	test	0	0	0	1	0	0	0	0
test6707	the staff was joy to deal with no request was too small or too much trouble for them	test	0	0	0	0	0	0	0	1
test6708	their restaurant suggestions were wonderful and their customer service was excellent	test	0	0	0	0	0	0	0	1
test6709	this was our first stay in florence and hotel casci was the perfect location	test	0	0	0	1	0	0	0	0
test6710	we spent five nights and highly recommend this hotel to future travelers	test	0	0	1	0	0	0	0	0
test6711	great choice in the quarter stayed here for four nights and would choose this hotel again	test	0	0	1	0	0	0	0	0
test6712	if your looking for clean room near bourbon street friendly staff at good price this is the place	test	0	0	1	0	0	0	1	1
test6713	also was in and out of few other hotels were relatives were staying if your looking for four elevators and large lobby and all the stuff that comes with large big name hotel you aren going to get it at the st	test	0	0	0	0	0	0	0	0
test6714	marie	test	0	0	0	0	0	0	0	0
test6715	recommend it as great place to stay for great price	test	0	0	1	0	0	0	0	0
test6716	stylish friendly stayed in august and found the hotel beautifully appointed with turn of the century european feel to it	test	0	0	1	0	0	0	0	0
test6717	the room was small but well appointed and situated beside the opera ballet and city hall and not far from the business district	test	0	0	0	0	0	0	1	0
test6718	breakfast was lavish cold buffet everything was superband included in the price	test	0	1	0	0	0	0	0	0
test6719	drinks at the bar were expensive though	test	1	0	0	0	0	0	0	0
test6720	if should be so lucky as to return to sf would want to stay again	test	0	0	0	0	0	0	0	0
test6721	very nice quality hotel spent nights at the marriott	test	0	0	1	0	0	0	0	0
test6722	covenient location	test	0	0	0	1	0	0	0	0
test6723	clean confortable updated rooms	test	0	0	0	0	0	0	1	0
test6724	staff was very helpful and attentive to our needs	test	0	0	0	0	0	0	0	1
test6725	we could not ask for more	test	0	0	0	0	0	0	0	0
test6726	not bad but could be better even at stars the bathrooms are the most luxurious part of their accommodations really quite nice but the room itself was fairly spartan	test	0	0	1	0	0	0	1	0
test6727	it did have little sitting area with two chairs and table but the beds were rock hard you want to ease down on them gently lest you break body part	test	1	0	0	0	0	1	0	0
test6728	the air conditioning was non operative during our very warm stay in early mid may the screenless window opened however the tv remote control did not work although there was an attempt to repair it and spare blanket taken out of its plastic wrap in the closet smelled so musty that it needed to be replaced and was with one that smelled somewhat less musty	test	0	0	0	0	0	1	0	0
test6729	on the positive side the front desk and housekeeping staff were extremely nice and helpful the public areas and the rooms were immaculate the buffet breakfast included in the reasonable room price	test	0	1	0	0	0	0	1	1
test6730	was excellent and the location of the hotel was convenient if not particularly appealing	test	0	0	0	1	0	0	0	0
test6731	聽聽	test	0	0	0	0	0	0	0	0
test6732	awesome place	test	0	0	1	0	0	0	0	0
test6733	can say enough good things about this hotel	test	0	0	1	0	0	0	0	0
test6734	the lobby and rooms are very nice	test	0	0	0	0	0	0	1	0
test6735	centrally located excellent and very helpful staff	test	0	0	0	1	0	0	0	1
test6737	nice stayed here for my th birthday weekend booked standard double but got upgraded to deluxe room very nice indeed	test	0	0	1	0	0	0	0	1
test6738	probably the best hotel room ve ever stayed in anywhere in the world	test	0	0	0	0	0	0	1	0
test6739	very clean very quiet huge bed	test	0	0	0	0	0	1	1	0
test6740	front desk staff were very plesent	test	0	0	0	0	0	0	0	1
test6741	quite near to tower hill tube so travelling to the more lively spots is very easy recomended	test	0	0	0	1	0	0	0	0
test6742	horrendous customer service overall stay was just okay but was tainted by management unwillingness to honor their own quoted written and confirmed total cost	test	0	0	1	0	0	0	0	1
test6743	at check out ended up paying additional because of hotel error in confirmation even after being told at check in that they would honor confirmed price	test	0	0	1	0	0	0	0	0
test6744	for this alone would never recommend or stay there again and we do intend to visit san juan again	test	0	0	0	0	0	0	0	0
test6745	conceptually hotel was great architectural idea	test	0	0	1	0	0	0	0	0
test6746	interior build out however was done way too frugally and there was lots of deferred maintainance in room	test	0	0	0	0	0	0	1	0
test6747	totally gorgeous from start to finish our stay at the new york palace was perfect	test	0	0	1	0	0	0	0	0
test6748	before going we emailed the hotel directly to ask for room with view and we most definitely got one	test	0	0	0	0	0	0	0	1
test6749	our room looked out over st patrick cathedral and was gorgeous	test	0	0	0	0	0	0	1	0
test6750	everyone at the hotel was incredibly helpful and made our stay very pleasant	test	0	0	0	0	0	0	0	1
test6751	will stay here every time go back to new york	test	0	0	0	0	0	0	0	0
test6752	divine	test	0	0	0	0	0	0	0	0
test6753	this hotel with its immaculately clean and well fitted rooms situated at the southern end of the ponte vecchio in florence is the perfect base for any holiday in this extraordinarily beautiful safe and secure city	test	0	0	1	0	0	0	1	0
test6754	the staff are unfailingly courteous and helpful the service is splendid however what really sets this hotel apart from the rest	test	0	0	0	0	0	0	0	1
test6755	is the breakfast room on the th floor with its stunning views of the duomo the campanile and myriad of terra cotta rooftops	test	1	0	0	0	0	0	0	0
test6756	what an environment to enjoy truly sumptuous buffet breakfast that really sets you up for the day	test	0	1	0	0	0	0	0	0
test6757	great location and service perfect location on the waterfront	test	0	0	0	1	0	0	0	1
test6758	great views of the city	test	0	0	0	1	0	0	0	0
test6759	light tasty and affordable meals at the downstairs tavern area and cafe	test	0	1	0	0	0	0	0	0
test6760	loved the in room computer the plush bathrobes provided and the gratuity inclusive service	test	0	0	0	0	0	1	0	0
test6761	very nice pool and exercise area	test	0	0	1	0	0	0	0	0
test6762	near public transportation and all boston attactions	test	0	0	0	1	0	0	0	0
test6763	immaculate vintage hotel with personable staff worth the price	test	0	0	1	0	0	0	0	1
test6764	this impeccably restored era hotel is clean and quiet and wonderfully located in popular historic district near the waterfront	test	0	0	1	1	0	0	0	0
test6765	our train was delayed and the night desk clerk cheerfully greeted us at am and even held the door for us	test	0	0	0	0	0	0	0	1
test6766	the breakfast including hard boiled eggs various cereals and fresh batter with waffle maker was delicious	test	0	1	0	0	0	0	0	0
test6767	it is bit pricey but we would stay there again in heartbeat and recommend it highly	test	0	0	1	0	0	0	0	0
test6768	decent good location excellent location on las ramblas easy access to transportation	test	0	0	0	1	0	0	0	0
test6769	ask for recommendation of restaurants to eat at the front desk	test	0	0	0	0	0	0	0	1
test6770	every selection we tried was very good	test	0	0	1	0	0	0	0	0
test6771	if you have time to plan in advance write to the spanish embassy for walking tour guide pamphlet	test	0	0	0	0	0	0	0	0
test6772	we had days there and followed the pamphlet great way to see all the sights	test	0	0	0	0	0	0	0	0
test6774	my husband and stayed here for nights art start of july	test	0	0	0	0	0	0	0	0
test6775	and it was perfect for what we wanted real find	test	0	0	1	0	0	0	0	0
test6776	located in quiet area but quick mins walk to san marco square	test	0	0	0	1	0	0	0	0
test6777	hotel staff were very helpful and breakfast was lovely far surpassed expectations fruit croissants cheese meat and lovely coffee made fresh from espresso maker served in the little courtyard	test	0	1	0	0	0	0	0	1
test6778	while it has star rating its because it doesn have things like elevators big fancy lobby or iron for guests but everything else about it was star	test	1	0	0	0	0	0	0	0
test6779	fantastic once again stayed in hotel based on tripadvisor and yet again have not been let down	test	0	0	1	0	0	0	0	0
test6780	this hotel is in great location for all the tourist sites in barcelona the staff are very helpful from when you first enter the hotel to when you leave	test	0	0	0	1	0	0	0	1
test6781	we had standard room for four nights and it was just what we needed understand that there are better rooms but this was above what you normally get in this price range	test	0	0	0	0	0	0	1	0
test6782	there was plenty of space the bathroom was large and the beds large and comfy ok you dont get view of the ramblas but when its cold and wet we wouldnt have used balcony anyway	test	0	0	0	0	0	1	1	0
test6783	all in all great hotel and will be stopping again in the future	test	0	0	1	0	0	0	0	0
test6785	stayed at the peninsula in sept for weekend	test	0	0	0	0	0	0	0	0
test6786	the rooms we nice and clean nothing spectacular	test	0	0	0	0	0	0	1	0
test6787	the restuarants at the hotel are good as well	test	0	0	0	0	0	0	0	0
test6788	generally nice western style hotel	test	0	0	1	0	0	0	0	0
test6789	happy accident we were put into this hotel by ba when our aircraft developed mechanical problem and	test	0	0	0	0	0	0	0	0
test6790	the return flight to london had to be delayed until the next day	test	0	0	0	0	0	0	0	0
test6791	in every way the sheraton gateway was better than the holiday inn at lax where we spent the first night of our recent holiday	test	0	0	1	0	0	0	0	0
test6792	the lobby staff were efficient the food and service in the restaurant were good and our room was great	test	0	1	0	0	0	0	1	1
test6793	we will definitely consider returning to this hotel when we stay at lax again	test	0	0	0	0	0	0	0	0
test6794	good value bring your reservation great value big clean room with full kitchen great location quiet	test	0	0	1	1	0	1	1	0
test6795	security patrols	test	1	0	0	0	0	0	0	0
test6796	the grounds ate at cuban place around the corner	test	0	0	0	0	0	0	0	0
test6797	great food at great price front desk tried to over charge	test	0	1	0	0	0	0	0	1
test6798	good thing we had our reservation printout	test	0	0	0	0	0	0	0	0
test6799	outside of the building is covered with mold but the inside is clean and odor free wireless internet service is in the lobby and food area only	test	1	0	1	0	0	0	0	0
test6800	excellent location stayed at this hotel for pleasure using marriott reward points for nights	test	0	0	1	1	0	0	0	0
test6801	the hotel is ideally situated in the circular quay area only minutes from the city train stop from the airport	test	0	0	0	1	0	0	0	0
test6802	circular quay is also where the opera house and the ferries are located allowing easy access to all of syndney including the rocks area harbor bridge shopping rocks market and ferries to manly and everywhere else	test	0	0	0	0	0	0	0	0
test6803	the hotel was also within easy walking distance of number of restaurants in the rocks area	test	0	0	0	0	1	0	0	0
test6804	the room provided was better than average for marriott with all amenities and nice shower	test	0	0	0	0	0	1	1	0
test6805	location location location and great hotel just returned from staying three nights at the chancellor hotel and have to say that all the trip advisor reviews were right on the money	test	0	0	1	0	0	0	0	0
test6806	we enjoyed the above par service the clean and cozy room yes little tight but workable the coffee and cookies in the lobby and cozy bar where we could enjoy cocktail in quiet atmosphere all at very reasonable price	test	0	1	1	0	0	0	1	1
test6807	best of all the hotel is totally non smoking	test	0	0	1	0	0	0	0	0
test6808	location is perfect right near union square and in front of cable car stop within walking distance of many fine resturaunts and shopping areas	test	0	0	0	1	0	0	0	0
test6809	kudos to the chancellor for making our stay in san francisco most enjoyable	test	0	0	0	0	0	0	0	0
test6810	go for the casitas	test	0	0	0	0	0	0	0	0
test6811	the el conquistador casitas were awesome	test	0	0	1	0	0	0	0	0
test6812	the one stayed in was huge with full kitchen and ocean view from the balcony	test	0	0	0	0	0	1	1	0
test6813	it was clean airy and felt like vacation home not hotel room	test	0	0	0	0	0	0	1	0
test6814	the casitas are bit more pricey than the hotel rooms at the resort but definately worth every penny	test	0	0	1	0	0	0	0	0
test6815	don forget to hit the casinoyou ll love it	test	1	0	0	0	0	0	0	0
test6816	liked the fusion rooms	test	0	0	0	0	0	0	1	0
test6817	little small but clean comfortable and moderndon be put off by reviewers who say location is little dodgy	test	0	0	1	0	0	0	0	0
test6818	it not	test	0	0	0	0	0	0	0	0
test6819	streets around hotel busy even in wee small hours	test	0	0	0	0	0	0	0	0
test6820	and we felt very ssafe walking aroundstaff friendly and very helpful	test	0	0	0	0	0	0	0	1
test6821	th	test	0	0	0	0	0	0	0	0
test6822	anniversary	test	0	0	0	0	0	0	0	0
test6823	the hotel beautiful	test	0	0	1	0	0	0	0	0
test6824	the staff wonderful helped us celebrate our th anniversary	test	0	0	0	0	0	0	0	1
test6825	everything great we will stay again	test	0	0	1	0	0	0	0	0
test6826	the perfect stay in barcelona	test	0	0	1	0	0	0	0	0
test6827	my husband and stayed at the royal hotel about month ago and thought is was the ideal place to stay in barcelona	test	0	0	1	0	0	0	0	0
test6828	we had just come from hot and somewhat cramped stays in london and paris so we found the air conditioning and spacious room much needed luxury	test	0	0	0	0	0	1	1	0
test6829	the location on the ramblas was ideal right near the metro stop from the train station too and the room was just wonderful	test	0	0	0	1	0	0	1	0
test6830	we highly reccomended this hotel to anyone	test	0	0	1	0	0	0	0	0
test6831	fabulous and fabulously expensive stayed for one night on our way home from australia and were totally seduced by this hotel	test	0	0	1	0	0	0	0	0
test6832	singapore can be bit soulless but raffles hotel is fantastic retreat from the city	test	0	0	1	0	0	0	0	0
test6833	having spent few hours doing the usual sightseeing we ended up feeling that we should spend more time in the hotel enjoying its facilities including lovely swimming pool and less time pounding the humid streets	test	1	0	0	0	0	0	0	0
test6834	it is very expensive but for short stay thoroughly worthwhile	test	0	0	1	0	0	0	0	0
test6835	good hotel great location close to broadway shows	test	0	0	1	1	0	0	0	0
test6836	walked to central park	test	0	0	0	0	0	0	0	0
test6837	great restaurants in hell kitchen	test	0	0	0	0	0	0	0	0
test6838	double decker bus at night	test	0	0	0	0	0	0	0	0
test6839	the room was ok but you re in ny go out and explore	test	0	0	0	0	0	0	1	0
test6840	neighborhood was great	test	0	0	0	0	0	0	0	0
test6841	great location location is great near corner of orchard and scotts	test	0	0	0	1	0	0	0	0
test6842	club lounge is nice although no hot offering at breakfast which although ok for my wife expect hot offering at grand hyatt grand clubs best is in hk	test	1	1	0	0	0	0	0	0
test6843	stayed in junior suite with wife and two kids combo business and holiday	test	0	0	1	0	0	0	0	0
test6844	great room plenty of space although bed is very firm westin heavenly beds are clearly superior	test	0	0	0	0	0	1	1	0
test6845	would stay agai	test	0	0	0	0	0	0	0	0
test6846	left after night lasted one night	test	0	0	1	0	0	0	0	0
test6847	the room was tiny barely lit musty and just unbearable	test	0	0	0	0	0	0	1	0
test6848	traveling on student budget didn want to splurge too much and thought mango would be decent	test	0	0	1	0	0	0	0	0
test6849	ended up at the green isle inn next door which was much better and only few bucks cheaper	test	0	0	1	0	0	0	0	0
test6850	what an amazing place from the moment we pulled up we received excellent service	test	0	0	1	0	0	0	0	1
test6851	upon check in we were greeted with moist towell and some pineapple juice	test	0	0	0	0	0	0	0	1
test6852	conceirge was very helpful with directions and information	test	0	0	0	0	0	0	0	1
test6853	very comfortable beds and excellent room	test	0	0	0	0	0	0	1	0
test6854	we didn want to leave	test	0	0	0	0	0	0	0	0
test6855	fantastic value	test	0	0	1	0	0	0	0	0
test6856	after reading reviews on the moore my wife an chose to stay here based on price and location	test	0	0	1	0	0	0	0	0
test6858	two blocks from pike place for less than before taxes is tough to beat	test	0	0	1	0	0	0	0	0
test6859	clean room with partial view of the sound adds to the value	test	0	0	0	0	0	0	1	0
test6860	our only knock would be that there was no which could be problem on very hot day as the room gets full afternoon sun	test	0	0	0	0	0	0	0	0
test6861	great location but thats about it	test	0	0	0	1	0	0	0	0
test6862	my husband and have jusy returned from four night stay in the byrant hotel	test	0	0	0	0	0	0	0	0
test6863	we chose it after reading the rave reviews on trip advisor	test	0	0	0	0	0	0	0	0
test6864	the location is fantastic and the rooms are well laid out very well serviced etc	test	0	0	0	1	0	0	1	0
test6865	would not reccomend this hotel because of the snooty attitute of quite few of the staff which made it very uncomfortable it was not hotel to relax in just one to be seen in if you were of certain age and dressed in certain manner	test	0	0	1	0	0	0	0	1
test6866	don believe anything you read or half of what your hear we recently came back from this resort	test	0	0	1	0	0	0	0	0
test6867	it is advertised on the sol melia website as being fully renovated which it hasn been touched in eight years and is in need of complete overhaul	test	0	0	0	0	0	0	0	0
test6868	the food is mediocure at best restaurants only three or four open each night beach chairs moldy and streached out dirty beach mildewed rooms worn fabrics and furniture in rooms mini bar not stocked or cold disagreeable staff bad service and bugs in the rooms	test	1	1	0	0	0	1	1	1
test6869	aa vacations website states this is five star property	test	0	0	0	0	0	0	0	0
test6870	we would rate it stars	test	0	0	1	0	0	0	0	0
test6871	royal service is joke don dare pay extra for it you will be sorry extra money for nothing and don drink the water	test	0	0	1	0	0	0	0	0
test6872	wonderful fantastic hotel	test	0	0	1	0	0	0	0	0
test6873	centrally located yet in very quiet area	test	0	0	0	1	0	0	0	0
test6874	the welcome from the reception staff was wonderful	test	0	0	0	0	0	0	0	1
test6875	the rooms are excellent and well maintained	test	0	0	0	0	0	0	1	0
test6876	this is definitely the place to stay in amsterdam	test	0	0	0	0	0	0	0	0
test6877	lots of character	test	0	0	0	0	0	0	0	0
test6878	this is beautiful hotel tonnes of character also in fantastic spot right on union square with cable care outside	test	0	0	1	1	0	0	0	0
test6879	the breakfast is great as is the room service and the staff are just fantastic	test	0	1	0	0	0	0	0	1
test6880	if you are driving it can be difficult getting parked so stick to the valet	test	1	0	0	0	0	0	0	0
test6881	lots of old style charm and character very personal feel to the whole hotel	test	0	0	1	0	0	0	0	0
test6882	great location great location with good facilities	test	1	0	0	1	0	0	0	0
test6883	we have boys aged and and the swimming pool and games room kept them well entertained	test	1	0	0	0	0	0	0	0
test6884	good sized quiet room as requested	test	0	0	0	0	0	0	1	0
test6885	good service we asked for extra towels and they were brought to the room within mins	test	0	0	0	0	0	0	0	1
test6886	good breakfast and helpful and courteous staff	test	0	1	0	0	0	0	0	1
test6887	overall pleasant stay	test	0	0	1	0	0	0	0	0
test6888	problems remedied beautiful hotel great location	test	0	0	1	1	0	0	0	0
test6889	my first room had carpet stains they moved me to another	test	0	0	0	0	0	1	0	0
test6890	it was quite cold and the thermostat had no effect when raised it	test	0	0	0	0	0	1	0	0
test6891	they quickly sent repairman	test	0	0	0	0	0	0	0	1
test6892	ten minutes later nice warm air and no more problems	test	0	0	0	0	0	0	0	0
test6893	no hotel is perfect so high marks for quick fixes at the sofitel	test	0	0	1	0	0	0	0	0
test6894	it ll be great when it finished	test	0	0	1	0	0	0	0	0
test6895	we stayed here for one night at the end of march due to mix up with our booking at the eiffel seine hotel	test	0	0	0	0	0	0	0	0
test6896	we were most impressed by the quality of the decoration and fittings in our room the large comfortable bed the flat screen tv with internet access and the versace bathroom	test	0	0	1	0	0	1	0	0
test6897	loved the designer cups in the cosy breakfast room	test	0	1	0	0	0	0	0	0
test6898	the refurbishment looks to be almost complete as the reception area was being painted whilst we were there	test	0	0	0	0	0	0	0	0
test6900	first meet of dallas	test	0	0	0	0	0	0	0	0
test6901	it had nice outdoor swimming pool outside	test	1	0	0	0	0	0	0	0
test6902	the rooms are big	test	0	0	0	0	0	0	1	0
test6903	the lobby is large enough to hold hundred people	test	1	0	0	0	0	0	0	0
test6904	it was there that met my america family	test	0	0	0	0	0	0	0	0
test6905	great hotel great location went to visit my college daughter with my son	test	0	0	1	1	0	0	0	0
test6906	booked suite it was only few bucks more than room and wow	test	0	0	0	0	0	0	1	0
test6907	it was huge and very comfortable for the of us	test	0	0	0	0	0	0	1	0
test6908	service was great food very good	test	0	1	0	0	0	0	0	1
test6909	we loved the location and would have walked around more	test	0	0	0	1	0	0	0	0
test6910	but it was freezing will definitely return	test	0	0	0	0	0	0	0	0
test6911	decent hotel at fisherman wharf	test	0	0	1	0	0	0	0	0
test6912	this is the second time we ve stayed at the wharf inn	test	0	0	1	0	0	0	0	0
test6913	it reasonably priced very close to fisherman wharf has free parking for one car and the rooms are ok	test	1	0	1	1	0	0	1	0
test6914	stay away from the mini suite on the second floor at the corner of mason bay it one of the noisiest hotel rooms ve ever had the pleasure of being moved from	test	0	0	0	0	0	0	1	0
test6915	great view though	test	0	0	0	0	0	0	0	0
test6916	if you want quiet you have to put up with the view of the adjacent building	test	0	0	0	0	0	0	0	0
test6917	mfortable base for touring new york	test	0	0	0	0	0	0	0	0
test6918	we stayed at the eastgate tower hotel during the october downpours in new york	test	0	0	1	0	0	0	0	0
test6919	we found the hotel very comfortable with huge suite including living area large bed decent bathroom and usable kitchen	test	0	0	1	0	0	1	1	0
test6920	compared to similar priced hotels in new york it earns its above average rating	test	0	0	1	0	0	0	0	0
test6921	the location is good for the mid town attractions and also has good bus and subway links to soho greenwich village etc	test	0	0	0	1	0	0	0	0
test6922	despite the torrential rain we enjoyed our stay and still managed to have fantastic time	test	0	0	1	0	0	0	0	0
test6923	decent hotel as others have said this place is nothing special but for the price and location it actually very special	test	0	0	1	0	0	0	0	0
test6924	the actual room is perfectly adequate budget motel room except that our room had view of coit tower transamerica building and the rest of downtown sf	test	0	0	0	0	0	0	1	0
test6925	from what could see other more expensive hotels near the area probably can claim to have the view that we did	test	0	0	0	1	0	0	0	0
test6926	and that also means that you can walk to all kinds of great places and take the bus to others	test	0	0	0	1	0	0	0	0
test6927	now if the kind people at the columbus could only bring some sunshine and warmth to the city then you would really have something	test	0	0	0	0	0	0	0	0
test6928	great little place in the center of it all	test	0	0	1	0	0	0	0	0
test6929	we absolutely loved	test	0	0	1	0	0	0	0	0
test6930	barcelona and hotel rialto was good base for us	test	0	0	1	0	0	0	0	0
test6931	it was bit smaller than the other hotels that we stayed in the region but it was well kept and the people were friendly	test	0	0	1	0	0	0	0	1
test6932	also felt very safe as the hotel was in nice area	test	0	0	1	1	0	0	0	0
test6933	nice stayed here for two nights for wedding	test	0	0	1	0	0	0	0	0
test6934	had classic room which was small and no view might have been disappointed if had been staying longer but for quick stopover it was fine	test	0	0	0	0	0	0	1	0
test6935	old fashioned decor charming bathroom small but fine robes nice	test	0	0	0	0	0	0	1	0
test6936	room service was efficient if pricey but that is what you would expect	test	0	0	0	0	0	0	0	1
test6937	it just has very nice feel and atmosphere classy and relaxed	test	0	0	1	0	0	0	0	0
test6938	ultra trendy but lame	test	0	0	0	0	0	0	0	0
test6939	this ultra trendy new money hotel played loud dance house music until pm every night and it was impossible to take any kind of nap or relax in the middle of the day	test	0	0	1	0	0	0	0	0
test6940	the hotel seemed very fake and tried to be hip	test	0	0	1	0	0	0	0	0
test6941	the rooms were very comfortable with nice pillows and comfy bed though	test	0	0	0	0	0	1	1	0
test6942	overall there are many better choices and cant understand why anyone would want to stay there	test	0	0	1	0	0	0	0	0
test6943	woud return we stayed in	test	0	0	0	0	0	0	0	0
test6944	need to at higher room to get an ocean view	test	0	0	0	0	0	0	0	0
test6945	staff was pleasant and attentive	test	0	0	0	0	0	0	0	1
test6946	computer and lighting system in room is great	test	0	0	0	0	0	1	0	0
test6947	great hotel stayed at hotel casci earlier this month and can confirm earlier good reviews	test	0	0	1	0	0	0	0	0
test6948	our room was spotless	test	0	0	0	0	0	0	1	0
test6950	very helpful and friendly	test	0	0	0	0	0	0	0	1
test6951	good breakfast	test	0	1	0	0	0	0	0	0
test6953	love this hotel	test	0	0	1	0	0	0	0	0
test6954	this is one of the best hotels have ever stayed in	test	0	0	1	0	0	0	0	0
test6955	want my house to be as nice as this	test	0	0	0	0	0	0	0	0
test6956	it is in great location and the hotel is spacious and comfortable	test	0	0	1	1	0	0	0	0
test6957	the rooms are amazing with their state of the art design and practicality	test	0	0	0	0	0	0	1	0
test6958	stay here if you can for business and pleasure	test	0	0	0	0	0	0	0	0
test6959	best hotel in san francisco	test	0	0	1	0	0	0	0	0
test6960	am huge traveler and the argonaut hotel was the best have everbeen too	test	0	0	1	0	0	0	0	0
test6961	not once did have to open the door myself	test	0	0	0	0	0	0	0	0
test6962	not once did experience an unhappy employee	test	0	0	0	0	0	0	0	1
test6963	and not once was ever dissatisfied	test	0	0	1	0	0	0	0	0
test6964	from the hotel to the employees to the service and location everything was top notch	test	0	0	1	1	0	0	0	1
test6965	such cool place great hotel very modern	test	0	0	1	0	0	0	0	0
test6966	the room was very comfortable with great shower dual shower heads	test	0	0	0	0	0	1	1	0
test6968	wonderful view from the th floor and totally silent at night	test	0	0	0	0	0	0	1	0
test6969	the noise from the elevator was bit annoying at first we were right next to the elevator	test	0	0	0	0	0	0	1	0
test6970	ute hotel but too noisy	test	0	0	1	0	0	0	0	0
test6971	this is very cute hotel within walking distance of the train station the accademia and the duomo however the noise at night was unbearable	test	0	0	1	1	0	0	0	0
test6972	my boyfriend and had the front room looking right out onto the street so have no idea if this is true for the rest of the hotel	test	0	0	0	0	0	0	1	0
test6973	but if you plan to stay here make sure you request room in the back away from the street there are many	test	0	0	0	0	0	0	0	0
test6974	otherwise the reception people were very helpful and my internet addicted boyfriend loved that there was free internet in the lobby	test	1	0	0	0	0	0	0	1
test6975	the room was very clean nice bathroom very modern accomodations	test	1	0	0	0	0	0	1	0
test6976	just okay	test	0	0	1	0	0	0	0	0
test6977	the rooms are very small and roll away are not allowed	test	0	0	0	0	0	0	1	0
test6978	service was just okay	test	0	0	0	0	0	0	0	1
test6979	not star hotel	test	0	0	1	0	0	0	0	0
test6980	fine location good service fine hotel in downtown location	test	0	0	0	1	0	0	0	1
test6981	mentioned by other reviewers the rooms are on the small side but entirely adequate	test	0	0	0	0	0	0	1	0
test6982	service was friendly and welcoming	test	0	0	0	0	0	0	0	1
test6983	took room with shared bathroom and toilet facilities and it was obvious that the house staff were checking and cleaning both the toilets and bathroom regularly	test	0	0	0	0	0	0	1	0
test6984	reccomended	test	0	0	0	0	0	0	0	0
test6985	great views of the square my family spent couple of nights at the melia in october our second stay there and it was lovely	test	0	0	1	0	0	0	0	0
test6986	if possible ask for one of the rooms that overlooks the plaza las delicias	test	0	0	0	0	0	0	1	0
test6987	we had rooms with balconies overlooking the beautiful fountain the cathedrals and the hillsides around town	test	0	0	0	0	0	0	1	0
test6988	the restaurant mark is also highly recommended with some of the best food on the island	test	1	0	0	0	0	0	0	0
test6989	the hotel is little worn in places and the breakfast was not much to be desired but otherwise great place to stay	test	0	1	1	0	0	0	0	0
test6990	great little hotel just returned from night stay excellent choice everything spot on	test	0	0	1	0	0	0	0	0
test6991	location good hotel spotless breakfast great rooms little small but never in em only to sleep	test	0	1	1	1	0	0	1	0
test6992	dont eat on the ramblas to expensive find the cava bar by the port side street cava flowing bottle for only euros and all you can eat buffet on the street ajoining ramblas by the gaudi bit further down	test	0	0	0	0	0	0	0	0
test6993	in general spent fortune its not cheap barcelona	test	0	0	0	0	0	0	0	0
test6994	but you have to spend when there cause theres loads to do	test	0	0	0	0	0	0	0	0
test6995	see ya next year	test	0	0	0	0	0	0	0	0
test6996	deserves its rating we booked our stay based on the tripadvisor rating and were not disappointed	test	0	0	0	0	0	0	0	0
test6997	we knew what to expect in venice and were happy to be near the train the vaporetto piazza di roma and away from san marco	test	0	0	0	0	0	0	0	0
test6998	the room was nice though not large the bed and pillows very good and the bathroom excellent	test	0	0	0	0	0	1	1	0
test6999	the breakfast was varied and tasty	test	0	1	0	0	0	0	0	0
test7000	the decor is understated and the staff was absolutely first class and without attitude	test	0	0	1	0	0	0	0	1
test7001	so pleasurable hidden treasure with five star hospitality	test	0	0	0	0	0	0	0	1
test7002	great location and ambiance	test	0	0	1	1	0	0	0	0
test7003	we ve enjoyed this beautiful hotel it felt like home	test	0	0	1	0	0	0	0	0
test7004	we thanks all the staff for making it so enjoyable	test	0	0	0	0	0	0	0	1
test7006	stayed at the belvedere for fabulous nights	test	0	0	0	0	0	0	0	0
test7007	the room that stayed in was on the sixth floor and	test	0	0	0	0	0	0	0	0
test7008	the service that we received was wonderful	test	0	0	0	0	0	0	0	1
test7009	the bathroom was bit small but it was good to have refrigerator microwave and even coffee maker	test	0	0	0	0	0	1	1	0
test7010	the location is in great walking distance to the broadway shows and subways stops	test	0	0	0	1	0	0	0	0
test7011	conforme	test	0	0	0	0	0	0	0	0
test7013	la r茅putation	test	0	0	0	0	0	0	0	0
test7015	you will not be disapointed very nice star hotel	test	0	0	1	0	0	0	0	0
test7016	me and my wife loved the swimming pools especially the hot water with jakuji pool	test	1	0	0	0	0	0	0	0
test7017	breakfasts were very good with lots of options	test	0	1	0	0	0	0	0	0
test7018	staff was very polite and helpful	test	0	0	0	0	0	0	0	1
test7019	also the location of the hotel was easy to travel to and from any place	test	0	0	0	1	0	0	0	0
test7020	clean and nice place to stay with an average price	test	0	0	1	0	0	0	0	0
test7021	poor experience avoid booking this hotel if you re driving car	test	0	0	1	0	0	0	0	0
test7022	the hotel is extremely difficult to find with an obscure address according to the gps in our rented car the address did not even exist	test	0	0	0	1	0	0	0	0
test7023	it was likewise nearly impossible to find our way from the hotel to the airport if one doesn take shuttle and consequently we almost missed our plane	test	0	0	0	1	0	0	0	0
test7024	we arrived late to check in at the hotel just before midnight yet our room still was not ready for us	test	0	0	0	0	0	0	0	1
test7025	we certainly do not recommend this hotel	test	0	0	0	0	0	0	0	0
test7026	pampered at the ritz	test	0	0	1	0	0	0	0	0
test7027	my stay	test	0	0	0	0	0	0	0	0
test7028	there was excellant had couple that cancelled at the last moment and the ritz did not charged them dime	test	0	0	1	0	0	0	0	0
test7029	the service beds and location was wonderful we will be doing it again	test	0	0	0	1	0	1	0	1
test7030	best of the best by far being frequent traveller for both business and pleasure have to say that hotel de europe has been one of the very best hotels have ever stayed at	test	0	0	1	0	0	0	0	0
test7031	the location is excellent the service is friendly and impecable and the rooms are spotless	test	0	0	0	1	0	0	1	1
test7032	it is both an architectural and historical monument and for all of us who are smokers it is still offering not only smoking rooms but also wonderful smoking lounge with beautiful view	test	1	0	0	0	0	0	0	0
test7033	both restaurants in the hotel are considered to be of the best in amsterdam and finally special thanks to the concierge for all their helpful information	test	1	0	0	0	0	0	0	1
test7034	cyprus	test	0	0	0	0	0	0	0	0
test7036	this is great hotel on arrival we were upgraded without asking to delux room with great views of wonderful city	test	0	0	0	0	0	0	1	1
test7037	the service here is second to none the welcome drinks were indeed very welcome although mini bar is very expensive	test	1	0	0	0	1	0	0	1
test7038	rooftop bar is good for snacks and breakfast was excellent will return to this hotel on next visit	test	1	1	0	0	0	0	0	0
test7039	maxwell has the old san francisco charm personally prefer the charm of the maxwell over the institutional feel of big new hotel	test	0	0	1	0	0	0	0	0
test7040	when you step in to the lobby of the hotel it brings you back to how san francisco hotels should feel back in the	test	0	0	1	0	0	0	0	0
test7041	although the modern amenities in the room and the lobby make the hotel really comfortable	test	1	0	0	0	0	1	0	0
test7042	stay at the maxwell if you want the small boutique feel in hotel	test	0	0	1	0	0	0	0	0
test7043	great location great price for nyc	test	0	0	1	1	0	0	0	0
test7044	this hotel was block from restaurant row blocks from the theater district plus it averaged per night	test	0	0	1	1	0	0	0	0
test7045	continental breakfast was also included at that price	test	0	1	0	0	0	0	0	0
test7046	no other place found could even come close	test	0	0	0	1	0	0	0	0
test7047	thought there were few cosmetic things paint for example that could be done but overall it was great place to stay	test	0	0	1	0	0	0	0	0
test7048	wonderful	test	0	0	0	0	0	0	0	0
test7050	magnificent	test	0	0	0	0	0	0	0	0
test7051	view from our room balcony	test	0	0	0	0	0	0	1	0
test7052	location location location located on restaurant row and near the major theaters this boutique hotel has nicely furnished rooms new plasma tv at an incredibly good price	test	0	0	1	1	0	0	0	0
test7053	mike at the front desk is exceptionally helpful with restaurants and touring	test	0	0	0	0	0	0	0	1
test7054	heater controls were hard to locate and there was little info available on use of phones etc	test	0	0	0	0	0	1	0	0
test7055	but these were small oversights for such comfortable stay	test	0	0	1	0	0	0	0	0
test7056	we had three rooms for five days in both of the hotel two buildings and everyone was content	test	0	0	0	0	0	0	0	0
test7057	would return in minute	test	0	0	0	0	0	0	0	0
test7058	great find we very much enjoyed our stay here	test	0	0	1	0	0	0	0	0
test7059	the staff were friendly and helpful room was very clean and the hotel is in great location	test	0	0	0	1	0	0	1	1
test7060	we particularly enjoyed the abundance of restaurants and bars in the locality and the fact that everything was within walking distance	test	0	0	0	1	0	0	0	0
test7061	we would definitely go back again	test	0	0	0	0	0	0	0	0
test7062	great hotel food was fine plenty one thing about the help	test	0	1	1	0	0	0	0	0
test7063	we had the royal suites	test	0	0	0	0	0	0	0	0
test7064	must commend ahmed for the excellent service also pedro and galven at the bar	test	0	0	0	0	0	0	0	1
test7065	few dollars and compliments go long way	test	0	0	0	0	0	0	0	0
test7066	admit there is language barrier but after all it is spanish speeking country	test	0	0	0	0	0	0	0	0
test7067	loved the room would definately go back again	test	0	0	0	0	0	0	1	0
test7069	this hotel is fabulous	test	0	0	1	0	0	0	0	0
test7070	the location is great the staff are lovely helpful and so keen to help and make your stay memorable	test	0	0	0	1	0	0	0	1
test7071	the rooms are nicely decorated and like the quirkly design which follow through from the rooms to the lobby area	test	0	0	0	0	0	0	1	0
test7072	loved the lobby it was cosy with the fire going and felt like someone living room rather than hotel lobby the free wine for an hour every evening was nice you got to see everyone in the hotel and have chat if you felt like it there are endless great resturants in san francisco really spolit for choice especially if you like seafood great hotel great location fabulous stay	test	1	1	0	1	0	0	0	0
test7073	uber fantastic hotel great weekend getaway to the commonwealth	test	0	0	1	0	0	0	0	0
test7074	fantastic bed linens pillows could have slept until check out	test	0	0	0	0	0	1	1	0
test7075	swear there were kinds of toilet paper as well quilted and regular	test	0	0	0	0	0	0	0	0
test7076	never seen that before	test	0	0	0	0	0	0	0	0
test7077	bit annoyed by the night for parking but would happily stay again and again	test	1	0	0	0	0	0	0	0
test7078	will hope to try the hotel bars restaurants next time	test	1	0	0	0	0	0	0	0
test7079	nice hotel with european feel ace was very nice clean place and the staff was absolutley fabulous	test	0	0	1	0	0	0	0	1
test7080	the location was great and so was the continental breakfast	test	0	1	0	1	0	0	0	0
test7081	the only bad things were that our room had no ac so it was hot	test	0	0	0	0	0	1	0	0
test7082	and there was lot of road noise and we used earplugs	test	0	0	0	0	0	0	1	0
test7083	all and all it was nice stay and would stay again	test	0	0	1	0	0	0	0	0
test7084	but def not the best ever	test	0	0	0	0	0	0	0	0
test7086	we had wonderful time at the soho hotel	test	0	0	1	0	0	0	0	0
test7087	the room was fantastic the service was great and we couldn have asked for more	test	0	0	0	0	1	0	0	1
test7088	sandro the conceirge was extremely helpful and useful	test	0	0	0	0	0	0	0	1
test7090	fabulous hotel great location and lovely rooms	test	0	0	1	1	0	0	1	0
test7091	wonderful three night stay with my husband and daughter	test	0	0	1	0	0	0	0	0
test7092	mailed requesting quiet room	test	0	0	0	0	0	0	0	1
test7093	and we were allocated wonderfully spacious room on the th floor with an amazing view of the chrysler concierge	test	0	0	0	0	0	0	1	0
test7094	were also fantastic recommending and booking some excellent restaurants	test	0	0	0	0	0	0	0	1
test7095	would recommend to anyone	test	0	0	0	0	0	0	0	0
test7096	superb comfortable stay the hotel was to an excellent standard and very friendly staff	test	0	0	1	0	0	0	0	1
test7097	its an excellent base for sightseeing in london with the tower of london only minutes walk away and the tower hill tube station on the circle line closer still	test	0	0	0	1	0	0	0	0
test7098	we didn have breakfast in the restaurant	test	0	0	0	0	0	1	0	0
test7099	but we had drinks in the very swish bar	test	1	0	0	0	0	0	0	0
test7100	overall excellent and would recomment it to anyone wanting to stay in london	test	0	0	1	0	0	0	0	0
test7101	fabulous hotel fabulous staff	test	0	0	1	0	0	0	0	1
test7102	the family that runs this hotel treats you like your are in their personal home	test	0	0	0	0	0	0	0	1
test7103	friendly always willing to help out with information and recommendations to maximime our stay cheerful during breakfast and	test	0	0	0	0	0	0	0	1
test7104	all around clean warm we were there during the christmas holiday comfortable and friendly	test	0	0	1	0	0	0	0	0
test7105	we will always stay here when we are in london	test	0	0	0	0	0	0	0	0
test7106	you will not be disapointed my wife and stayed at the menzies hotel for three nights recently and from the moment we stepped from the cab we were treated as if we were the only guests especially from andrew who welcomed us	test	0	0	1	0	0	0	0	1
test7107	in fact all the staff were excellent right to the cleaning lady who greeted us with cheery good morning	test	0	0	0	0	0	0	0	1
test7108	menzies your staff are credit	test	0	0	0	0	0	0	0	1
test7109	we ll be back regardsderek	test	0	0	0	0	0	0	0	0
test7110	coral smith	test	0	0	0	0	0	0	0	0
test7111	the hotel casci is delightful	test	0	0	1	0	0	0	0	0
test7112	this is second time we stayed at the casci	test	0	0	0	0	0	0	0	0
test7113	and it is so deligtful and friendly that we will stay there again on our next trip to tuscany	test	0	0	1	0	0	0	0	0
test7114	the service is superb and personnel are polite helpful and very friendly	test	0	0	0	0	0	0	0	1
test7115	kurt and paula miskaann arbor michigan usa	test	0	0	0	0	0	0	0	0
test7116	great locations fantastic rooms service could have been better	test	0	0	0	0	0	0	1	1
test7117	stayed at the grand hyatt for nights during december	test	0	0	0	0	0	0	0	0
test7118	the location was great right in the heart of union square and close to public transport	test	0	0	0	1	0	0	0	0
test7119	the rooms were spacious and clean however the service left lot to be desired	test	0	0	0	0	0	0	1	1
test7120	we arrived at pm and were told that our room would not be ready for another hours	test	0	0	0	0	0	0	0	1
test7121	would definitely stay there again for the fabulous location	test	0	0	0	1	0	0	0	0
test7122	nice basic hotel with great location	test	0	0	1	1	0	0	0	0
test7123	this is basic little place nothing too flashy	test	0	0	1	0	0	0	0	0
test7124	we splurged little on superior double room and had good sized room with balcony overlooking the plaza in front	test	0	0	0	0	0	0	1	0
test7125	the staff were friendly and helpful and the room itself was clean and perfectly fine	test	0	0	0	0	0	0	1	1
test7126	and the location is pretty hard to beat just block from the plaza mayor close to the bars and restaurants not far from metro stop	test	0	0	0	1	0	0	0	0
test7128	start spreading the muse	test	0	0	1	0	0	0	0	0
test7129	we stayed at the muse few weeks ago feb	test	0	0	0	0	0	0	0	0
test7130	it was fantastic experience	test	0	0	1	0	0	0	0	0
test7131	the staff was great the room was spacious by ny standards and the bed was very very comfortable	test	0	0	0	0	1	0	1	1
test7132	you cannot beat the location of the hotel half block from times square and right in the middle of everthing	test	0	0	0	1	0	0	0	0
test7133	the price was reasonable again by ny standards and we would return tomorrow if we could	test	0	0	1	0	0	0	0	0
test7136	the room was huge by any standards and the view breathtaking	test	0	0	0	0	0	0	1	0
test7137	the swimming pool although slighty cold had beautiful views and it was amazing seeing the lights of the city as you swam around at	test	1	0	0	0	0	0	0	0
test7138	night will hopefully get the chance to stay here again	test	0	0	1	0	0	0	0	0
test7139	great we went to the ocean bavaro hotel back in july this year	test	0	0	1	0	0	0	0	0
test7140	the staff were great and they worked really hard and long hours and always smiled	test	0	0	0	0	0	0	0	1
test7141	the food was nice but nothing over the top	test	0	0	0	0	1	0	0	0
test7142	our room was amazing	test	0	0	0	0	0	0	1	0
test7143	we will go back there again in few years time	test	0	0	0	0	0	0	0	0
test7144	nice room great service	test	0	0	0	0	0	0	1	1
test7145	we visited july	test	0	0	0	0	0	0	0	0
test7146	the room was aa great size so was the marble bathroom	test	0	0	0	0	0	0	1	0
test7147	the staff was excellent they made all of our reservations and arrangments	test	0	0	0	0	0	0	0	1
test7148	the roomdecor could use updating but all in all it was agood experience	test	0	0	0	0	0	0	1	0
test7149	really excellent hotel cannot fault this hotel	test	0	0	1	0	0	0	0	0
test7150	very comfortable room well stocked items in the bathroom	test	0	0	0	0	0	1	1	0
test7151	very good breakfast	test	0	1	0	0	0	0	0	0
test7152	helpful and efficient staff	test	0	0	0	0	0	0	0	1
test7153	in all very pleasant experience	test	0	0	0	0	0	0	0	0
test7154	great cbd location great business location	test	0	0	0	1	0	0	0	0
test7155	neighborhood is slow on weekends busy during the week	test	0	0	0	0	0	0	0	0
test7156	not sure about the negative reviews but service was great for us	test	0	0	0	0	0	0	0	1
test7157	checked us in early and room was great	test	0	0	0	0	0	0	1	0
test7158	value proposition isn the best but still one of the best hotels in sydney	test	0	0	1	0	0	0	0	0
test7159	walkable to the quay and neighborhood pubs that have busy happy hours	test	0	0	0	1	0	0	0	0
test7160	yawn it another hilton	test	0	0	0	0	0	0	0	0
test7161	it hilton	test	0	0	0	0	0	0	0	0
test7162	if you ve stayed in one before you know what you re going to get	test	0	0	0	0	0	0	0	0
test7163	soul less luxury well trained but passionless staff feeling of anonymity	test	0	0	0	0	0	0	0	1
test7164	if you re paying for yourself as opposed to business expenses it probably not worth the money	test	0	0	1	0	0	0	0	0
test7165	only point where the hilton barcelona is above average is the decor which looks modern and little more characterful than the average brown and bronze chandeliers and marble that most hiltons seem to display	test	0	0	1	0	0	0	0	0
test7166	great hotel fantastic location have just got back from nights at the sofitel and cannot fault this hotel	test	0	0	1	1	0	0	0	0
test7167	although the rooms are little small they are spotless and the bathrooms more than make up for the smaller bedrooms	test	0	0	0	0	0	0	1	0
test7168	the attention to detail is great and nothing was to much trouble for the staff including late check out at short notice and for no extra charge but the main thing about this hotel is the location	test	0	0	0	1	0	0	0	1
test7169	mins from times square right next to th avenue and the list goes on and on nearly all the main sites are within working distance and if not the subway is only mins away	test	0	0	0	0	0	0	0	0
test7170	the best place for breakfast is the red flame diner couple of doors away and	test	0	0	0	0	0	0	0	0
test7171	if your looking for nice relaxed beer in an unpretenious bar then virgils just down the street is great with friendly bar staff and great bbq food	test	0	0	0	0	0	0	0	0
test7172	heed noise warnings	test	0	0	1	0	0	0	0	0
test7173	want to echo earlier reviews da house centrally located inexpensive and beautiful	test	0	0	1	1	0	0	0	0
test7175	it is however loud	test	0	0	1	0	0	0	0	0
test7176	there are interior rooms that are quieter but they do not have windows that open to the outside	test	0	0	0	0	0	0	0	0
test7177	da house is not for people who want to go to sleep before am	test	0	0	1	0	0	0	0	0
test7178	mfortable modern decor nice place	test	0	0	1	0	0	0	0	0
test7180	room was very comfortable and modern and good sized as well	test	0	0	0	0	0	0	1	0
test7181	staff was friendly	test	0	0	0	0	0	0	0	1
test7182	within walking distance of las ramblas	test	0	0	0	1	0	0	0	0
test7183	overall very pleasant experience	test	0	0	1	0	0	0	0	0
test7184	wouldn recommend it	test	0	0	0	0	0	0	0	0
test7185	this hotel looks great online	test	0	0	1	0	0	0	0	0
test7186	although the price is right it doesn make up for the cleanliness	test	0	0	1	0	0	0	0	0
test7187	the shared washrooms were dirty and most all the architectural details were very worn	test	0	0	1	0	0	0	1	0
test7188	have stayed at much nicer places for the same price	test	0	0	0	0	0	0	0	0
test7190	beware the annex booked to stay in another hotel in amsterdam in may but got changed at last minute by the internet booking company we used think they may have gone out of business now as can find them any more to the hotel piet hein	test	0	0	0	0	0	0	0	0
test7191	when we arrived thought nice hotel only to discover that we had been booked into the hotel annex which was few doors down the same street	test	0	0	0	0	0	0	0	0
test7192	absolute nightmare of room up three flights of very steep stairs room very dirty ripped curtains mould in bathroom stained carpets etc	test	0	0	0	0	0	1	1	0
test7193	didn get our own key to the door of the annex but had to ask at main reception for someone to come along and let us in	test	0	0	1	0	0	0	0	0
test7194	in short not somewhere would reccomend	test	0	0	0	0	0	0	0	0
test7195	that said things may have changed in the annex as it was few years ago but beware when booking make sure its the main hotel which is really nice	test	0	0	1	0	0	0	0	0
test7196	at the monge again	test	0	0	0	0	0	0	0	0
test7197	exactly half year after our first stay in the hotel monge we stayed here again for nights	test	0	0	0	0	0	0	0	0
test7198	after reading some of the very negative reviews here was slightly worried if hte positive impression we had had mabye changed	test	0	0	0	0	0	0	0	0
test7199	but no we enjoyed the time there as much as before	test	0	0	1	0	0	0	0	0
test7200	the room was extremely clean enough space for people the location just always again is simply perfect for buying food going for walks jardin de plantes or simply wathcing people	test	0	0	0	1	0	0	1	0
test7201	so still highly recommend this hotel for people who don麓t want to spend too much money but want to have nice clean and friendly stay in lovely area of paris	test	0	0	1	1	0	0	0	0
test7202	supportive familiy like staff	test	0	0	0	0	0	0	0	1
test7203	my friends and were some of the many evacuees who waited until the last minute to get out of town before hurricane katrina	test	0	0	0	0	0	0	0	0
test7204	during such scarey time the hotel staff became like family in that they did everything in their power to make our stay there as comfortable as possible not easy with the limited resources that were available after the storm hit	test	0	0	0	0	0	0	0	1
test7205	our safety was their highest priority however they did their best to keep everyone as comfortable as possible during those very unforgetable days	test	0	0	0	0	0	0	0	0
test7206	do plan to stay at the hotel le cirque again if only just to thank the staff for being there for us	test	0	0	0	0	0	0	0	1
test7207	great deal had nice stay here	test	0	0	1	0	0	0	0	0
test7208	staff was cordial	test	0	0	0	0	0	0	0	1
test7209	modern decor in the east tower was fine	test	0	0	1	0	0	0	0	0
test7210	could see that mildew beginning to build up on the bath tiles will contribute to poor maintenance	test	0	0	0	0	0	0	1	0
test7211	would like to recommend cibo restuarant on nd and st for quiet dinner prix fixed courses seasonal menu many choices for	test	0	0	0	0	0	0	0	0
test7212	the new amish market on th is like mini whole foods	test	0	0	0	0	0	0	0	0
test7213	marvellous having just come back from three nights stay at the ny palace must say really do not understand why this place is not among the first in nyc	test	0	0	1	0	0	0	0	0
test7214	my reservation was quickly dealt with courtesy and professionality the room we were given in the executive wing exceeded all expectations and met all requests had stated with beautiful view of st patrick cathedral on top of those the use of the lounge was great boon for us supplying us with great breakfast and nightcap in pleasant friendly and civilized surroundings the concierge was very helpful and all in all we had the feeling we were being very nicely looked after every moment of our stay	test	1	1	0	0	0	0	1	1
test7215	something not to be overlooked in not so friendly city as new york	test	0	0	0	0	0	0	0	0
test7216	also unlike what was written in previous preview we were there with our five yrs old child having previously checked that it was ok for him to stay at the executive level and he was always made to feel at home noticed quite lot of families with small children during the weekend we stayed there	test	0	0	1	0	0	0	0	0
test7217	will definitely return to the palace	test	0	0	0	0	0	0	0	0
test7218	go for the regency club worth extra my husband	test	0	0	1	0	0	0	0	0
test7219	and stayed here and the staff amenities and hotel made it one of the best vacations we ve ever taken	test	0	0	0	0	0	1	0	1
test7220	the service was attentive the rooms and grounds breathtaking	test	1	0	0	0	0	0	1	1
test7221	what an amazing view of the ocean to wake up to every morning	test	0	0	0	1	0	0	0	0
test7222	lastly booking at the regency club level meant room in the top floors with ocean view as well as buffet breakfast every morning and cocktails and happy hour snacks like chicken wings kalua pork shrimp every night	test	0	1	0	0	0	0	0	0
test7223	dirty and stuffy hotel	test	0	0	1	0	0	0	0	0
test7224	we booked hotel through the travel agent and she assured us that this hotel is very nice hotel with very good location	test	0	0	0	0	0	0	0	0
test7225	lo and behold	test	0	0	0	0	0	0	0	0
test7226	it is dump	test	0	0	1	0	0	0	0	0
test7227	the bathtub was so dirty and the room was so stuffy we were shortchanged so called our travel agent by overseas to complain	test	0	0	0	0	0	1	1	0
test7228	with the assistance of her travel agent partner there we were transferred better hotel in the area never ever set foot in this dump unless you want to ruin your vacation	test	0	0	0	0	0	0	0	0
test7229	langham stay we were supposed to have superior room	test	0	0	1	0	0	0	0	0
test7230	we looked out over the roof air conditioners on the fifth floor say you prefer not to have room	test	1	0	0	0	0	0	1	0
test7231	otherwise we had great time only five blocks from quincy market and nice walk close to filene basement macy	test	0	0	0	1	0	0	0	0
test7232	ate at saraceno in the north end and the four seasons restaurant both fabulous	test	0	0	0	0	0	0	0	0
test7233	more like backpackers hostel than hotel	test	0	0	1	0	0	0	0	0
test7234	hotel is on the noisest corner in waikiki rooms have old chipped paint smelly drain fron sink poor beds not very impressed at all	test	0	0	0	1	0	1	1	0
test7235	the silly thing is that the view from the balcony was amazing	test	0	0	0	0	0	0	1	0
test7236	believe the hotel is only suitable for surfers and young people	test	0	0	1	0	0	0	0	0
test7239	we enjoyed our stay at this motel	test	0	0	1	0	0	0	0	0
test7240	the room was very comfortable amenities were good service was good	test	0	0	0	0	0	1	1	1
test7241	food in the restaurant was like home cooking	test	1	1	0	0	0	0	0	0
test7242	we had no complaints	test	0	0	0	0	0	0	0	0
test7243	bad to be true stayed night on january first we were assigned room that had not been cleaned at in the afternoon we were given another room but this one had no water this resolved we had no hot water we were told by other guests that this problem was days old	test	0	0	0	0	0	0	1	0
test7244	we were imformed that this problem was outside the hotel	test	0	0	0	0	0	0	0	0
test7245	at we went to the lounge area and the receptionist practicly kiked us away closing the tv and telling us we could not stay there	test	0	0	0	0	0	0	0	1
test7246	the room although modern were filled with defects like electric cables hanging	test	0	0	0	0	0	0	1	0
test7247	don麓t know how this is star hotel stay away from this hotel if you ca	test	0	0	1	0	0	0	0	0
test7248	excellent stayed at this little boutique hotel last week	test	0	0	1	0	0	0	0	0
test7249	great experience there	test	0	0	1	0	0	0	0	0
test7250	the staff was terrific room was beautifully decorated and there were no incidental charges	test	0	0	0	0	0	0	1	1
test7251	location in the middle of the back bay is convenient to shopping and business needs	test	0	0	0	0	0	0	0	0
test7252	would stay there again anytime	test	0	0	0	0	0	0	0	0
test7253	not great most of the staff had poor command of english	test	0	0	0	0	0	0	0	1
test7254	asked for an ice machine and was almost sent down the street to gas station because they thought was asking for an automatic teller machine	test	0	0	0	0	0	0	0	0
test7255	the cuban music at the restaurant next door started at pm or so and didn quit until after midnight	test	0	0	1	0	0	0	0	0
test7256	not good if you want to catch an early flight	test	0	0	0	1	0	0	0	0
test7257	on the good side they did allow us to check in early and the room was clean	test	0	0	0	0	0	0	1	1
test7258	lovely hotel hotel de varenne is great hotel in paris	test	0	0	1	0	0	0	0	0
test7259	it is centrally located in safe area	test	0	0	0	1	0	0	0	0
test7260	the staff was extremely friendly	test	0	0	0	0	0	0	0	1
test7261	would recommend having breakfast in the gardens of the rodin museum	test	0	1	0	0	0	0	0	0
test7262	we will return to paris and hotel de varenne in the future	test	0	0	1	0	0	0	0	0
test7263	hotel milano	test	0	0	0	0	0	0	0	0
test7264	we stayed at the hotel milano for two nights prior to our cruise and we had great time	test	0	0	1	0	0	0	0	0
test7265	the employees were very helpful and pleasant	test	0	0	0	0	0	0	0	1
test7266	the location was ideal	test	0	0	0	1	0	0	0	0
test7267	we would recommend this small but nice hotel if you want to stay in old san juan	test	0	0	1	0	0	0	0	0
test7268	loved the beat great loaction we stayed here for nights in january	test	0	0	0	1	0	0	0	0
test7269	the hotel is superbly placed on the bourbon however the downside to that could be the noise	test	0	0	0	1	0	0	0	0
test7270	our room was on the top floor but on the corner of bourbon street and toulouse	test	0	0	0	0	0	0	0	0
test7271	therefore the beat from the clubs could be felt	test	0	0	0	0	0	0	1	0
test7272	however the room was so comfortbale an dthe bed such joy indeed had the nicest sleeps here in days touring the deep south	test	0	0	0	0	0	0	1	0
test7273	superb hotel for superb stay in sf you will not be disappointed with this hotel	test	0	0	1	0	0	0	0	0
test7274	the rooms are spacious cosy bright and airy	test	0	0	0	0	0	0	1	0
test7275	nice little touch was of an evening dressing gown and chocolates were laid on the bed of an evening	test	0	0	1	0	0	0	0	0
test7276	complimentary hot drinks arrived at the room each morning too	test	0	0	0	0	0	0	0	1
test7277	the hotel staff are very friendly and helpful	test	0	0	0	0	0	0	0	1
test7278	the location is also fab	test	0	0	0	1	0	0	0	0
test7279	viva porta	test	0	0	0	0	0	0	0	0
test7280	very nice reasonably priced hotel within short walk to everything you would want to see	test	0	0	1	1	0	0	0	0
test7281	ac worked great important because it was pretty warm the time we visited italy	test	0	0	0	0	0	1	0	0
test7282	nice front desk close cafes and trattorias short walk to train	test	1	0	0	1	0	0	0	1
test7283	all in all really good stay	test	0	0	1	0	0	0	0	0
test7284	thanksgiving holiday in madrid	test	0	0	0	0	0	0	0	0
test7285	my wife and just spent four fabulous nights at the hotel preciados	test	0	0	1	0	0	0	0	0
test7286	we booked junior suite through the hotel website and we were delighted with our selection	test	0	0	1	0	0	0	0	0
test7287	the room was modern clean sound proofed and great for multi night stay in madrid	test	0	0	0	0	0	0	1	0
test7288	this is hotel that certainly makes travel pleasure	test	0	0	1	0	0	0	0	0
test7289	good price performance comfortable clean hotel with friendly employees	test	0	0	1	0	0	0	0	1
test7290	good restaurant for your breakfast and dinner	test	1	0	0	0	0	0	0	0
test7291	double rooms rather small but good for short stays	test	0	0	0	0	0	0	1	0
test7292	five minutes by car to universal studios	test	0	0	0	1	0	0	0	0
test7293	some rooms are rather noisy because it located near the	test	0	0	0	0	0	0	1	0
test7294	great service	test	0	0	0	0	0	0	0	1
test7295	the nine zero hotel is in great location has nice rooms but most importantly has great front of house team	test	0	0	0	1	0	0	1	1
test7296	expert advice on where to eat in boston which was spot on in terms of our requests and were happy to make bookings for us and get us into busy places during boston restaurant week	test	0	0	0	0	0	0	0	1
test7297	excellent hotel in big city	test	0	0	1	0	0	0	0	0
test7298	the essence music fiasco	test	0	0	0	0	0	0	0	0
test7299	this establishment played the staring role in the worst trip ever	test	0	0	1	0	0	0	0	0
test7300	it would seem that the toilet being constantly flooded would be bad enough but no they went and topped themselves by being infested with termites	test	0	0	0	0	0	0	1	0
test7301	lastly in an attempt to kill the termites maybe the hotel has electrical problems that caused fire landing their guests in 鈥渟helter like鈥 domain that was surprisingly better compared to the chateau dupre	test	0	0	1	0	0	0	0	0
test7302	ice hotel would stay again nice hotel in good location	test	0	0	1	1	0	0	0	0
test7303	easy transportation to fisherman warf	test	0	0	0	1	0	0	0	0
test7304	not much in walking distance	test	0	0	0	0	0	0	0	0
test7305	large room with great view	test	0	0	0	0	0	0	1	0
test7306	ruth chris across street	test	0	0	0	0	0	0	0	0
test7307	great stopover we stopped over in singapore on our way to bali and decieded to stay at the fullerton for our second time in years	test	0	0	1	0	0	0	0	0
test7308	what we love about the hotel is the	test	0	0	1	0	0	0	0	0
test7309	it is such	test	0	0	0	0	0	0	0	0
test7310	are great contrast to what ever else is going on around it in such an elegant way	test	0	0	0	0	0	0	0	0
test7311	everything from the bathroom amenities to the service is fantastic and we both defintaly love this hotel and cannot recommend it enough	test	0	0	1	0	0	1	0	1
test7312	basic accomodation near the airport we stayed for night with our three year old daughter picking the location for it convenience for the airport for flight the next day	test	0	0	0	1	0	0	0	0
test7313	rooms are small and functional bathroom unit is clever use of space and big enough for what we needed	test	0	0	0	0	0	0	1	0
test7314	bedding was little strange with bedsheets wrapped around the duvets rather than proper duvet covers	test	0	0	0	0	0	1	0	0
test7315	staff were efficient breakfast in the morning was good and transfer to airport was on time despite being chargeable which is not what was advertised	test	0	1	0	0	0	0	0	1
test7316	it decent enough place even if you still get some noise from aircraft due	test	0	0	1	0	0	0	0	0
test7317	it proximity to the runway	test	0	0	0	0	0	0	0	0
test7318	short stay in paris	test	0	0	0	0	0	0	0	0
test7319	we just returned from quite short day trip to paris stayed at this hotel which we have stayed at before we loved the room	test	0	0	0	0	0	0	1	0
test7321	the location of the hotel is great as well	test	0	0	0	1	0	0	0	0
test7322	however what made us most happy was the management and desk service they were very attentive helpful even checking on our last day that we were up about after our wake up call so as we would not miss our early flight this is very nice place to stay in such wonderful city gerard ny	test	0	0	1	0	0	0	0	1
test7323	heavenly stay my stay at the westin park central truly was heavenly	test	0	0	1	0	0	0	0	0
test7324	can remember better nights sleep away from home	test	0	0	1	0	0	0	0	0
test7325	the room was clean service was okay but can get over how comfortable the bed was	test	0	0	0	0	0	0	1	1
test7326	and you must have glass of the fresh squeezed orange juice in the morning	test	0	1	0	0	0	0	0	0
test7327	if you are looking for good nights sleep and to wake refreshed this is your stop	test	0	0	0	0	0	0	0	0
test7328	the reviews are right on this place	test	0	0	0	0	0	0	0	0
test7330	it was clean brand new looking all new furniture carpet etc big rooms	test	0	0	0	0	0	1	1	0
test7331	the staff was extremely helpful right next to public transportation and couple blocks from the cable cars	test	0	0	0	1	0	0	0	1
test7332	the beds are hard	test	0	0	0	0	0	1	0	0
test7333	if you don like hard beds then this is not the place for you	test	0	0	0	0	0	0	0	0
test7334	the bed was like sleeping on slab of concrete which suppose is ok if you like your mattress firm	test	0	0	0	0	0	1	0	0
test7335	other than the horrid bed which totally spoiled my stay this place was modern very clean and offered friendly service	test	0	0	0	0	0	0	0	1
test7336	harming typical puerto rican inn clean comfortable rooms in charming typical european or central american inn	test	0	0	1	0	0	0	1	0
test7337	easy walk to great local breakfast all the locals there or to the casinos and beaches	test	0	0	0	1	0	0	0	0
test7338	staff was courtious	test	0	0	0	0	1	0	0	0
test7339	clientel caribbean folks and colorful good lobby watching	test	1	0	1	0	0	0	0	0
test7340	we are going back this year	test	0	0	0	0	0	0	0	0
test7341	great place for the money	test	0	0	1	0	0	0	0	0
test7342	simply fine incredible value	test	0	0	1	0	0	0	0	0
test7343	almost everything was just right	test	0	0	0	0	0	0	0	0
test7344	small hotel front desk and bell staff unobtrusive and helpful elevators work well bed very comfortable room clean and well supplied with basics like glasses changed daily microwave oven and small fridge handy and supremely knowledgable concierge	test	1	0	1	0	0	1	1	1
test7345	overall incredible value for nyc location theater district and restaurant row not bad although going south on th is very down scale but feels safe lots of police blending in everywhere never got an aggressive vibe from police or civilians	test	0	0	0	1	0	0	0	0
test7346	firestation around the corner never bothered us with noise even though room faced the street on th floor may have helped that height certainly helped make the room bright and airy feeling	test	0	0	0	0	0	0	1	0
test7347	decent and great location	test	0	0	1	0	0	0	0	0
test7348	we used this hotel for trip to the nutcracker	test	0	0	0	0	0	0	0	0
test7349	thought it smelled like old chinese food but	test	0	0	0	0	0	0	0	0
test7350	the the pool breakfast and service was really good	test	1	1	0	0	0	0	0	1
test7351	the rate was good too considering we had girls	test	0	0	1	0	0	0	0	0
test7352	would say average	test	0	0	1	0	0	0	0	0
test7353	pure quality if you don mind the high cost stayed here in september for week	test	0	0	1	0	0	0	0	0
test7354	had great room overlooking the church th floor	test	0	0	0	0	0	0	1	0
test7355	was in ny on business and found this hotel ideal service was good and the bar area was impressive	test	0	0	0	0	1	0	0	1
test7356	this is an excellent hotel and is quite stunning inside but you do pay for it my room rate was of around night overall very happy with the hotel though must admit the clean towels got each day did seem little excessive	test	0	0	1	0	0	1	1	0
test7357	and had to laugh at the cost of bowel of cornflakes delivered to my room for	test	0	1	0	0	0	0	0	0
test7358	yikes	test	0	0	0	0	0	0	0	0
test7359	my family and stayed here and really disliked the hotel	test	0	0	1	0	0	0	0	0
test7360	first thing the room was really small and squeezy	test	0	0	0	0	0	0	1	0
test7361	the breakfast shouldn even be called breakfast the food looks gross	test	0	1	0	0	0	0	0	0
test7362	like they ve open can of bake beans and poured the whole thing there	test	0	0	0	0	0	0	0	0
test7363	gonna make sure my parents don make us stay there again	test	0	0	0	0	0	0	0	0
test7364	beautiful hotel with first class ammenities and service	test	1	0	1	0	0	0	0	1
test7365	we were thrilled with the staff and room at st james	test	0	0	0	0	0	0	1	1
test7366	close to the best food in new orleans and few blocks away from the french quarter we couldn have been more happy with our long weekend	test	0	0	0	1	0	0	0	0
test7367	ann at the front desk was especially sweet and accomodating	test	0	0	0	0	0	0	0	1
test7368	we will definitely be back	test	0	0	0	0	0	0	0	0
test7369	ok	test	0	0	0	0	0	0	0	0
test7370	lil place small needs remodeling	test	0	0	1	0	0	0	0	0
test7371	kinda clean	test	0	0	1	0	0	0	0	0
test7372	get what paid for	test	0	0	1	0	0	0	0	0
test7373	brought home bedbugs beautiful setting but vast hotel and little impersonal	test	0	0	1	0	0	0	0	0
test7374	okay beach on separate island that you have to take boat to free every half hour	test	0	0	0	1	0	0	0	0
test7375	the rooms are little worn	test	0	0	0	0	0	0	1	0
test7376	the worst part was that when returned home after having stayed only at the elcon brought home bedbugs	test	0	0	0	0	0	0	0	0
test7377	and that not joke	test	0	0	0	0	0	0	0	0
test7378	best place	test	0	0	0	0	0	0	0	0
test7379	to view mardis gras	test	0	0	0	0	0	0	0	0
test7380	there have been number of times we have had reunions of our ship in new orleans and always stayed at the le parc and at	test	0	0	0	0	0	0	0	0
test7381	mardi gras always had room on the second floor and when after viewing so many parades would go the the room and would hear the beads hitting the window	test	0	0	0	0	0	0	0	0
test7382	was shipmate of tommie lupo and glad he died before the devastation of awlins	test	0	0	0	0	0	0	0	0
test7383	concur with the good reviews	test	0	0	0	0	0	0	0	0
test7385	two singles pushed together	test	0	0	0	0	0	0	0	0
test7386	beware	test	0	0	0	0	0	0	0	0
test7387	my bed was lumpy and unev	test	0	0	0	0	0	0	0	0
test7389	we stayed at the hotel regina in may for nights and the hotel was just perfect	test	0	0	1	0	0	0	0	0
test7390	it was very modern clean and very relaxing	test	0	0	1	0	0	0	0	0
test7391	the rooms were fantastic and the breakfast was the best selection have seen	test	0	1	0	0	0	0	1	0
test7392	the location was also ideal	test	0	0	0	1	0	0	0	0
test7393	overall fantastic stay in the hotel regina	test	0	0	1	0	0	0	0	0
test7394	convenient staff superb	test	0	0	0	0	0	0	0	1
test7395	the staff at this hotel are great and go above and beyond the call of duty	test	0	0	0	0	0	0	0	1
test7396	had terrible case of strepped throat and without delay upon check in and without asking hot tea lemon and biscuits were delivered to my room to help my voice	test	0	0	0	0	0	0	0	1
test7397	stayed in the tower and while the room wasn particularly over the top is was clean spacious and you didn hear sound from the busy airport	test	0	0	0	0	0	0	1	0
test7398	amazingly convenient to and from trans atlantic flights	test	0	0	0	1	0	0	0	0
test7399	nice the paris hotel in florence is much more than nice and particular hotel we booked the paris hotel in florence through our travel agency which suggested it as very nice and particular hotel the paris hotel is much more than nice and particular hotel breakfast room is unique with its frescoes of the xvi century as the atmosphere in every part of the hotel	test	1	0	1	0	0	0	0	0
test7400	what pleasure to sit and relax in this room having your breakfast with such large choice of products among which ones also some tuscany specialties	test	1	1	0	0	0	0	0	0
test7401	our room had very high ceiling with nice decorations the ancient furniture was very elegant bathroom was comfortable enough and very clean	test	0	0	0	0	0	1	1	0
test7402	moreover this hotel is placed in very good location from there you can reach easily everything in few minutes on foot	test	0	0	0	1	0	0	0	0
test7403	we couldn imagine to bring with us such good memory from florence鈥 br	test	0	0	0	0	0	0	0	0
test7404	great hotel great location booked this hotel as result of reading the reviews	test	0	0	1	1	0	0	0	0
test7405	the positive reviews are all correct	test	0	0	0	0	0	0	0	0
test7406	this is new hotel in great location for short break visit to barcelona	test	0	0	1	1	0	0	0	0
test7407	from the cathedral from las ramblas and from plaza cataluyna which is the central arrival point of trains and buses from the airport	test	0	0	0	1	0	0	0	0
test7408	the staff are friendly rooms and general areas clean and the beds large and comfortable	test	0	0	1	0	0	1	1	1
test7409	we did not eat there as too many local cafes reataurants and bars to experience outside small pool on roof terrace welcome respite to all the sightseeing	test	1	0	0	0	0	0	0	0
test7410	give it miss	test	0	0	0	0	0	0	0	0
test7411	the hotel is in great location but would have serious doubts in recommending the hotel as there are several deficiencies that need immediate attention	test	0	0	0	0	0	0	0	0
test7412	hotel is in need of some seious maintenance broken counter tops leaking taps no self closing room doors window locks not working and musty stench from stairwells	test	0	0	0	0	0	0	0	0
test7413	there is no parking at the hotel and runs per day plus tax	test	0	0	0	0	0	0	0	0
test7414	no high speed internet access at all is available you have to cross the road to sister property lobby and pay day	test	0	0	0	0	0	0	0	0
test7415	had bad experience with rude staff member while checking out but that hasn swayed my review	test	0	0	0	0	0	0	0	0
test7416	intersting irish hotel in an old police station within walking distance to super restaurants shopping and boston commons	test	0	0	1	1	0	0	0	0
test7417	this converted boston police station is top notch hotel	test	0	0	1	0	0	0	0	0
test7418	the lounge on the ground floor is cuffs with pictures of old boston policemen	test	1	0	0	0	0	0	0	0
test7419	very friendly and accommodating staff	test	0	0	0	0	0	0	0	1
test7420	the room was relaxing and peaceful	test	0	0	0	0	0	0	1	0
test7421	great modern hotel	test	0	0	1	0	0	0	0	0
test7422	this hotel is great its ultra modern	test	0	0	1	0	0	0	0	0
test7423	it has mood lighting electronic blinds huge plasma tv	test	0	0	0	0	0	1	0	0
test7424	the staff are very friendly and offer lots of help about the surrounding area and places to see eat party and shop	test	0	0	0	0	1	0	0	1
test7425	the pool is small but is great just to cool off there is also lounge area and bar service on the roof top which is great after day of sightseeing	test	1	0	0	0	0	0	0	0
test7426	the buffet breakfast is also great with large variety to pick	test	0	1	0	0	0	0	0	0
test7429	the location was great the staff pleasant the rooms very nice very decent size for new york	test	0	0	0	1	0	0	1	1
test7430	we will stay there again and would recommend it without hesitation	test	0	0	1	0	0	0	0	0
test7432	the rooms were beautiful and clean	test	0	0	0	0	0	0	1	0
test7433	each room had balcony and due to the low rise buildings and the landscaping the hotel had homely and relaxing atmosphere that makes one feel like one is staying in garden villa	test	0	0	1	0	0	0	1	0
test7434	definitely one of the best hotels ve stayed in	test	0	0	1	0	0	0	0	0
test7435	the rooms were not cheap but if you reserve online beforehand you can get some good deals	test	0	0	0	0	0	0	1	0
test7436	fantastic fantastic fantastic for our first trip to venice and special anniversary and birthday holiday cannot imagine any place could have been better	test	0	0	0	0	0	0	0	0
test7437	the staff was incredible booking perfect reservations for dinners and helping us with transportation	test	0	0	0	0	0	0	0	1
test7438	arranged in advance to have flowers in the room for my wife and everything was done to perfection	test	0	0	0	0	0	0	0	0
test7439	this is one of the finest hotels have ever enjoyed and highly recommend it	test	0	0	1	0	0	0	0	0
test7440	the location is perfect as well	test	0	0	0	1	0	0	0	0
test7441	best in sf	test	0	0	0	0	0	0	0	0
test7442	stayed at the argonaut in march but have only just round to writing the review	test	0	0	0	0	0	0	0	0
test7443	easily the nicest hotel have stayed in anywhere and by far the nicest in san francisco	test	0	0	1	0	0	0	0	0
test7444	spotlessly clean well appointed room and perfectly quiet at night very comfortable bed perfect location friendly helpful staff and unbeatable value for money	test	0	0	1	1	0	1	1	1
test7447	the hotel was brilliant lovely room staff were really helpful	test	0	0	1	0	0	0	1	1
test7448	theymade my boyfriends birthday great weekend	test	0	0	0	0	0	0	0	0
test7449	our room was over looking the eiffel tower	test	0	0	0	0	0	0	1	0
test7451	strongly recommend this hotel	test	0	0	1	0	0	0	0	0
test7452	great design location and value	test	0	0	0	0	0	0	0	0
test7453	this stands out as one of my favourite hotels from numerous trips	test	0	0	0	0	0	0	0	0
test7454	very nice staff nice restaurant with decent beer selection	test	0	0	0	0	0	0	0	0
test7455	room upper floor had fabulous design and decor and was quiet	test	0	0	0	0	0	0	0	0
test7456	location was good in mitte about minute walk to the subway	test	0	0	0	0	0	0	0	0
test7457	novotel has become one of my favourite hotels consistently good value good locations and design	test	0	0	0	0	0	0	0	0
test7459	this really is nice hotel with great views	test	0	0	1	0	0	0	0	0
test7460	the rooms are well appointed	test	0	0	0	0	0	0	1	0
test7461	restaurants are good	test	1	0	0	0	0	0	0	0
test7462	morton steakhouse is must though tad expensive	test	0	0	0	0	0	0	0	0
test7463	three cheers for the ramada have travelled to amsterdam many times but this is the best value for money hotel in it class bar none	test	0	0	1	0	0	0	0	0
test7464	my room was imaculate with comfy bed and was well designed with cool bathroom and deep bath	test	0	0	0	0	0	1	1	0
test7465	the location cannot really be improved upon as it is mere min	test	0	0	0	1	0	0	0	0
test7466	walk to central station and even backs onto little known red light area for some late night action	test	0	0	0	0	0	0	0	0
test7467	the only downsides are the lack of air con and fridge but hey you do get fan and fridge is not essential really	test	0	0	0	0	0	1	0	0
test7468	all for about per night have paid considerably more for lot less get it booked	test	0	0	1	0	0	0	0	0
test7469	most inaccessible hotel of the world	test	0	0	0	0	0	0	0	0
test7470	this is an example of poorly planned new hotel tower on top of an old department store	test	0	0	0	0	0	0	0	0
test7471	to get to your room requires different elevators and hike across the lobby	test	0	0	0	0	0	0	0	0
test7472	pity of you arrive by car no parking no car dropoff no taxis either at most times getting luggage in and out of the place is next to impossible	test	0	0	0	0	0	0	0	0
test7473	the restaurant is way undersized and gets overrun during peak periods better use one of the local coffee shops also less	test	0	0	0	0	0	0	0	0
test7474	great room good location	test	0	0	0	0	0	0	0	0
test7475	we stayed here and would recommend	test	0	0	0	0	0	0	0	0
test7476	this hotel has ultra modern interior which we liked	test	0	0	0	0	0	0	0	0
test7477	check in was ok as we had an upgrade to suite which was nice surprise it was fantastic room actually it was more like an apartment it was that big	test	0	0	0	0	0	0	0	0
test7478	the room had been cleaned to high standard and the bed was really comfy	test	0	0	0	0	0	0	0	0
test7479	loads of nice restaurants and bars nearby too	test	0	0	0	0	0	0	0	0
test7480	excellent boutique hotel we selected the hotel elysee for our year anniversary	test	0	0	0	0	0	0	0	0
test7481	we have stayed at other upscale hotels in the city but liked the warmth and the intimacy of this property	test	0	0	0	0	0	0	0	0
test7482	the staff was very gracious and welcoming	test	0	0	0	0	0	0	0	0
test7483	the only minor difficulty was getting taxi for dinner	test	0	0	0	0	0	0	0	0
test7484	leave extra time for the bellman to hail you one we will definately return to this hotel	test	0	0	0	0	0	0	0	0
test7485	room is room	test	0	0	0	0	0	0	0	0
test7486	this is great place to stay as long as you don plan on being in your room the whole time the rooms are small but nicely furnished and the bathrooms are clean	test	0	0	0	0	0	0	0	0
test7487	the location is ok close to sentosa access but little further from other attractions such as chinatown and city centre but these are very easily reached by the mrt	test	0	0	0	0	0	0	0	0
test7488	if you are planning holiday where you stay in your room spring for place with bigger rooms	test	0	0	0	0	0	0	0	0
test7489	great place to spend the night if only have quick stop over and money is important	test	0	0	0	0	0	0	0	0
test7490	good value good location near victoria station resturants and bus lines	test	0	0	1	1	0	0	0	0
test7491	liked the full breakfast that came with the room	test	0	1	0	0	0	0	0	0
test7492	also the free computer station to get internet was nice	test	1	0	0	0	0	0	0	0
test7493	very friendly helpful staff	test	0	0	0	0	0	0	0	1
test7494	the room was small but didn spend much time in it and it was quiet	test	0	0	0	0	0	0	1	0
test7495	uldn ask for more	test	0	0	0	0	0	0	0	0
test7496	excellent value at london prices for luxury stay	test	0	0	1	0	0	0	0	0
test7497	initially disappointed having failed to barter full english breakfast into the price of saying but	test	0	0	0	0	0	0	0	0
test7498	couldn鈥檛 have been more impressed with the quality service and above all else the continental breakfast included in the price	test	0	1	0	0	0	0	0	1
test7499	awesome	test	0	0	0	0	0	0	0	0
test7500	lovely hotel fantastic hotel rooms to very high standard	test	0	0	0	0	0	0	0	0
test7501	staff were very professional and attentive	test	0	0	0	0	0	0	0	0
test7502	breakfast buffet lovely	test	0	0	0	0	0	0	0	0
test7503	there are some good restaurants very near by including an excellent vegan restaurant	test	0	0	0	0	0	0	0	0
test7504	also very close by is the beverly shopping center	test	0	0	0	0	0	0	0	0
test7506	this hotel is fantastic for the price and location	test	0	0	0	0	0	0	0	0
test7507	beautiful rooms excellent service and staff would highly recommend this hotel to anyone	test	0	0	0	0	0	0	0	0
test7508	free internet in the rooms had wonderful time	test	0	0	0	0	0	0	0	0
test7509	wuld definately stay there agai	test	0	0	0	0	0	0	0	0
test7510	aloha just returned from week long stay the resortquest pacific monarch in honolulu	test	0	0	0	0	0	0	0	0
test7511	nice place close to the ocean beach	test	0	0	1	1	0	0	0	0
test7512	friendly staff clean rooms good price	test	0	0	0	0	0	0	1	1
test7513	second stay here	test	0	0	0	0	0	0	0	0
test7514	shop around if found better price for condo would try different place as long as it had good reviews when return to hawaii next trip	test	0	0	0	0	0	0	0	0
test7515	pierre was perfect	test	0	0	0	0	0	0	0	0
test7516	my boyfriend	test	0	0	0	0	0	0	0	0
test7517	and had great stay at the hotel pierre	test	0	0	0	0	0	0	0	0
test7518	we were originally booked in to stay at the strozzi palace hotel but the bathrooms there had flooded so they kindly transferred us to the pierre for the same price	test	0	0	0	0	0	0	0	0
test7519	if you re looking for hotel in really good central location with luxurious feel to it and friendly service would say this is the one if you can afford their prices	test	0	0	0	0	0	0	0	0
test7520	great value for money and one stop from hollywood myself and three of my friends stayed at this hotel as part of miniature californian tour	test	0	0	0	0	0	0	0	0
test7521	it was clean the staff were friendly and did not notice any noise from the motorway	test	0	0	0	0	0	0	0	0
test7522	the reason chose this hotel was its relatively close proximity to hollywood	test	0	0	0	0	0	0	0	0
test7523	there is five minute walk to the subway rail station and then one stop	test	0	0	0	0	0	0	0	0
test7524	and you walk out right at the chinese theatre this was perfect for us as we went out clubbing at the tropicana and the roosevelt hotel	test	0	0	0	0	0	0	0	0
test7525	overall this hotel provides clean accomodation and serves perfectly as base for those who wish to go out drinking in hollywood	test	0	0	0	0	0	0	0	0
test7526	perfect july	test	0	0	0	0	0	0	0	0
test7527	steal for venezia includes gondola traffic oye singers and musicians on the boats just open your window	test	0	0	0	0	0	0	0	0
test7528	top service used the kitchen to save small fortune on breakfast and supper thus we could splurge on lunch	test	0	0	0	0	0	0	1	1
test7529	two people three courses and mezzo of vino is often well over euros	test	0	0	0	0	0	0	0	0
test7530	learn to shop and stock the little fridge	test	0	0	0	0	0	1	0	0
test7531	absolutely would stay here again	test	0	0	1	0	0	0	0	0
test7532	this was our oasis we stayed at this hotel from until and found it perfect	test	0	0	0	0	0	0	0	0
test7533	la is very lively city with lots of traffic and it was nice to get back to this hotel after each hectic day	test	0	0	0	0	0	0	0	0
test7534	the staff is very courteous the rooms wer clean the bed comfortable and the neighborhood very quiet and at walking distanceto rodeo drive	test	0	0	0	0	0	0	0	0
test7535	if we go back tola we will definitely go back to this wnderful hotel	test	0	0	0	0	0	0	0	0
test7536	we felt at home at this hotel	test	0	0	0	0	0	0	0	0
test7538	great hotel in fantastic location right next to checkpoint charlie	test	0	0	1	1	0	0	0	0
test7539	received free room upgrade to maisonette on the th floor with balcony overlooking the street very nice excellent varied breakfast extremely pleasant staff and good overall level of service	test	0	1	0	0	0	0	1	1
test7540	one criticism was visiting berlin with work and so needed internet access in my room	test	0	0	0	0	0	0	0	0
test7541	unfortunately the wireless signal was very weak and kept loosing the connection	test	0	0	0	0	0	1	0	0
test7542	other than that have nothing but praise for this very comfortable hotel	test	0	0	1	0	0	0	0	0
test7543	dexter ave holiday inn yuck	test	0	0	0	0	0	0	0	0
test7544	located near the space needle but not in an area was comfortable walking in	test	0	0	0	0	0	0	0	0
test7545	our room had strange odor the carpet was covered in stains tv was fuzzy couldn get the game system to work	test	0	0	0	0	0	0	0	0
test7546	food in the restaurant was passable though the wait staff was very pleasant	test	0	0	0	0	0	0	0	0
test7547	no tourist information available anywhere	test	0	0	0	0	0	0	0	0
test7548	not place to go if you re looking for weekend away	test	0	0	0	0	0	0	0	0
test7549	safer than expected having read some reviews of this hotel we as pensioners were rather apprehensive about tales of dodgy characters and threatening transients in the vicinity of the hotel	test	0	0	1	0	0	0	0	0
test7550	however we have just returned from days at the della natione and at no time did we feel unsafe or threatened we also found the duomo to be minute walk away not	test	0	0	1	1	0	0	0	0
test7551	and we are in our	test	0	0	0	0	0	0	0	0
test7552	the hotel was comfortable we had quiet room which was cleaned regularly together with the bathroom and although the breakfast was continental	test	0	1	1	0	0	0	1	0
test7553	it was more than adequate with supplies of foods being constantly replenished	test	0	1	0	0	0	0	0	0
test7554	the staff were friendly and helpful and pre booked tickets for us when required	test	0	0	0	0	0	0	0	1
test7555	real paradise	test	0	0	0	0	0	0	0	0
test7556	we just returned from two weeks vacation at grand paradise bavaro	test	0	0	0	0	0	0	0	0
test7557	and we ll like to recommend everybody who wants great time to choose this resort	test	0	0	1	0	0	0	0	0
test7558	no complains everything was perfect nice people great entertainment	test	0	0	1	0	0	0	0	1
test7559	all of you who we ll go there enjoy every moment	test	0	0	0	0	0	0	0	0
test7560	left hand doesn know what right is doing desk clerks were not helpful as they should of been in getting the type of room we had booked month in advance	test	0	0	0	0	0	0	0	0
test7561	the maids and baggage handlers were very courteous and helpful	test	0	0	0	0	0	0	0	0
test7562	ricky was the only desk clerk who seemed to know what he was doing	test	0	0	0	0	0	0	0	0
test7563	the pool was closed the three nights we were there with promises that it would open very soon	test	0	0	0	0	0	0	0	0
test7564	double room which we did not book was much nicer than the two queen bed room we did book	test	0	0	0	0	0	0	0	0
test7565	good choice we stayed in this hotel when we travelled to frankfurt to watch the world cup	test	0	0	1	0	0	0	0	0
test7566	the hotel is in good central location	test	0	0	0	1	0	0	0	0
test7567	it is close to the main shopping district and about minutes walk away from the main square and the main restaurants area	test	0	0	0	1	0	0	0	0
test7568	there are plenty of nice little restaurants right next to the hotel though	test	0	0	0	1	0	0	0	0
test7569	this is very much business hotel with clean sophisticated reception area very professional staff and good sized modern rooms and bathrooms	test	1	0	1	0	0	0	1	1
test7570	we booked well in advance on the hotel website and were able to get the room for very cheap rate especially considering this is four star hotel and the city was hosting the world cup	test	0	0	1	0	0	0	1	0
test7571	loved the hotel stayed at small single room without bath toilet	test	0	0	0	0	0	0	0	0
test7572	even though had to share bathroom it was very clean and always available because it was shared only between me and person staying at the next single room	test	0	0	0	0	0	0	0	0
test7573	the hotel staff were very helpful and charming	test	0	0	0	0	0	0	0	0
test7574	location was good too	test	0	0	0	0	0	0	0	0
test7575	it was close enough to walk from tube bus stops and victoria station	test	0	0	0	0	0	0	0	0
test7576	do recommend this hotel to everyone	test	0	0	0	0	0	0	0	0
test7577	rare gem of hotel	test	0	0	1	0	0	0	0	0
test7578	this hotel is rare gem in pacific heights	test	0	0	1	0	0	0	0	0
test7579	the hotel staff were genuinuely helpful and made the stay wonderful	test	0	0	0	0	0	0	0	1
test7580	the hotel resembles home with elegance and upscale amenities	test	1	0	1	0	0	0	0	0
test7581	an excellent choice for those who may want romance and picturesque views of san francisco	test	0	0	1	0	0	0	0	0
test7582	great hotel but noisy and location bit off great hotel cool rooms and great service	test	0	0	1	1	0	0	1	1
test7583	staff was relaxed and very nice to deal with	test	0	0	0	0	0	0	0	1
test7584	ask for corner room as they are slightly larger	test	0	0	0	0	0	0	1	0
test7585	rooms facing the street slightly noisy in the morning rush	test	0	0	0	0	0	0	1	0
test7586	breakfast buffe not that good and location bit off perhaps	test	0	1	0	1	0	0	0	0
test7587	taxis are cheap and easy to come by though so did not matter much	test	0	0	0	0	0	0	0	0
test7588	the room couldnt have been more comfortable we stayed here for quick lay over before we drove up to orlando	test	0	0	0	0	0	0	1	0
test7589	we thuroughly enjoyed our time at the hotel	test	0	0	1	0	0	0	0	0
test7590	while we did not use many of the ammenities pool breakfast etc we were very satisfied with the service we did recieve	test	0	0	0	0	0	0	0	1
test7591	the room service staff were excellent very polite and friendly and prompt	test	0	0	0	0	0	0	0	1
test7592	this was the perfect relaxation day getaway we needed and still relatively close to the dolphin mall and south beach would definitely reccommend the hotel	test	0	0	1	1	0	0	0	0
test7593	gem in madrid stayed at this hotel in november with my son and husband	test	0	0	1	0	0	0	0	0
test7594	we chose the hotel after reading the reviews on trip advisor and were not disappointed	test	0	0	1	0	0	0	0	0
test7595	it is beautiful hotel brilliantly situated for all the tourist places	test	0	0	1	1	0	0	0	0
test7596	our room was large with good view and well decorated	test	0	0	0	0	0	0	1	0
test7597	the staff were very helpful and the breakfast was good	test	0	1	0	0	0	0	0	1
test7598	above all we were impressed by the roof top bar which serves free tea and coffee and was fantastic place to watch the sun go down	test	1	0	0	0	0	0	0	0
test7599	great start to the honeymoon	test	0	0	0	0	0	0	0	0
test7600	my wife and stayed at the sofitel for nights in august as the activity part of our honeymoon we booked it soley as result of its previous number position on trip advisor	test	0	0	0	0	0	0	0	0
test7601	the hotel is super rooms were great staff were friendly but the location was just fantastic as we managed to walk most places times square macy rockerfeller empire state	test	0	0	1	1	0	0	1	1
test7602	and it was easy to get the metro from times square for other attractions staten island brooklyn bridge	test	0	0	0	1	0	0	0	0
test7603	we ate breakfast every morning at the red flame diner just down the road which was fab	test	0	0	0	0	0	0	0	0
test7604	the hotel provided us with free bottle of sparkling wine on arrival when we mentioned it was our honeymoon which was nice touch the staff really were wonderful	test	0	1	0	0	0	0	0	1
test7605	fantastic recently stayed at the luna simone hotel after treating my wife to go and see billy elliot in victoria	test	0	0	1	0	0	0	0	0
test7606	we found this hotel to be extremly clean cosy and would definately stay at this location again	test	0	0	1	1	0	0	0	0
test7607	we have had some bad experiences in the past and now due to tripadvisor have found this magnificant hotel	test	0	0	1	0	0	0	0	0
test7608	do not hesistate to stay at the luna simone hotel	test	0	0	1	0	0	0	0	0
test7610	just returned from five night stay at the beacon and couldn have been happier	test	0	0	1	0	0	0	0	0
test7611	perfect location quiet nights and the convenience of the market across the street made our vacation great	test	0	0	0	1	0	0	0	0
test7612	subway is short walk down the street natural history museum couple blocks away as well as central park	test	0	0	0	0	0	0	0	0
test7613	the front desk and concierge were especially helpful and very friendly	test	0	0	0	0	0	0	0	1
test7614	highly recommend this hotel	test	0	0	1	0	0	0	0	0
test7615	disappointing	test	0	0	0	0	0	0	0	0
test7616	we stayed at the millennium hotel our last night in boston	test	0	0	0	0	0	0	0	0
test7617	the location is great but the hotel was disappointment	test	0	0	1	1	0	0	0	0
test7618	our non smoking floor smelled of cigar smoke the room was small and dingy with stains on the carpet the bed and pillows were uncomfortable and the hotel certainly needs some remodeling	test	0	0	1	0	0	1	1	0
test7619	would have expected this from an older hotel outside the city but not for the high price we paid	test	0	0	1	0	0	0	0	0
test7620	we won be back	test	0	0	1	0	0	0	0	0
test7621	absolutely superb karl and pat stoke on trent england just returned from two weeks at ocean sands lets start with only bad points of entire experience travelled with first choice check in at return airport horrendous stood in queue for hour with no help or guidance from any first choice reps only other gripe not enough shade around pool areas this is our third trip to the dom rep and far and away the best hotel food beach service and rooms	test	0	0	0	0	0	0	0	0
test7622	excellent must make special mention to the lads in mikes coffee shopand alexander in the lobby bar hour smiles and entertainment from of all the staff from maids to management some of the negative comments on this site	test	0	0	0	0	0	0	0	0
test7623	wonder if these people stayed at the same hotel the royals	test	0	0	0	0	0	0	0	0
test7624	simple no thank you in most cases is enough food in the buffet	test	0	0	0	0	0	0	0	0
test7625	was superb service little slow at busy times especially at weekends when locals and some americans arrive for short stay all in all would recommend to anyone and would certainly have no hesitation in going back	test	0	0	0	0	0	0	0	0
test7626	family bavaro summary beach鈥 great pool area is really loud during the afternoon with star friendsroom鈥 decent size no jacuzzi hard bed and pillows鈥 views were terrible balconies face each other instead of the ocean sent an email requesting nd floor renovated room king near the beach if possible hotel鈥 cater to families so many kids鈥 service always smiling鈥 lots of flamingos ducks swans and peacocks	test	1	0	1	0	0	1	1	1
test7627	scenery lush and tropical great for strolling around	test	0	0	0	0	0	0	0	0
test7628	they have sitting areas tucked away鈥 bavaro is comprised of small villas with rooms per villa on top on the bottom food鈥 same food selections every day but theme at dinner like oriental or tropical etc鈥 reservation lines鈥 japanese and steak good and the desserts were impressive鈥 cajun quiet and romantic amazing food	test	0	0	0	0	0	0	0	0
test7629	bavaro have access to restaurants your selection can check back every day for cancellations鈥 ice cream stand by the pool鈥 gourmet adults only restaurant lobster salad beef tenderloin鈥 drinks included at the disco and casino liqueurs and beers good but not top shelf	test	0	0	0	0	0	0	0	0
test7630	only the lobby bar serves top shelfgeneral鈥 min from airportrelax and you will have great tim	test	0	0	0	0	0	0	0	0
test7631	fantastic paris experience	test	0	0	0	0	0	0	0	0
test7632	my husband and stayed here after choosing the hotel based on other reviews we weren disappointed	test	0	0	1	0	0	0	0	0
test7633	it is lovely hotel with good sized rooms very comfortable the staff are extremely friendly and the location is great	test	0	0	1	1	0	0	1	1
test7634	would highly recommend adding this hotel to your paris stay	test	0	0	1	0	0	0	0	0
test7635	only hiccup was the lighting in the corner great for setting the mood but slightly dark when searching your suitcase for something	test	0	0	0	0	0	0	1	0
test7636	in the club very good clean and centrally located hotel in the financial centre of the city	test	0	0	0	0	0	0	0	0
test7637	easy to get to the local tourist sites	test	0	0	0	0	0	0	0	0
test7638	can recommend this hotel to anyone looking for central location to stay	test	0	0	0	0	0	0	0	0
test7639	easy to get to and from the airport from the state station	test	0	0	0	0	0	0	0	0
test7640	internet access is available in the lounge for free	test	0	0	0	0	0	0	0	0
test7641	great property and location	test	0	0	0	0	0	0	0	0
test7642	spent labor day weekend at the and loved it	test	0	0	0	0	0	0	0	0
test7643	great staff very nice room and property	test	0	0	0	0	0	0	0	0
test7644	we had to leave early due to hurricane gustav and the staff and management were very helpful	test	0	0	0	0	0	0	0	0
test7645	would highly suggest the hotel and plan on staying here again	test	0	0	0	0	0	0	0	0
test7646	avoid it	test	0	0	1	0	0	0	0	0
test7647	don stay	test	0	0	1	0	0	0	0	0
test7648	here staff are rude and nonchalant rooms are like prison cells cold and full of strange odours food is limited and extremely over priced trying to get cab to airport is virtually impossible and to be frank	test	0	1	0	0	0	0	1	1
test7649	it possibly easier to walk if	test	0	0	0	0	0	0	0	0
test7650	you have the option would suggest buying sleeping bag and spending the night in the terminal	test	0	0	0	0	0	0	0	0
test7651	watch out for the extras	test	0	0	0	0	0	0	0	0
test7652	stayed at the four season mexico city on wednesday in late febuary	test	0	0	0	0	0	0	0	0
test7653	overall the service was excellent and the lobby and courtyard areas are attractive	test	1	0	0	0	0	0	0	1
test7654	my room had two huge flat screen tvs and view of reforma but beyond that the furniture was nothing special for hotel of this caliber	test	0	0	0	0	0	1	1	0
test7655	also while expect to pay more for room service internet access and hotel cars in more expense hotel like the four seasons the prices seemed bit excessive for room service dinner of one beer one bowl of soup and sandwich and for wireless internet access	test	1	0	1	0	0	0	0	0
test7656	hated the water club	test	0	0	1	0	0	0	0	0
test7657	while size small and location directly at beach near old san juan suited us well the overall experience was terrible	test	0	0	1	1	0	0	0	0
test7658	while many very cool design features were distinctive	test	0	0	1	0	0	0	0	0
test7659	the negatives far outweighed these very small room very loud street noises and blaring music from rooftop bar until wee hours of beat up old furniture and inferior sushi and tiny pool and pretentious eating area at pool that requires you buy bottle of liquor in order to use large sofa like banquette seating	test	1	0	0	0	0	1	1	0
test7660	in all fairness beds did provide lovely ocean view and staff were sincere and very helpful	test	0	0	0	0	0	1	0	1
test7661	not enough reason to ever go back	test	0	0	1	0	0	0	0	0
test7662	there are better options than this tired outdated hotel	test	0	0	1	0	0	0	0	0
test7663	give it two circles instead of only because of its location next to the hynes convention center and prudential center	test	0	0	0	1	0	0	0	0
test7664	we paid per night convention rate for cramped room with low ceilings outdated furnishings and paint peeling from the ceiling	test	0	0	0	0	0	1	1	0
test7665	the hotel is not friendly to families with young children and charges extra for items included in lower priced chains extra fee to use the fitness center and pool along with internet	test	1	0	1	0	0	0	0	0
test7666	if you want nice room in the back bay try the lenox	test	0	0	0	0	0	0	0	0
test7667	it was very good when melia owned it	test	0	0	1	0	0	0	0	0
test7668	when we were their in the food service poeple were great	test	0	1	0	0	0	0	0	1
test7669	its had to beleive that the place has been getting such bad reviews	test	0	0	0	0	0	0	0	0
test7670	my wife and would like to return but have read just to many bad reviews to take the chance	test	0	0	0	0	0	0	0	0
test7671	hope this can turn itself around	test	0	0	0	0	0	0	0	0
test7672	also have noticed that applevacations does not cover this resport any more bill	test	0	0	0	0	0	0	0	0
test7673	great location and value we spent week here	test	0	0	0	0	0	0	0	0
test7674	were completely satisfied	test	0	0	0	0	0	0	0	0
test7675	past reviews told of slow elevators tired rooms but we found none of this to be true	test	0	0	0	0	0	0	0	0
test7676	we booked hotel flight package were pleasantly surprised with location friendliness of staff price value atmosphere	test	0	0	0	0	0	0	0	0
test7677	we will most likely be back	test	0	0	0	0	0	0	0	0
test7678	loved the hotel staff and location	test	0	0	1	1	0	0	0	1
test7679	the airport bus stop from the airport dropped us close to the hotel from placa espanya situated on very quiet back street but close to two metro stations the best way to get around upon arrival we had to get the paperwork out to check that there had not been mistake on the price as it far exceeded our expectations	test	0	0	1	1	0	0	0	0
test7680	we used three day metro ticket to travel around it was so easy and the hotel gave us advice and map	test	0	0	1	0	0	0	0	0
test7681	we were very close to the magic fountains the tourist bus stops and crue coberta shopping street	test	0	0	0	1	0	0	0	0
test7682	the only negative was the lack of places to eat and drink but we did find an asian restaurant with no english spoken and had great buffet meal better that we had in the port at fraction of the price as it was where the locals ate from the hotel	test	0	0	0	1	0	0	0	0
test7683	the room was great with large bed decent bathroom and cheap mini bar	test	1	0	0	0	0	1	1	0
test7684	perfect location location location location	test	0	0	0	1	0	0	0	0
test7685	my husband and stayed for three nights at this property and thoroughly enjoyed our stay	test	0	0	1	0	0	0	0	0
test7686	the best part of this hotel is the proximity to transportation theatre and restaurants	test	0	0	0	1	0	0	0	0
test7687	staff was very helpful room was clean with great view of the city and toronto islands from our th floor room	test	0	0	0	0	0	0	1	1
test7688	would recommend for anyone coming to toronto for business or pleasure	test	0	0	1	0	0	0	0	0
test7689	perfect end of summer break great hotel really good service from the staff	test	0	0	0	0	0	0	0	0
test7690	loved the outside pool and the breakfast buffet was plentiful	test	0	0	0	0	0	0	0	0
test7691	small ish rooms but good sized bathroom and who on earth is going to do spend time in the hotel room in barcelona	test	0	0	0	0	0	0	0	0
test7692	so much to do	test	0	0	0	0	0	0	0	0
test7693	will definitely use this hotel again saves all that trawling round the internet	test	0	0	0	0	0	0	0	0
test7694	ideal base for night	test	0	0	0	0	0	0	0	0
test7695	only stayed the one night as part of the extension to our minicruise and thought it was quite an alright hotel considering it wasn too expensive	test	0	0	0	0	0	0	0	0
test7696	location was good but little hard to find	test	0	0	0	0	0	0	0	0
test7697	breakfast was continental style was quite average	test	0	0	0	0	0	0	0	0
test7698	would return to the hotel again	test	0	0	0	0	0	0	0	0
test7699	highly recommended don understand how this hotel could get any bad reviews	test	0	0	0	0	0	0	0	0
test7700	my girlfriend and stayed here from march and found everything more than satisfactory	test	0	0	0	0	0	0	0	0
test7701	it has great location great price friendly service and good breakfast	test	0	0	0	0	0	0	0	0
test7702	we didn have any problems with making reservations or having clean rooms as was reported by other reviewers	test	0	0	0	0	0	0	0	0
test7703	the only complaint can think of it was my understanding that parking was included but we had to pay night instead	test	0	0	0	0	0	0	0	0
test7704	this was still cheaper than any public parking in the area or compared to other hotels in the area	test	0	0	0	0	0	0	0	0
test7706	this is the second time my wife and have stayed at the hotel and we would live there if we could	test	0	0	0	0	0	0	0	0
test7707	the location is fabulous and the owners are extremely helpful friendly and informative	test	0	0	0	0	0	0	0	0
test7708	very reasonably priced when doing comparisons of many other hotels in this inspirational city	test	0	0	0	0	0	0	0	0
test7709	chris faye louis	test	0	0	0	0	0	0	0	0
test7710	good location just back from weekend in london where we stayed in the luna and simone hotel	test	0	0	0	1	0	0	0	0
test7711	this is lovely family run hotel just few minutes walk from victoria station	test	0	0	1	1	0	0	0	0
test7712	the staff were extremely friendly and offered loads of helpfull advice on various tours etc	test	0	0	0	0	0	0	0	1
test7713	the hotel was spotlessly clean and we couldn have looked for nicer accomadation in an area that we felt safe walking in both day and night there are some lovely pubs and restaurants within walking distance	test	0	0	1	1	0	0	0	0
test7714	we will definitely stay here again on our next visit to london	test	0	0	1	0	0	0	0	0
test7715	mfortable friendly my stay in aqua aloha surf was super	test	0	0	1	0	0	0	0	0
test7716	love the staff especially the housekeepers	test	0	0	0	0	0	0	0	1
test7717	they made my stay very comfortable	test	0	0	0	0	0	0	0	1
test7718	would surely recommend to my friends	test	0	0	1	0	0	0	0	0
test7720	thank you aloha surf	test	0	0	1	0	0	0	0	0
test7721	good place	test	0	0	0	0	0	0	0	0
test7722	my trip had been horrible until this point but the room was great oasis from day of delays	test	0	0	0	0	0	0	0	0
test7723	the bar downstairs also had good food although the service was not quite as up to par pretty slow for the small amount of people that were there	test	0	0	0	0	0	0	0	0
test7724	the shuttle bus was the key	test	0	0	0	0	0	0	0	0
test7725	they run all night	test	0	0	0	0	0	0	0	0
test7726	luxury like experience at an affordable price boutique like service at name brand chain	test	0	0	0	0	0	0	0	0
test7727	the westin times square was great lodging experience for me	test	0	0	0	0	0	0	0	0
test7728	check in was breeze and was happy to find that they upgraded my room for me based on first time comment that left on my reservation	test	0	0	0	0	0	0	0	0
test7729	hotel is very clean and at fantastic location	test	0	0	0	0	0	0	0	0
test7730	honestly don know what else could recommend in manhattan unless you are looking for more of party scene gansevoort or even more luxury lowes regency morgans group etc	test	0	0	0	0	0	0	0	0
test7731	honestly for price to experience ratio the weston gets in my book	test	0	0	0	0	0	0	0	0
test7732	about mar husa clean hotel with great location	test	0	0	1	1	0	0	0	0
test7733	my wife and stayed there for days in august and we were very satisfied	test	0	0	1	0	0	0	0	0
test7735	the bus and metro lines are very close and the beach was within walking distance	test	0	0	0	1	0	0	0	0
test7736	the only drawback would be if you were looking for nightlife as soon as you step out the front door	test	0	0	0	0	0	0	0	0
test7737	great hotel would recommend to anyone we stayed on the th floor at this hotel for nights in november and have to say it was excellent	test	0	0	0	0	0	0	0	0
test7738	the accom are apartments very modern and large	test	0	0	0	0	0	0	0	0
test7739	our apartment had large lounge area kitchen and dining area large bedroom with loads of wardrobe space modern large bathroom with shower and bath and there was washer and dryer in cupboard	test	0	0	0	0	0	0	0	0
test7740	the furniture and fittings were really lovely	test	0	0	0	0	0	0	0	0
test7741	the tower itself is close to darling harbour and was central for the shops ferries and buses	test	0	0	0	0	0	0	0	0
test7742	an ideal situation would definitely stay there again	test	0	0	0	0	0	0	0	0
test7743	good choice for business or pleasure	test	0	0	1	0	0	0	0	0
test7744	the hotel jazz is my hotel of choice whenever am in barcelona on business or pleasure	test	0	0	1	0	0	0	0	0
test7745	it is extremely convenient for the metro meters and an easy walk to las ramblas placa catalunya	test	0	0	0	1	0	0	0	0
test7746	etc but far enough out to be reasonably quiet	test	0	0	1	0	0	0	0	0
test7747	not quite sure why it is only as have stayed in worse star hotels	test	0	0	1	0	0	0	0	0
test7748	great location just come back from weekend away in amsterdam staying the hotel des arts	test	0	0	0	1	0	0	0	0
test7749	the hotel is clean but basic hotel no tea coffee facilities or hairdryers in the room the rooms were of decent size however our room was on the top floor accessed by very steep spiral staircase not good after few drinks	test	1	0	1	0	0	1	1	0
test7750	there are no lifts	test	1	0	0	0	0	0	0	0
test7751	its location however was brilliant right in the centre of the city just minute walk from the central station or minute tram ride which stops right outside the hotel with all attractions easily within walking distance	test	0	0	0	1	0	0	0	0
test7752	the staff were also extremely helpful	test	0	0	0	0	0	0	0	1
test7753	great weekend getaway flying down from colddd baltimore to miama and staying days at the sonesta was real pleasure	test	0	0	0	0	0	0	0	0
test7754	it is only block away from the heart of coconut grove very cool little town and across the street from nice park including skateboard park my son loved	test	0	0	0	0	0	0	0	0
test7755	the hotel th floor swimming pool has fantastic view of the bay as did our room	test	0	0	0	0	0	0	0	0
test7756	staff were very pleasant and helpful	test	0	0	0	0	0	0	0	0
test7757	smelly rooms no hot choc but cool view	test	0	0	0	0	0	0	1	0
test7758	good value but bit crap if you consider the smelly smokey rooms and the suspicious showers	test	0	0	0	0	0	1	1	0
test7759	the view from the room window is lovely though over the amstel very romantic sunsets and sunrise for breakfast there either coffee or tea	test	0	0	0	0	0	0	1	0
test7760	only personnally need some creamy hot chocolate to start the day	test	0	0	0	0	0	0	0	0
test7761	but there were none available only as an extra so had to pay euros extra on the euros all inclusive buffet breakfast watch out for the boozy brittish slags around the bar lounge they can be messy with their beer	test	1	1	0	0	0	0	0	0
test7763	we rented rooms through orbitz at and per night and it was absolutely the worst value for the money have ever experienced	test	0	0	0	0	0	0	1	0
test7764	the rooms were the smallest have ever seen with sealed windows loud air conditioning amenities loosely used from the and room keys that did not work	test	0	0	0	0	0	1	1	0
test7765	we fortunately stayed only night and moved to much nicer location for the rest or our week	test	0	0	0	0	0	0	0	0
test7766	would not advise my worst enemy to stay here	test	0	0	1	0	0	0	0	0
test7767	loved the millenium biltmore	test	0	0	0	0	0	0	0	0
test7769	my husband and booked here after realizing the cost was so great for what you get	test	0	0	0	0	0	0	0	0
test7770	there is so much nostalgia and ambiance here	test	0	0	0	0	0	0	0	0
test7771	they have quaint little jazz bar with great service and the only true dissappointment was the parking fee but it is downtown la	test	0	0	0	0	0	0	0	0
test7772	four thumbs	test	0	0	0	0	0	0	0	0
test7773	down	test	0	0	0	0	0	0	0	0
test7774	unless	test	0	0	0	0	0	0	0	0
test7775	one of two lobby bars	test	0	0	0	0	0	0	0	0
test7777	my wife and have been fortunate to stay at many wonderful hotels around the world and it hard to imagine one any better	test	0	0	0	0	0	0	0	0
test7778	the service friendliness and amenities are impeccable	test	0	0	0	0	0	0	0	0
test7779	would heartily recommend you stay here if you get the chance	test	0	0	0	0	0	0	0	0
test7780	good hotel good location stayed at principal days in november in big room in the not renewed section	test	0	0	1	1	0	0	1	0
test7781	second floor with nice balcony to the street	test	0	0	0	0	0	0	1	0
test7782	we think this hotel gives value for money and is above average in its class	test	0	0	1	0	0	0	0	0
test7783	it has friendly professional staff in every function important to guests reception breakfast and cleaning	test	0	0	0	0	0	0	0	1
test7784	we appreciated very much living close to the gothic quarter and rambla	test	0	0	0	1	0	0	0	0
test7785	hotel principal will be our choice next time we visit barcelona	test	0	0	1	0	0	0	0	0
test7786	wonderful hotel wonderful country wonderful people excellent hotel	test	0	0	1	0	0	0	0	1
test7787	very nice beach and lovely rooms pools and hotel grounds stayed nov and had great time	test	1	0	0	0	0	0	1	0
test7788	this is true star hotel	test	0	0	1	0	0	0	0	0
test7789	punta cana is very nice place to visit	test	0	0	0	0	0	0	0	0
test7790	was in puerto plata as well and on both trips to the dominican republic	test	0	0	0	0	0	0	0	0
test7791	was totally impressed by how friendly the people are recommend the dominican republic to everyone you know it is much better then jamaica and even better then mexico	test	0	0	0	0	0	0	0	0
test7792	wonderful stay was here for one night before flying out from long cold wet trip	test	0	0	1	0	0	0	0	0
test7793	comfortable clean rooms	test	0	0	0	0	0	0	1	0
test7794	decent location and was close to the airport	test	0	0	0	1	0	0	0	0
test7795	would definately stay again	test	0	0	1	0	0	0	0	0
test7796	good value great location stayed at the monticello over memorial day weekend	test	0	0	1	1	0	0	0	0
test7797	was genuinely surprised and pleased that the room we reserved turned out to be suite	test	0	0	0	0	0	0	1	0
test7798	wasn expecting that	test	0	0	0	0	0	0	0	1
test7799	staff was very friendly and helpful from replacing our mini bar when the key broke off in it to addressing plumbing issue with tempermental toliet to securing our bags after checking out while we toured the city on our last day in town to arranging for our shuttle ride to the airport	test	0	0	0	0	0	0	0	1
test7800	also very convienent to the cable car terminus and other public transportation	test	0	0	0	1	0	0	0	0
test7801	all in all good experience	test	0	0	1	0	0	0	0	0
test7802	very good and convenient	test	0	0	1	0	0	0	0	0
test7803	the hotel is situated in quiet area and extremely modern had twin bed although for single person so the room was generous	test	0	0	1	0	0	1	1	0
test7804	had internet facility	test	0	0	0	0	0	1	0	0
test7805	the hotel was nicely situated from the main avenida minutes walk away	test	0	0	0	1	0	0	0	0
test7808	this is truly an oasis in the middle of new york and only few yards from time square	test	0	0	0	0	0	0	0	0
test7809	the rooms and beds are little on the small side	test	0	0	0	0	0	0	0	0
test7810	otherwise great friendly hotel	test	0	0	0	0	0	0	0	0
test7811	no complaints whats so ever	test	0	0	0	0	0	0	0	0
test7812	wonderful we went to florence for short break	test	0	0	0	0	0	0	0	0
test7813	the hotel was really really really nice	test	0	0	1	0	0	0	0	0
test7814	very clean and the staff were all very attentive and extremely polite	test	0	0	1	0	0	0	0	1
test7815	the breakfasts were delicious and the happy hour of complimentary wine juice and snacks were brilliant	test	0	1	0	0	0	0	0	0
test7816	superbyly ran hotel with lovely personal touch we will definately be visting again very soon	test	0	0	1	0	0	0	0	0
test7818	great location superb service	test	0	0	0	1	0	0	0	1
test7819	great prices	test	0	0	1	0	0	0	0	0
test7820	fresh rooms hotel that shows the way	test	0	0	1	0	0	0	1	0
test7821	beautiful relaxing great service	test	0	0	0	0	0	0	0	1
test7822	loved the hotel flew into barcelona with my year old daughter and stayed here our first nights	test	0	0	1	0	0	0	0	0
test7823	after renting car and heading out on road trip of northern spain decided to book our last night here as well	test	0	0	0	0	0	0	0	0
test7824	my daughter was thrilled to be able to use the pool at the neighboring hotel that she could see from our window	test	0	0	0	0	0	0	0	0
test7825	that hotel was much busier and we were thankful that although our hotel was geared more towards business folks that we felt very comfortable	test	0	0	1	0	0	0	0	0
test7826	internet service is available on the bottom floor	test	1	0	0	0	0	0	0	0
test7827	fantastic great hotel that lives up to it star rating	test	0	0	0	0	0	0	0	0
test7828	service was excellent rooms great	test	0	0	0	0	0	0	0	0
test7829	it walk or taxi to get anywhere but public transport is not too far away	test	0	0	0	0	0	0	0	0
test7830	views are terrific	test	0	0	0	0	0	0	0	0
test7831	would recommend it anytime	test	0	0	0	0	0	0	0	0
test7832	lean and incredible staff	test	0	0	0	0	0	0	0	1
test7833	during my last trip to florence wanted to stay in the heart of the city	test	0	0	0	0	0	0	0	0
test7834	hotel globus close to the train station is perfect	test	0	0	0	1	0	0	0	0
